M0010;M0020;M0100;M0101;M0110;M0120;M0130;M0140;M0150;M0160;M0170;MM0150;MM0160;MM0170
5;52;2123285;M001;7.1063698084917;01;01;1;3;1;01;0;0;0
5;52;7468973;M001;4.2430600491832;01;01;1;2;1;17;0;0;0
5;52;2493584;M001;2.181650211401;01;01;1;2;1;13;0;0;0
5;52;7743236;M001;5.8659731865849;01;01;1;1;1;17;0;0;0
5;52;3347540;M001;6.510822476952;01;01;1;2;1;14;0;0;0
5;52;779326;M001;9.0228897805338;01;01;1;1;2;14;0;0;0
5;52;7485093;M001;6.727297987594;01;01;1;3;1;12;0;0;0
5;52;1794053;M001;9.2259431622477;08;01;2;3;1;14;0;0;0
5;52;1794053;M002;9.2259431622477;08;01;2;3;2;17;0;0;0
5;52;484654;M001;2.8321755475651;08;01;2;4;2;13;0;0;0
5;52;1209260;M001;3.5089548243765;08;01;2;2;1;14;0;0;0
5;52;1291202;M001;5.0845815484889;03;01;1;2;1;14;0;0;0
5;52;4289238;M001;2.6766950778027;01;01;1;3;1;17;0;0;0
5;52;4268033;M001;5.1752293499603;01;01;1;4;1;17;0;0;0
5;52;2178204;M001;4.8480760383374;01;01;1;4;2;14;0;0;0
5;52;2178204;M002;4.8480760383374;01;01;1;1;1;16;0;0;0
5;52;1702629;M001;4.2427436865231;01;01;1;2;2;07;0;0;0
5;52;991121;M001;6.5563139793059;01;01;1;3;1;15;0;0;0
5;52;112828;M001;4.6637637460137;01;01;1;3;1;13;0;0;0
5;52;845318;M001;6.510822476952;01;01;1;4;2;11;0;0;0
5;52;4022143;M001;4.489128023296;01;01;1;2;2;16;0;0;0
5;52;1653772;M001;3.7766720248472;01;01;1;2;2;17;0;0;0
5;52;2879287;M001;4.9081297528527;01;01;1;3;1;01;0;0;0
5;52;5813569;M001;5.9047693963211;01;01;1;1;2;14;0;0;0
5;52;6303848;M001;5.6798167580991;01;01;1;1;2;05;0;0;0
5;52;7161989;M001;7.1759782913828;01;01;1;3;1;11;0;0;0
5;52;1306589;M001;4.7155254814551;01;01;1;1;1;12;0;0;0
5;52;6403886;M001;7.5425062316693;01;01;1;1;2;13;0;0;0
5;52;1942432;M001;6.2685725883046;01;01;1;4;1;11;0;0;0
5;52;6736811;M001;3.4576239766116;01;01;1;3;1;17;0;0;0
5;52;6009290;M001;2.3247746602018;01;01;1;4;1;07;0;0;0
5;52;5175256;M001;2.5896268695933;01;01;1;2;2;13;0;0;0
5;52;7349251;M001;3.8634799795311;02;01;1;1;1;15;0;0;0
5;52;5083119;M001;4.7646655898209;02;01;1;3;2;15;0;0;0
5;52;3023207;M001;3.9409462041156;02;01;1;3;1;15;0;0;0
5;52;7187181;M001;8.2561825812408;01;01;1;2;2;13;0;0;0
5;52;1728010;M001;6.650723305733;01;01;1;1;1;12;0;0;0
5;52;1728010;M002;6.650723305733;01;01;1;1;1;12;0;0;0
5;52;5778183;M001;5.6064644639174;01;01;1;3;2;08;0;0;0
5;52;1128794;M001;2.9566416503192;01;01;1;4;1;06;0;0;0
5;52;4577773;M001;6.0178540654203;01;01;1;3;2;07;0;0;0
5;52;2950660;M001;5.7495944824538;03;01;1;2;1;17;0;0;1
5;52;6714982;M001;5.2772173563794;01;01;1;4;1;17;0;0;0
5;52;2285121;M001;5.0220368507701;01;01;1;2;1;17;0;0;0
5;52;5930502;M001;5.6087921023127;01;01;1;3;2;16;0;0;0
5;52;2108059;M001;5.9645129650907;01;01;1;1;1;13;0;0;0
5;52;2022945;M001;1.1305425209685;01;01;1;1;2;07;0;0;0
5;52;6156701;M001;5.0220368507701;02;01;1;3;1;17;0;0;0
5;52;5435118;M001;5.3200563345992;02;01;1;1;1;14;0;0;0
5;52;1720691;M001;7.0034204190029;02;01;1;3;2;04;0;0;0
5;52;7099718;M001;4.9854282830172;02;01;1;1;2;14;0;0;0
5;52;5314748;M001;10.4678203278469;02;01;1;2;1;05;0;0;0
5;52;1591970;M001;6.8328204071429;01;01;1;2;1;09;0;0;0
5;52;1111613;M001;5.2471369327944;01;01;1;2;2;16;0;0;0
5;52;6814218;M001;5.6794164551159;01;01;1;3;1;09;0;0;0
5;52;6814218;M002;5.6794164551159;01;01;1;4;1;09;0;0;0
5;52;6523164;M001;5.7063696689782;01;01;1;4;1;04;0;0;0
5;52;4459901;M001;3.1543100709331;01;01;1;1;1;08;0;0;0
5;52;5283709;M001;9.120085750845;01;01;1;3;1;16;0;0;0
5;52;4081556;M001;10.9369923509669;01;01;1;2;1;15;0;0;0
5;52;5442135;M001;20.0154468548589;01;01;1;3;2;13;0;0;0
5;52;1234872;M001;9.3405324823331;01;01;1;4;1;11;0;0;0
5;52;2858587;M001;6.2816418590363;01;01;1;4;2;17;0;0;0
5;52;3620390;M001;11.1293675622431;01;01;1;3;2;13;0;0;0
5;52;5419620;M001;10.1915052627334;01;01;1;1;2;13;0;0;0
5;52;579654;M001;10.2236958145373;01;01;1;1;2;17;0;0;0
5;52;6725462;M001;6.9621270050086;01;01;1;3;2;13;0;0;0
5;52;7315687;M001;15.3376020854092;01;01;1;4;1;06;0;0;0
5;52;4798646;M001;10.1271075666257;01;01;1;4;1;05;0;0;0
5;52;1198025;M001;12.511572502824;01;01;1;4;2;10;0;0;0
5;52;7558916;M001;11.8523933280656;01;01;1;2;1;17;0;0;0
5;52;4994580;M001;10.1224121217921;01;01;1;2;1;11;0;0;0
5;52;4432632;M001;11.350888740416;01;01;1;3;1;15;0;0;0
5;52;5506402;M001;9.8353400742958;08;01;2;1;1;17;0;0;0
5;52;5107191;M001;14.2842937511052;05;01;2;4;1;13;0;0;0
5;52;2323364;M001;9.963406844395;08;01;2;4;1;15;0;0;0
5;52;2798987;M001;10.8610072219863;08;01;2;4;1;15;0;0;0
5;52;3435362;M001;8.5548133529705;08;01;2;4;1;17;0;0;0
5;52;124154;M001;6.0480915630763;01;01;1;3;2;14;0;0;0
5;52;6421069;M001;8.4969460292328;01;01;1;1;1;11;0;0;0
5;52;3836428;M001;8.3186747127791;01;01;1;1;2;09;0;0;0
5;52;7083978;M001;8.374603666893;01;01;1;3;2;15;0;0;0
5;52;7208556;M001;8.2609547658409;01;01;1;2;1;08;0;0;0
5;52;5546557;M001;9.3235637616126;08;01;2;1;1;13;0;0;0
5;52;1220214;M001;9.457287785621;03;01;1;1;1;05;0;0;0
5;52;2664508;M001;12.9171603403659;08;01;2;4;1;11;0;0;0
5;52;4366614;M001;10.8910109061036;01;01;1;2;1;16;0;0;0
5;52;2031778;M001;14.6533810912474;01;01;1;4;1;10;0;0;0
5;52;3343607;M001;8.5576601671377;01;01;1;2;1;17;0;0;0
5;52;1264929;M001;8.4306240816786;01;01;1;3;2;13;0;0;0
5;52;7748509;M001;9.3061367504394;01;01;1;2;2;12;0;0;0
5;52;4798918;M001;10.8697696336101;01;01;1;1;1;08;0;0;0
5;52;7423550;M001;9.137597409098;01;01;1;2;2;17;0;0;0
5;52;2615395;M001;8.6250304023933;01;01;1;3;1;10;0;0;0
5;52;4595635;M001;8.9745663494586;01;01;1;2;1;13;0;0;0
5;52;458042;M001;7.4697236733429;01;01;1;4;1;14;0;0;0
5;52;4511303;M001;10.9345216758491;01;01;1;3;1;17;0;0;0
5;52;1976112;M001;11.7333891118003;01;01;1;1;1;10;0;0;0
5;52;2926688;M001;12.4324411291002;01;01;1;1;1;12;0;0;0
5;52;6575761;M001;10.7710897714277;01;01;1;2;2;17;0;0;0
5;52;189653;M001;10.4749471653917;01;01;1;1;1;17;0;0;0
5;52;189653;M002;10.4749471653917;01;01;1;1;2;13;0;0;0
5;52;1280588;M001;9.031496070187;01;01;1;2;1;14;0;0;0
5;52;2221501;M001;9.3061367504394;01;01;1;1;2;15;0;0;0
5;52;1073945;M001;11.7741409593516;01;01;1;1;2;14;0;0;0
5;52;2828862;M001;11.7326377034693;01;01;1;1;1;16;0;0;0
5;52;3376950;M001;10.1339824281742;03;01;1;3;1;13;0;0;0
5;52;3862757;M001;10.1207776791696;03;01;1;4;1;11;0;0;0
5;52;1063958;M001;12.4282335351353;08;01;2;2;1;07;0;0;0
5;52;5459093;M001;11.5389827910856;01;01;1;3;2;09;0;0;0
5;52;6941607;M001;9.7670793646587;01;01;1;1;2;12;0;0;0
5;52;2926643;M001;10.0852758822909;01;01;1;2;1;15;0;0;0
5;52;1591420;M001;11.565450992638;03;01;1;4;2;13;0;0;0
5;52;3649588;M001;10.8673353254233;03;01;1;3;2;14;0;0;0
5;52;3526376;M001;10.2522463353482;01;01;1;4;1;11;0;0;0
5;52;1111675;M001;10.8293830367187;01;01;1;2;2;11;0;0;0
5;52;784420;M001;8.1056814132335;01;01;1;3;1;13;0;0;0
5;52;1265289;M001;13.9141540477423;01;01;1;1;1;08;0;0;0
5;52;548799;M001;11.9712132232641;01;01;1;3;1;11;0;0;0
5;52;5327710;M001;8.6548878043009;01;01;1;1;2;17;0;0;0
5;52;1911111;M001;11.5262505846587;08;01;2;4;2;17;0;0;0
5;52;2383292;M001;2.4480441944471;01;01;1;2;2;09;0;0;0
5;52;1980125;M001;2.6653181880995;01;01;1;1;1;09;0;0;0
5;52;7751878;M001;1.7518691057119;01;01;1;1;1;17;0;0;0
5;52;3204263;M001;3.2513328532817;01;01;1;3;1;17;0;0;0
5;52;516422;M001;3.2803028428536;01;01;1;3;1;17;0;0;0
5;52;5911263;M001;2.2457667470997;01;01;1;2;1;17;0;0;0
5;52;1550848;M001;3.5876265382467;01;01;1;1;2;14;0;0;0
5;52;1976319;M001;2.7295382416762;01;01;1;2;2;17;0;0;0
5;52;1976319;M002;2.7295382416762;01;01;1;3;1;17;0;0;0
5;52;185200;M001;3.2415108997916;01;01;1;2;1;15;0;0;0
5;52;4566559;M001;2.1879441373935;01;01;1;2;2;17;0;0;0
5;52;7760410;M001;3.1425459476527;01;01;1;3;1;17;0;0;0
5;52;1134732;M001;2.2744045554358;01;01;1;3;1;06;0;0;0
5;52;5384059;M001;3.0016845621364;01;01;1;1;1;17;0;0;0
5;52;6682729;M001;2.589705912767;08;01;2;3;2;15;0;0;0
5;52;7454338;M001;1.9184861826667;08;01;2;3;2;12;0;0;0
5;52;4798086;M001;2.2457667470997;01;01;1;2;1;16;0;0;0
5;52;848;M001;3.6042004993525;01;01;1;3;1;16;0;0;0
5;52;1147902;M001;2.7295382416762;01;01;1;1;2;15;0;0;0
5;52;305861;M001;2.9627234469152;01;01;1;2;1;07;0;0;0
5;52;5798242;M001;2.9210396639592;01;01;1;1;1;17;0;0;0
5;52;6540461;M001;1.9312760200764;02;01;1;2;1;17;0;0;0
5;52;3572508;M001;3.4371878249537;02;01;1;3;1;15;0;0;0
5;52;6692188;M001;2.8246254882192;01;01;1;2;2;15;0;0;0
5;52;3824497;M001;4.4310901356457;01;01;1;2;1;16;0;0;0
5;52;3824497;M002;4.4310901356457;01;01;1;3;1;15;0;0;0
5;52;2528632;M001;2.3473270071747;01;01;1;3;1;15;0;0;0
5;52;3855035;M001;2.1742613108369;01;01;1;3;1;17;0;0;0
5;52;7515456;M001;3.1719609360414;01;01;1;4;2;17;0;0;0
5;52;7429546;M001;3.1911465241658;01;01;1;2;1;05;0;0;0
5;52;7539374;M001;3.6367239875669;01;01;1;2;1;16;0;0;0
5;52;2446307;M001;2.7852903584897;01;01;1;1;1;13;0;0;0
5;52;1116769;M001;3.3851370235979;01;01;1;2;1;08;0;0;0
5;52;1738958;M001;3.9936917213778;01;01;1;4;1;10;0;0;0
5;52;2218181;M001;3.9407963065151;01;01;1;3;1;12;0;0;0
5;52;413041;M001;3.4592287192146;01;01;1;4;1;17;0;0;0
5;52;6393833;M001;3.0185446226206;01;01;1;2;2;14;0;0;0
5;52;5800527;M001;3.813120096049;08;01;2;3;2;17;0;0;0
5;52;1697640;M001;3.2312443943034;08;01;2;3;2;14;0;0;0
5;52;7714054;M001;2.5259242640869;08;01;2;1;1;07;0;0;0
5;52;986235;M001;3.5540431269533;08;01;2;2;2;17;0;0;0
5;52;1673169;M001;2.0339069453146;08;01;2;3;1;15;0;0;0
5;52;5287413;M001;2.9709503859923;01;01;1;2;1;09;0;0;0
5;52;818693;M001;2.657398587266;01;01;1;1;2;11;0;0;0
5;52;4027036;M001;4.4509297211524;08;01;2;2;2;16;0;0;0
5;52;7711848;M001;3.8728665313732;08;01;2;2;2;12;0;0;0
5;52;95718;M001;3.0081596099109;08;01;2;2;1;13;0;0;0
5;52;7622374;M001;1.6565295822319;01;01;1;4;2;15;0;0;0
5;52;491069;M001;1.8344287412972;01;01;1;3;1;16;0;0;0
5;52;1891860;M001;1.7777912640933;01;01;1;3;1;12;0;0;0
5;52;672702;M001;2.1808127789825;01;01;1;2;1;13;0;0;0
5;52;4983965;M001;1.8775692216127;01;01;1;3;1;16;0;0;0
5;52;2526875;M001;2.155028794355;01;01;1;3;1;08;0;0;0
5;52;475820;M001;2.3114250364838;01;01;1;3;1;16;0;0;0
5;52;6263031;M001;1.7697764995895;01;01;1;1;2;03;0;0;0
5;52;437686;M001;1.7777912640933;01;01;1;2;1;10;0;0;0
5;52;982816;M001;1.4934334353967;01;01;1;3;1;01;0;0;0
5;52;1289973;M001;1.944885170203;01;01;1;4;2;17;0;0;0
5;52;822388;M001;1.7005028175563;01;01;1;4;2;08;0;0;0
5;52;996513;M001;2.4372130343111;01;01;1;3;1;14;0;0;0
5;52;7495424;M001;2.1105729718497;01;01;1;1;1;15;0;0;0
5;52;1406527;M001;1.8851023185504;01;01;1;3;1;11;0;0;0
5;52;6850730;M001;1.6255794496335;01;01;1;4;2;15;0;0;0
5;52;2839157;M001;2.155028794355;01;01;1;4;1;13;0;0;0
5;52;17842;M001;1.75409287672;01;01;1;3;1;16;0;0;0
5;52;988183;M001;1.5948311473602;01;01;1;3;2;16;0;0;0
5;52;6748632;M001;1.874572262124;01;01;1;3;2;15;0;0;0
5;52;7353093;M001;1.7556801179337;08;01;2;1;2;11;0;0;0
5;52;5148240;M001;8.5089085381848;01;01;1;3;2;10;0;0;0
5;52;2263276;M001;9.387769517079;01;01;1;1;1;09;0;0;0
5;52;4315331;M001;12.2817343687461;01;01;1;3;1;09;0;0;0
5;52;4427596;M001;11.1736331672262;01;01;1;4;1;04;0;0;0
5;52;3856683;M001;9.9376242580066;01;01;1;2;2;12;0;0;0
5;52;4898213;M001;11.3688411892005;01;01;1;4;2;13;0;0;0
5;52;6570126;M001;9.9376242580066;01;01;1;2;2;07;0;0;0
5;52;6086812;M001;10.8059606682038;01;01;1;3;1;17;0;0;0
5;52;2921191;M001;9.9376242580066;01;01;1;1;1;11;0;0;0
5;52;3004037;M001;9.1078051091698;01;01;1;3;1;11;0;0;0
5;52;6407191;M001;8.9917853431488;01;01;1;1;2;12;0;0;0
5;52;1806487;M001;9.6737947011581;01;01;1;1;1;09;0;0;0
5;52;2217830;M001;10.2538762563895;01;01;1;3;1;11;0;0;0
5;52;5475543;M001;8.4075522924021;01;01;1;1;1;15;0;0;0
5;52;6666837;M001;7.0924503750107;01;01;1;1;1;11;0;0;0
5;52;3096135;M001;9.9420985448412;01;01;1;1;1;14;0;0;0
5;52;4774822;M001;14.5884913480592;01;01;1;1;2;09;0;0;0
5;52;4774822;M002;14.5884913480592;01;01;1;4;2;11;0;0;0
5;52;2094446;M001;13.8340599375223;01;01;1;3;1;17;0;0;0
5;52;5058279;M001;11.6727122989549;01;01;1;3;1;11;0;0;0
5;52;5872566;M001;4.6718877103357;01;01;1;1;2;07;0;0;0
5;52;250026;M001;12.342427388564;01;01;1;1;1;12;0;0;0
5;52;1300824;M001;7.9268587251928;01;01;1;1;1;17;0;0;0
5;52;1300824;M002;7.9268587251928;01;01;1;4;1;13;0;0;0
5;52;1300824;M003;7.9268587251928;01;01;1;4;2;12;0;0;0
5;52;1300824;M004;7.9268587251928;01;01;1;4;1;11;0;0;0
5;52;1300824;M005;7.9268587251928;01;01;1;4;1;10;0;0;0
5;52;2968307;M001;9.2998093057447;01;01;1;3;2;15;0;0;0
5;52;6210423;M001;4.7670201183498;01;01;1;2;2;10;0;0;0
5;52;203240;M001;8.005586278827;01;01;1;2;2;17;0;0;0
5;52;2847810;M001;2.6059380995172;01;01;1;4;2;05;0;0;0
5;52;6459906;M001;6.5233650154492;01;01;1;2;1;14;0;0;0
5;52;2028346;M001;7.281125037953;01;01;1;4;1;13;0;0;0
5;52;6278296;M001;6.3226124630041;01;01;1;4;1;11;0;0;0
5;52;7640135;M001;11.3140912166001;02;01;1;3;1;04;0;0;0
5;52;1437297;M001;7.8807103005897;01;01;1;3;1;17;0;0;0
5;52;5223056;M001;8.7944848336806;01;01;1;2;1;15;0;0;0
5;52;7275568;M001;6.0677813759675;01;01;1;3;1;09;0;0;0
5;52;1290864;M001;10.4501884901106;01;01;1;3;2;17;0;0;0
5;52;6675541;M001;5.914856822521;01;01;1;3;2;13;0;0;0
5;52;2847762;M001;6.7716373194105;01;01;1;2;1;09;0;0;0
5;52;126726;M001;15.9556947395464;01;01;1;2;2;16;0;0;0
5;52;6686925;M001;7.646270112079;01;01;1;3;1;06;0;0;0
5;52;5536076;M001;8.567323295816;01;01;1;3;2;10;0;0;0
5;52;5536076;M002;8.567323295816;01;01;1;3;1;15;0;0;0
5;52;6027422;M001;10.6205920841722;01;01;1;3;2;15;0;0;0
5;52;5069166;M001;7.8591241605965;01;01;1;2;2;14;0;0;0
5;52;1749594;M001;14.2795309335012;01;01;1;2;2;04;0;0;0
5;52;3986960;M001;8.2959312298169;01;01;1;1;2;11;0;0;0
5;52;4148719;M001;12.9314702153363;01;01;1;3;2;13;0;0;0
5;52;5608609;M001;14.3406577483025;01;01;1;4;1;07;0;0;0
5;52;5919632;M001;9.5544440317484;01;01;1;3;1;09;0;0;0
5;52;2203220;M001;14.6167276771687;01;01;1;2;1;11;0;0;0
5;52;129080;M001;11.6524317838051;01;01;1;2;1;14;0;0;0
5;52;2000377;M001;10.1698391699093;01;01;1;2;1;13;0;0;0
5;52;3200734;M001;11.0171521992359;01;01;1;4;1;11;0;0;0
5;52;1683528;M001;15.478982607372;01;01;1;3;2;17;0;0;0
5;52;6854587;M001;8.1471631864534;01;01;1;2;1;16;0;0;0
5;52;6462295;M001;10.671211114653;01;01;1;4;1;16;0;0;0
5;52;6372943;M001;9.9972581124364;01;01;1;3;2;12;0;0;0
5;52;6177765;M001;14.6674375936954;01;01;1;2;1;10;0;0;0
5;52;4111976;M001;13.5530965670292;01;01;1;3;2;14;0;0;0
5;52;5222216;M001;7.469469080911;01;01;1;3;1;17;0;0;0
5;52;6047564;M001;10.2344909509744;01;01;1;1;1;13;0;0;0
5;52;2048371;M001;10.0482784637165;01;01;1;3;1;14;0;0;0
5;52;1494036;M001;10.3631744752168;01;01;1;2;2;16;0;0;0
5;52;5905899;M001;10.5141212437745;01;01;1;3;1;09;0;0;0
5;52;5977745;M001;10.2467137802023;01;01;1;3;2;17;0;0;0
5;52;2141892;M001;10.0482784637165;01;01;1;3;2;15;0;0;0
5;52;5556382;M001;10.2616769566741;01;01;1;4;2;17;0;0;0
5;52;4016194;M001;11.0308502785959;01;01;1;2;1;10;0;0;0
5;52;69942;M001;5.5727749872213;01;01;1;3;1;13;0;0;0
5;52;2026231;M001;11.9992768129792;01;01;1;2;1;15;0;0;0
5;52;7002852;M001;11.9992768129792;01;01;1;3;1;15;0;0;0
5;52;3035783;M001;6.875552806353;01;01;1;1;2;14;0;0;0
5;52;3035783;M002;6.875552806353;01;01;1;3;2;15;0;0;0
5;52;977217;M001;14.5136220325092;01;01;1;1;1;14;0;0;0
5;52;650400;M001;14.5673090945731;01;01;1;2;1;07;0;0;0
5;52;4265044;M001;4.6544658761639;01;01;1;1;2;03;0;0;0
5;52;4061766;M001;7.9033949794096;01;01;1;1;1;17;0;0;0
5;52;2741049;M001;13.3456776878497;01;01;1;3;1;15;0;0;0
5;52;4075604;M001;9.388069833252;01;01;1;1;2;17;0;0;0
5;52;2836442;M001;8.2204843861099;01;01;1;2;1;14;0;0;0
5;52;1280559;M001;10.5005047790032;01;01;1;2;1;13;0;0;0
5;52;7416497;M001;18.2176154289923;01;01;1;3;2;12;0;0;0
5;52;5164952;M001;9.8519517853649;01;01;1;4;2;01;0;0;0
5;52;4998495;M001;18.3726730895329;01;01;1;2;1;10;0;0;0
5;52;4604138;M001;9.3863281600819;01;01;1;3;1;17;0;0;0
5;52;5196056;M001;10.5180949722032;01;01;1;1;1;09;0;0;0
5;52;1388077;M001;14.9712905333512;01;01;1;2;1;11;0;0;0
5;52;7393037;M001;14.3322334083904;01;01;1;4;2;17;0;0;0
5;52;1578573;M001;10.7535751856079;01;01;1;2;1;09;0;0;0
5;52;4439787;M001;13.3312299230857;01;01;1;4;2;12;0;0;0
5;52;1413405;M001;5.765497028569;01;01;1;2;2;10;0;0;0
5;52;177783;M001;14.5758566217687;01;01;1;2;1;15;0;0;0
5;52;177783;M002;14.5758566217687;01;01;1;2;2;16;0;0;0
5;52;6509562;M001;10.7740410977986;01;01;1;2;2;10;0;0;0
5;52;1394235;M001;10.099528888815;01;01;1;3;2;15;0;0;0
5;52;1355271;M001;12.7884283713176;01;01;1;4;1;11;0;0;0
5;52;45136;M001;14.8381163754357;01;01;1;3;1;17;0;0;0
5;52;1255976;M001;10.2312303427971;01;01;1;4;1;14;0;0;0
5;52;3907962;M001;11.8229107346056;01;01;1;2;1;13;0;0;0
5;52;5878393;M001;10.6780704867171;01;01;1;1;1;17;0;0;0
5;52;7009146;M001;10.3631744752168;01;01;1;1;2;10;0;0;0
5;52;3500029;M001;14.2260225104775;01;01;1;1;1;03;0;0;0
5;52;4498974;M001;10.088102470156;01;01;1;2;1;08;0;0;0
5;52;5955874;M001;8.1790546533297;01;01;1;3;2;10;0;0;0
5;52;6304681;M001;5.2452012963231;01;01;1;1;1;09;0;0;0
5;52;5630393;M001;11.0862374008378;01;01;1;4;1;14;0;0;0
5;52;768590;M001;7.3665841011395;01;01;1;1;1;06;0;0;0
5;52;1194668;M001;10.2430801472071;01;01;1;1;2;16;0;0;0
5;52;1528066;M001;10.2430801472071;01;01;1;3;1;10;0;0;0
5;52;7428357;M001;9.6801996262104;01;01;1;4;1;10;0;0;0
5;52;6077156;M001;18.5808929279195;01;01;1;4;1;17;0;0;0
5;52;6077156;M002;18.5808929279195;01;01;1;4;2;12;0;0;0
5;52;1870036;M001;4.4550747877116;01;01;1;1;1;99;0;0;1
5;52;1589794;M001;11.1114165574043;01;01;1;3;1;13;0;0;0
5;52;3640170;M001;10.2430801472071;01;01;1;3;2;17;0;0;0
5;52;7361972;M001;9.6801996262104;01;01;1;1;1;17;0;0;0
5;52;7361972;M002;9.6801996262104;01;01;1;2;2;17;0;0;0
5;52;367281;M001;6.2587516137454;01;01;1;3;2;01;0;0;0
5;52;5701151;M001;6.8907180315191;01;01;1;1;1;06;0;0;0
5;52;6591730;M001;6.1194278866997;01;01;1;4;1;07;0;0;0
5;52;2871846;M001;6.171104021071;01;01;1;4;1;17;0;0;0
5;52;7642311;M001;4.6423805344292;01;01;1;2;1;17;0;0;0
5;52;6790535;M001;5.8601541355034;01;01;1;3;2;16;0;0;0
5;52;3745730;M001;5.0754426839056;01;01;1;4;1;14;0;0;0
5;52;1550335;M001;10.6851427569794;01;01;1;2;2;17;0;0;0
5;52;5989518;M001;5.4485603767314;01;01;1;1;1;16;0;0;0
5;52;1405918;M001;12.7529029426837;01;01;1;1;1;13;0;0;0
5;52;6460932;M001;8.9967841131668;01;01;1;3;2;17;0;0;0
5;52;7758007;M001;11.8022442254445;01;01;1;1;2;13;0;0;0
5;52;4132254;M001;12.1241202520244;01;01;1;3;2;01;0;0;0
5;52;3697358;M001;9.4428073977387;01;01;1;3;2;07;0;0;0
5;52;296191;M001;8.5733070291012;01;01;1;4;1;13;0;0;0
5;52;2430012;M001;5.2391462085473;01;01;1;3;1;11;0;0;0
5;52;1881939;M001;18.5324098292478;01;01;1;3;1;10;0;0;0
5;52;6048211;M001;14.5744405898261;01;01;1;1;1;16;0;0;0
5;52;1794732;M001;16.2337794577277;01;01;1;2;1;09;0;0;0
5;52;3055963;M001;9.304430378727;01;01;1;1;1;07;0;0;0
5;52;3224390;M001;12.199912550722;01;01;1;3;1;08;0;0;0
5;52;2819812;M001;9.9889799503384;01;01;1;2;1;17;0;0;0
5;52;2847465;M001;7.5504712584492;01;01;1;2;2;01;0;0;0
5;52;5727173;M001;14.0731971900541;01;01;1;1;1;09;0;0;0
5;52;5642343;M001;8.9383524112421;01;01;1;2;1;09;0;0;0
5;52;5504865;M001;7.9650279436073;01;01;1;2;1;17;0;0;0
5;52;4079495;M001;9.9487678670215;01;01;1;2;2;10;0;0;0
5;52;1559936;M001;9.2358173331645;01;01;1;3;2;15;0;0;0
5;52;81296;M001;9.931817768702;01;01;1;3;2;17;0;0;0
5;52;81296;M002;9.931817768702;01;01;1;1;1;16;0;0;0
5;52;7615841;M001;10.0482784637165;01;01;1;4;2;17;0;0;0
5;52;4183565;M001;6.4137054903814;01;01;1;1;1;09;0;0;0
5;52;1550885;M001;6.7635229722291;01;01;1;3;2;17;0;0;0
5;52;6959890;M001;10.8059606682038;01;01;1;1;1;10;0;0;0
5;52;2038902;M002;10.8059606682038;01;01;1;3;2;17;0;0;0
5;52;4535252;M001;9.1173191052137;01;01;1;4;2;17;0;0;0
5;52;4702761;M001;9.1173191052137;01;01;1;2;2;17;0;0;0
5;52;733580;M001;10.5960958652458;01;01;1;1;2;17;0;0;0
5;52;3168607;M001;10.164739158731;01;01;1;4;1;05;0;0;0
5;52;229760;M001;10.164739158731;01;01;1;4;2;17;0;0;0
5;52;2640909;M001;10.3631744752168;01;01;1;1;1;07;0;0;0
5;52;7801794;M001;7.6276937027441;01;01;1;2;2;13;0;0;0
5;52;7580317;M001;7.1832568405208;01;01;1;1;2;16;0;0;0
5;52;3043420;M001;8.7063460544219;01;01;1;2;1;13;0;0;0
5;52;1130628;M001;11.4107247483193;01;01;1;3;2;02;0;0;0
5;52;4791208;M001;9.8285642057942;01;01;1;3;2;17;0;0;0
5;52;5320564;M001;10.0030641789864;01;01;1;4;1;16;0;0;0
5;52;1640277;M001;13.868177956268;01;01;1;4;2;01;0;0;0
5;52;7250915;M001;5.7454231559417;01;01;1;4;2;13;0;0;0
5;52;4860042;M001;3.8744738969057;01;01;1;1;2;10;0;0;0
5;52;7640845;M001;12.6696505673053;01;01;1;2;2;14;0;0;0
5;52;1499774;M001;9.2861752623232;01;01;1;2;1;05;0;0;0
5;52;7158401;M001;8.6320985661039;01;01;1;1;2;04;0;0;0
5;52;4293276;M001;15.8022130252161;01;01;1;3;1;16;0;0;0
5;52;4496705;M001;8.7415378826301;01;01;1;4;2;17;0;0;0
5;52;7694067;M001;12.5710860541748;01;01;1;3;1;14;0;0;0
5;52;3302485;M001;4.5827833690779;01;01;1;3;2;15;0;0;0
5;52;1235360;M001;9.6414741499128;01;01;1;1;1;12;0;0;0
5;52;7228320;M001;9.0524641671374;01;01;1;1;1;17;0;0;0
5;52;7748672;M001;10.0407188889069;01;01;1;3;1;12;0;0;0
5;52;6184676;M001;9.8895930006022;01;01;1;2;1;03;0;0;0
5;52;4140949;M001;9.3747437370099;01;01;1;4;1;15;0;0;0
5;52;3286039;M001;11.0633852999999;01;01;1;3;2;16;0;0;0
5;52;174664;M001;10.5485360364076;01;01;1;2;1;13;0;0;0
5;52;517704;M001;8.2009514376121;01;01;1;1;1;15;0;0;0
5;52;6148942;M001;9.7920305235462;01;01;1;4;2;08;0;0;0
5;52;3633761;M001;10.4554893018915;01;01;1;4;1;07;0;0;0
5;52;5759913;M001;13.7152552942302;01;01;1;4;2;09;0;0;0
5;52;6445193;M001;11.2464667601507;01;01;1;3;1;04;0;0;0
5;52;5196487;M001;9.0816497327667;01;01;1;1;2;17;0;0;0
5;52;5785103;M001;15.5830886027662;01;01;1;3;1;17;0;0;0
5;52;3370715;M001;9.71021429493;01;01;1;2;2;16;0;0;0
5;52;1301576;M001;7.999409793956;01;01;1;1;2;17;0;0;0
5;52;4138312;M001;7.8466497081789;01;01;1;4;2;12;0;0;0
5;52;344994;M001;9.7458137519848;01;01;1;4;1;12;0;0;0
5;52;4423085;M001;10.0368090982194;01;01;1;3;2;08;0;0;0
5;52;4703183;M001;8.5722265008136;01;01;1;4;1;17;0;0;0
5;52;6461791;M001;9.6319195807981;01;01;1;2;2;14;0;0;0
5;52;3882272;M001;13.4615126714536;01;01;1;2;1;11;0;0;0
5;52;1587621;M001;11.52149681847;01;01;1;4;1;12;0;0;0
5;52;1994246;M001;15.0360251392659;01;01;1;4;1;15;0;0;0
5;52;1994246;M002;15.0360251392659;01;01;1;4;1;10;0;0;0
5;52;1688209;M001;6.6837124606502;01;01;1;2;2;17;0;0;0
5;52;1358806;M001;12.1856644150329;01;01;1;2;2;10;0;0;0
5;52;2028043;M001;8.1738762743519;01;01;1;1;2;17;0;0;0
5;52;2094123;M001;11.1097374992034;01;01;1;2;1;08;0;0;0
5;52;243054;M001;10.1892147245849;01;01;1;1;1;17;0;0;0
5;52;73689;M001;10.3891295250951;01;01;1;2;2;12;0;0;0
5;52;6748646;M001;10.846743383918;01;01;1;2;1;15;0;0;0
5;52;6368298;M001;12.548183220483;01;01;1;1;2;13;0;0;0
5;52;1142823;M001;8.8252974994132;01;01;1;4;2;17;0;0;0
5;52;1982574;M001;8.2212997384862;01;01;1;1;1;04;0;0;0
5;52;6531231;M001;8.5344722771609;01;01;1;4;1;17;0;0;0
5;52;6254978;M001;13.6287528240849;01;01;1;4;1;13;0;0;0
5;52;3689270;M001;17.2513982271207;01;01;1;4;1;10;0;0;0
5;52;7618421;M001;14.8576305087384;01;01;1;3;1;09;0;0;0
5;52;3251898;M001;10.734323535861;01;01;1;3;1;10;0;0;0
5;52;448954;M001;3.8369344063257;01;01;1;2;1;11;0;0;0
5;52;483100;M001;8.3044065734399;01;01;1;3;2;01;0;0;0
5;52;772442;M001;6.9427554236035;01;01;1;2;2;11;0;0;0
5;52;2797042;M001;11.2243988685348;01;01;1;3;2;09;0;0;0
5;52;6700720;M001;10.0482784637165;01;01;1;1;1;07;0;0;0
5;52;5252821;M001;10.8765058032029;01;01;1;1;1;07;0;0;0
5;52;4696896;M001;16.0848626773351;01;01;1;3;1;15;0;0;0
5;52;1655311;M001;8.5137076652964;01;01;1;1;1;12;0;0;0
5;52;2921749;M001;14.5087742909844;01;01;1;4;1;16;0;0;0
5;52;6046428;M001;10.1073204087852;01;01;1;3;2;17;0;0;0
5;52;6102983;M001;9.9905852596489;01;01;1;3;1;13;0;0;0
5;52;5952755;M001;7.3695910291819;01;01;1;1;1;12;0;0;0
5;52;1150796;M001;14.6153790598379;01;01;1;3;1;06;0;0;0
5;52;3845137;M001;6.8969365802403;01;01;1;3;1;16;0;0;0
5;52;1858494;M001;4.6008733224237;01;01;1;4;1;13;0;0;0
5;52;1984824;M001;6.5776255199905;01;01;1;2;2;10;0;0;0
5;52;5909110;M001;16.6134531014898;01;01;1;3;1;17;0;0;0
5;52;5316373;M001;10.4882567611559;01;01;1;4;1;15;0;0;0
5;52;1865374;M001;12.8170507879449;01;01;1;1;1;12;0;0;0
5;52;1682184;M001;7.5790148513141;01;01;1;3;2;11;0;0;0
5;52;3647021;M001;13.3940186436021;01;01;1;2;1;09;0;0;0
5;52;4482804;M001;12.9632732600185;01;01;1;4;1;09;0;0;0
5;52;421234;M001;10.4176804223606;01;01;1;1;2;17;0;0;0
5;52;4527628;M001;9.9699288304465;01;01;1;4;1;14;0;0;0
5;52;550217;M001;8.9479723582795;01;01;1;3;1;01;0;0;0
5;52;7461363;M001;11.6673286789876;01;01;1;2;2;12;0;0;0
5;52;5838625;M001;12.8852566835798;01;01;1;1;1;13;0;0;0
5;52;4083847;M001;11.3734597131017;01;01;1;4;1;14;0;0;0
5;52;3529072;M001;7.8233709440609;01;01;1;3;1;14;0;0;0
5;52;906340;M001;4.5147283986901;01;01;1;2;2;10;0;0;0
5;52;4107466;M001;4.3326642608302;01;01;1;1;1;11;0;0;0
5;52;7289066;M001;13.0122713136776;02;01;1;2;2;15;0;0;0
5;52;380034;M001;7.0362083615964;02;01;1;3;1;12;0;0;0
5;52;7365058;M001;5.0206205561285;01;01;1;2;2;01;0;0;0
5;52;4930303;M001;4.7410832610519;01;01;1;2;2;15;0;0;0
5;52;5336091;M001;2.7739812666089;01;01;1;1;1;12;0;0;0
5;52;6814731;M001;5.3471462341018;01;01;1;4;2;10;0;0;0
5;52;5437912;M001;20.9999999999993;01;05;1;2;1;07;0;0;0
5;52;4931126;M001;6.0170644395418;01;01;1;3;1;01;0;0;0
5;52;2257220;M001;6.2860283470855;01;01;1;2;2;13;0;0;0
5;52;1848060;M001;7.528922161054;01;01;1;2;2;05;0;0;0
5;52;781760;M001;12.185359619977;01;01;1;1;1;14;0;0;0
5;52;6379928;M001;9.0583823021214;01;01;1;3;1;06;0;0;0
5;52;3329382;M001;4.7347554342556;01;01;1;3;2;13;0;0;0
5;52;5716291;M001;4.3986504697177;01;01;1;4;2;17;0;0;0
5;52;2868460;M001;7.4686832926254;01;01;1;3;1;03;0;0;0
5;52;1447049;M001;5.4807031084774;01;01;1;3;2;15;0;0;0
5;52;2072596;M001;8.8138793395358;01;01;1;1;2;11;0;0;0
5;52;7695214;M001;12.1613326295117;01;01;1;1;2;13;0;0;0
5;52;2440902;M001;3.825172976467;01;01;1;2;1;05;0;0;0
5;52;4077362;M001;5.320961369746;01;01;1;2;1;09;0;0;0
5;52;4753914;M001;5.8005359983979;01;01;1;3;2;01;0;0;0
5;52;3239175;M001;9.2887919421565;01;01;1;3;2;13;0;0;0
5;52;3495356;M001;14.3182823924483;01;01;1;1;1;09;0;0;0
5;52;121459;M001;8.5733194948388;01;01;1;3;1;11;0;0;0
5;52;6004579;M001;11.5785471638081;01;01;1;3;1;08;0;0;0
5;52;3444845;M001;15.989089393833;01;01;1;2;1;14;0;0;0
5;52;7598172;M001;8.6997535177225;01;01;1;3;2;09;0;0;0
5;52;587760;M001;9.6883559101287;01;01;1;4;2;01;0;0;0
5;52;3790503;M001;9.0690844469156;01;01;1;3;1;01;0;0;0
5;52;700104;M001;10.6639752835228;02;01;1;2;2;15;0;0;0
5;52;5285764;M001;7.276814862597;01;01;1;3;1;11;0;0;0
5;52;7068156;M001;8.7636249703629;01;01;1;3;2;12;0;0;0
5;52;6943365;M001;11.6094314411385;01;01;1;3;2;15;0;0;0
5;52;2644900;M001;9.4462790658158;01;01;1;1;2;17;0;0;0
5;52;3742;M001;11.8297241843139;01;01;1;4;2;10;0;0;0
5;52;478235;M001;10.5542021149239;01;01;1;1;1;11;0;0;0
5;52;5403850;M001;9.493960839074;01;01;1;1;1;12;0;0;0
5;52;204724;M001;15.0059263294053;01;01;1;3;2;12;0;0;0
5;52;1062712;M001;10.4341656765688;01;01;1;1;1;04;0;0;0
5;52;1852792;M001;11.0448782274229;01;01;1;3;2;15;0;0;0
5;52;3005933;M001;15.7121222095883;01;01;1;2;1;15;0;0;0
5;52;3617873;M001;9.9422757107263;01;01;1;1;1;99;0;0;1
5;52;3488493;M001;11.6665826674176;01;01;1;3;1;07;0;0;0
5;52;3372838;M001;9.7806127273617;01;01;1;1;1;11;0;0;0
5;52;4767545;M001;8.9446346107774;01;01;1;1;2;17;0;0;0
5;52;5741120;M001;9.4330407959803;01;01;1;3;1;09;0;0;0
5;52;5875666;M001;10.2320205538403;01;01;1;1;1;01;0;0;0
5;52;391673;M001;11.1006926433509;01;01;1;3;1;17;0;0;0
5;52;6371016;M001;8.2424776119585;01;01;1;2;1;10;0;0;0
5;52;7711651;M001;8.8329771887705;01;01;1;3;1;09;0;0;0
5;52;860501;M001;10.3432646333995;01;01;1;3;1;11;0;0;0
5;52;2190386;M001;15.2588610231492;01;01;1;4;2;17;0;0;0
5;52;2416618;M001;11.0276521047144;01;01;1;1;1;01;0;0;0
5;52;6839554;M001;11.5529442325929;01;01;1;3;1;13;0;0;0
5;52;1558166;M001;10.3286160792795;01;01;1;1;1;05;0;0;0
5;52;5934659;M001;9.0435268159546;01;01;1;3;1;17;0;0;0
5;52;5270088;M001;12.9113980537843;01;01;1;3;2;13;0;0;0
5;52;72209;M001;7.8321673639694;01;01;1;3;1;17;0;0;0
5;52;214497;M001;12.3813157400757;01;01;1;2;2;11;0;0;0
5;52;4261422;M001;5.1962059055159;02;01;1;1;1;16;0;0;0
5;52;383271;M001;7.4942871721927;01;01;1;1;1;08;0;0;0
5;52;1714230;M001;12.2907635799061;01;01;1;3;2;17;0;0;0
5;52;656061;M001;7.8873166358018;03;01;1;3;1;15;0;0;0
5;52;3634135;M001;10.4325314903665;08;01;2;2;2;15;0;0;0
5;52;6463417;M001;6.9901093859459;01;01;1;3;1;15;0;0;0
5;52;7412248;M001;5.1962059055159;01;01;1;2;1;13;0;0;0
5;52;4666197;M001;7.9847893529206;01;01;1;1;1;14;0;0;0
5;52;6690795;M001;6.9838426621622;01;01;1;4;1;17;0;0;0
5;52;6858677;M001;8.4637256608252;01;01;1;2;1;17;0;0;0
5;52;7770480;M001;7.3785718690067;01;01;1;4;1;16;0;0;0
5;52;6413175;M001;10.7377725475012;01;01;1;3;2;15;0;0;0
5;52;1267410;M001;11.2056097880876;01;01;1;3;1;15;0;0;0
5;52;7115525;M001;10.285287484828;01;01;1;2;2;17;0;0;0
5;52;4764088;M001;10.3090423909077;01;01;1;4;2;08;0;0;0
5;52;4237985;M001;11.6177164398292;01;01;1;1;1;17;0;0;0
5;52;5086939;M001;8.4516987830138;03;01;1;1;2;16;0;0;0
5;52;5086939;M002;8.4516987830138;03;01;1;3;2;12;0;0;0
5;52;3607659;M001;10.0913386989231;03;01;1;3;1;17;0;0;0
5;52;1554177;M001;10.1301940330649;02;01;1;3;1;17;0;0;0
5;52;3058217;M001;7.7351078150349;03;01;1;2;1;15;0;0;0
5;52;6267350;M001;7.8772672527231;03;01;1;1;2;04;0;0;0
5;52;129921;M001;6.4252005310472;01;01;1;3;1;16;0;0;0
5;52;456978;M001;8.8308922952664;01;01;1;2;2;17;0;0;0
5;52;1308942;M001;8.3734359810439;01;01;1;2;2;15;0;0;0
5;52;4640013;M001;11.2056097880876;01;01;1;2;1;10;0;0;0
5;52;3920824;M001;11.2056097880876;01;01;1;1;1;16;0;0;0
5;52;5675799;M001;9.8103217112545;03;01;1;3;2;17;0;0;0
5;52;3119745;M001;14.5040003390144;01;01;1;2;1;11;0;0;0
5;52;5656171;M001;9.6122473393863;01;01;1;2;1;15;0;0;0
5;52;5757650;M001;8.1923513927703;01;01;1;2;1;16;0;0;0
5;52;354577;M001;16.0693678856627;01;01;1;1;1;16;0;0;0
5;52;7555023;M001;2.0878640283991;01;01;1;3;1;15;0;0;0
5;52;1794024;M001;2.2116160576956;01;01;1;2;1;06;0;0;0
5;52;7488182;M001;2.0268400296117;01;01;1;2;2;17;0;0;0
5;52;1990176;M001;1.7188007600388;01;01;1;3;1;17;0;0;0
5;52;3673620;M001;2.0910976651079;01;01;1;4;2;17;0;0;0
5;52;3134903;M001;2.0286188926777;01;01;1;3;2;17;0;0;0
5;52;2160174;M001;1.9800586647846;01;01;1;1;1;13;0;0;0
5;52;132015;M001;2.1329275942723;01;01;1;3;1;13;0;0;0
5;52;4439190;M001;1.1044558991291;01;01;1;3;2;17;0;0;0
5;52;5301491;M001;2.4864722604699;01;01;1;3;1;17;0;0;0
5;52;5213581;M001;1.9294088339304;01;01;1;2;2;14;0;0;0
5;52;797724;M001;2.3072633934458;01;01;1;3;1;17;0;0;0
5;52;3847926;M001;1.8984313589567;01;01;1;4;2;15;0;0;0
5;52;4231630;M001;2.1957256607868;01;01;1;3;2;17;0;0;0
5;52;1074198;M001;1.6779499792004;01;01;1;3;2;16;0;0;0
5;52;4640720;M001;1.7188007600388;01;01;1;1;1;17;0;0;0
5;52;875906;M001;2.6642929347786;01;01;1;1;1;15;0;0;0
5;52;3004303;M001;2.2026217131841;01;01;1;2;1;14;0;0;0
5;52;1254788;M001;1.7435867707579;08;01;2;4;1;11;0;0;0
5;52;6874814;M001;2.4234066695062;08;01;2;4;1;07;0;0;0
5;52;5976608;M001;1.4211188717044;08;01;2;2;2;12;0;0;0
5;52;5371140;M001;1.7315431420535;08;01;2;3;1;10;0;0;0
5;52;6523690;M001;2.4223002835399;08;01;2;2;1;16;0;0;0
5;52;15976;M001;1.9357745608541;01;01;1;1;2;17;0;0;0
5;52;7771612;M001;3.4294648732094;01;01;1;3;1;17;0;0;0
5;52;7011930;M001;2.9676973336538;01;01;1;3;2;12;0;0;0
5;52;4212324;M001;3.4851069339326;01;01;1;2;2;13;0;0;0
5;52;4476606;M001;3.7126855241114;01;01;1;4;1;01;0;0;0
5;52;7570564;M001;4.3510870287989;01;01;1;4;2;17;0;0;0
5;52;2356098;M001;3.3421124020205;01;01;1;3;2;09;0;0;0
5;52;4015947;M001;2.6545234293056;01;01;1;4;2;15;0;0;0
5;52;7658952;M001;3.3041686863771;01;01;1;2;1;06;0;0;0
5;52;6897523;M001;2.6065467090775;01;01;1;3;2;13;0;0;0
5;52;6185595;M001;3.0030408441839;01;01;1;3;1;01;0;0;0
5;52;3348912;M001;3.1624209124382;08;01;2;3;2;12;0;0;0
5;52;3522636;M001;3.8688939057424;08;01;2;4;2;17;0;0;0
5;52;7309029;M001;3.795147228316;08;01;2;3;2;15;0;0;0
5;52;4619416;M001;3.4332458772949;01;01;1;2;1;14;0;0;0
5;52;5939649;M001;4.8052829336278;01;01;1;1;1;17;0;0;0
5;52;1687298;M001;3.1594219127524;01;01;1;4;1;10;0;0;0
5;52;6644537;M001;5.480954724599;01;01;1;2;2;06;0;0;0
5;52;7126477;M001;3.3192762800629;01;01;1;3;1;05;0;0;0
5;52;2673095;M001;3.9030723426169;01;01;1;2;1;14;0;0;0
5;52;851580;M001;3.3936474826016;01;01;1;3;2;12;0;0;0
5;52;944916;M001;2.4009902364986;01;01;1;3;1;16;0;0;0
5;52;944916;M002;2.4009902364986;01;01;1;3;2;16;0;0;0
5;52;3179448;M001;4.5198132037431;01;01;1;1;1;11;0;0;0
5;52;7673853;M001;2.796450079627;01;01;1;1;2;17;0;0;0
5;52;5147728;M001;2.4159537680318;01;01;1;2;2;17;0;0;0
5;52;7779266;M001;2.815589425197;01;01;1;4;2;15;0;0;0
5;52;6975489;M001;2.4460274397577;01;01;1;2;1;17;0;0;0
5;52;2801826;M001;3.9086554921604;01;01;1;3;2;13;0;0;0
5;52;4594876;M001;2.7963659039946;01;01;1;3;2;17;0;0;0
5;52;116256;M001;3.0787879711546;01;01;1;3;2;14;0;0;0
5;52;1985925;M001;2.8718092583556;01;01;1;3;1;17;0;0;0
5;52;4208582;M001;2.5149577636174;01;01;1;3;2;09;0;0;0
5;52;6403983;M001;2.9332101453813;01;01;1;3;1;09;0;0;0
5;52;1123542;M001;2.813727018463;01;01;1;2;1;17;0;0;0
5;52;1879824;M001;4.563154202152;01;01;1;1;1;14;0;0;0
5;52;4168989;M001;2.5091286718324;01;01;1;2;2;13;0;0;0
5;52;321753;M001;3.1072781657408;01;01;1;3;2;16;0;0;0
5;52;5671948;M001;2.7293173083157;01;01;1;3;1;05;0;0;0
5;52;5419670;M001;2.5678934071582;01;01;1;2;1;17;0;0;0
5;52;6147292;M001;3.1531392908347;01;01;1;1;1;07;0;0;0
5;52;716423;M001;3.1666157431657;01;01;1;3;1;12;0;0;0
5;52;716423;M002;3.1666157431657;01;01;1;3;1;08;0;0;0
5;52;4094829;M001;3.4421910482255;01;01;1;4;2;10;0;0;0
5;52;1102221;M001;3.1231108746408;01;01;1;3;1;17;0;0;0
5;52;1262375;M001;2.9745870701469;01;01;1;3;2;13;0;0;0
5;52;7063773;M001;2.2526113359639;01;01;1;3;2;10;0;0;0
5;52;7542382;M001;3.4545795819308;01;01;1;2;1;12;0;0;0
5;52;6621675;M001;2.278002375871;08;01;2;2;1;15;0;0;0
5;52;4404561;M001;3.4009473639277;08;01;2;2;1;13;0;0;0
5;52;1760674;M001;3.0089692104402;08;01;2;3;1;10;0;0;0
5;52;6149444;M001;2.6243988655249;08;01;2;1;2;17;0;0;0
5;52;2895193;M001;3.1656487284333;05;01;2;3;1;17;0;0;0
5;52;5536638;M001;3.6755665122582;05;01;2;4;1;17;0;0;0
5;52;413808;M001;2.3720479262118;01;01;1;3;1;08;0;0;0
5;52;4718816;M001;2.5810509911642;01;01;1;1;1;17;0;0;0
5;52;2474329;M001;3.0065652668331;01;01;1;3;2;01;0;0;0
5;52;803457;M001;2.5290646202285;01;01;1;4;2;16;0;0;0
5;52;5597231;M001;2.8731267676319;01;01;1;3;1;16;0;0;0
5;52;6370150;M001;3.9404038956943;01;01;1;4;1;16;0;0;0
5;52;4877838;M001;2.7881870490456;01;01;1;2;1;10;0;0;0
5;52;6264474;M001;3.1299659946783;01;01;1;1;1;13;0;0;0
5;52;3017469;M001;2.1029005396735;01;01;1;3;1;13;0;0;0
5;52;7450499;M001;2.4996588190839;01;01;1;3;1;14;0;0;0
5;52;472926;M001;1.8000244610286;01;01;1;1;2;17;0;0;0
5;52;4707114;M001;2.6568330664327;01;01;1;2;1;14;0;0;0
5;52;4707114;M002;2.6568330664327;01;01;1;4;1;13;0;0;0
5;52;7611221;M001;2.4302574908232;01;01;1;4;1;10;0;0;0
5;52;476915;M001;4.2484013145481;01;01;1;4;2;11;0;0;0
5;52;3867416;M001;4.1670322169139;01;01;1;3;1;06;0;0;0
5;52;2688057;M001;3.2410176657727;01;01;1;4;2;10;0;0;0
5;52;1468078;M001;6.2506928156319;01;01;1;3;2;14;0;0;0
5;52;834579;M001;5.4395248231742;01;01;1;2;1;16;0;0;0
5;52;3722594;M001;7.0124622996285;01;01;1;3;2;17;0;0;0
5;52;4772618;M001;8.9400660945092;08;01;2;4;2;13;0;0;0
5;52;5210879;M001;5.3075290757968;08;01;2;3;1;11;0;0;0
5;52;4012861;M001;4.4425211777035;01;01;1;1;1;09;0;0;0
5;52;2283587;M001;4.8822571159281;01;01;1;3;1;15;0;0;0
5;52;6064232;M001;3.8044364652069;01;01;1;3;1;16;0;0;0
5;52;5155681;M001;4.7235803325315;01;01;1;2;1;09;0;0;0
5;52;1055920;M001;2.7703711479225;01;01;1;2;2;11;0;0;0
5;52;1424703;M001;5.5403636114653;01;01;1;3;2;02;0;0;0
5;52;4906907;M001;3.9609501690496;01;01;1;1;1;04;0;0;0
5;52;4884070;M001;3.7386983648682;01;01;1;3;2;13;0;0;0
5;52;3358590;M001;3.5940838811141;01;01;1;3;1;14;0;0;0
5;52;7436323;M001;3.5687815391241;01;01;1;1;2;16;0;0;0
5;52;6275661;M001;7.2471468726073;01;01;1;1;1;17;0;0;0
5;52;1443466;M001;4.156791678448;01;01;1;3;1;01;0;0;0
5;52;5485643;M001;4.2470684896753;01;01;1;3;1;08;0;0;0
5;52;1341945;M001;3.0756627793489;01;01;1;3;2;13;0;0;0
5;52;1369014;M001;5.9804220566489;01;01;1;3;1;08;0;0;0
5;52;5265603;M001;3.1536660174636;01;01;1;1;2;14;0;0;0
5;52;6287988;M001;3.2376478111234;01;01;1;1;1;07;0;0;0
5;52;5757715;M001;6.9037392360596;01;01;1;2;1;15;0;0;0
5;52;4974716;M001;3.3875150629536;08;01;2;2;1;17;0;0;0
5;52;3623680;M001;6.5402228682354;08;01;2;3;1;16;0;0;0
5;52;1056260;M001;3.6188847943021;01;01;1;3;1;17;0;0;0
5;52;4047574;M001;4.9306653898194;01;01;1;4;1;17;0;0;0
5;52;4844951;M001;3.1544347680957;01;01;1;1;2;15;0;0;0
5;52;5530277;M001;2.6982185152779;01;01;1;1;2;17;0;0;0
5;52;3026230;M001;3.1447201341294;01;01;1;1;2;11;0;0;0
5;52;2808027;M001;2.8270608382841;01;01;1;2;1;10;0;0;0
5;52;353327;M001;3.5594036629186;01;01;1;4;1;17;0;0;0
5;52;2847214;M001;4.8341410450605;01;01;1;2;1;13;0;0;0
5;52;20817;M001;2.9971071562498;01;01;1;4;2;11;0;0;0
5;52;5385198;M001;4.8785392180516;01;01;1;4;1;10;0;0;0
5;52;186236;M001;1.8682168922055;01;01;1;1;1;14;0;0;0
5;52;4878377;M001;2.4771569820881;01;01;1;4;1;14;0;0;0
5;52;3206871;M001;2.4634260275885;01;01;1;3;1;14;0;0;0
5;52;2004452;M001;2.0355013809182;01;01;1;3;1;10;0;0;0
5;52;5976621;M001;2.1550700607591;01;01;1;3;1;11;0;0;0
5;52;236459;M001;2.6769546011775;01;01;1;3;1;11;0;0;0
5;52;6201964;M001;3.8034076151945;01;01;1;4;2;17;0;0;0
5;52;4998442;M001;1.8682168922055;01;01;1;2;1;15;0;0;0
5;52;3704875;M001;4.0699499874919;01;01;1;2;2;08;0;0;0
5;52;5164081;M001;1.8682168922055;01;01;1;2;1;14;0;0;0
5;52;6589242;M001;3.4096339732978;01;01;1;4;1;17;0;0;0
5;52;3947372;M001;2.1205886649521;01;01;1;4;2;17;0;0;0
5;52;7265515;M001;2.9497205721023;01;01;1;3;1;17;0;0;0
5;52;6535776;M001;3.5743081497842;01;01;1;2;2;17;0;0;0
5;52;2754480;M001;4.066957094821;01;01;1;3;2;16;0;0;0
5;52;5063402;M001;1.9850511698177;01;01;1;1;1;17;0;0;0
5;52;4591035;M001;4.0967244652201;08;01;2;3;2;14;0;0;0
5;52;2416586;M001;4.2157033860634;08;01;2;2;1;16;0;0;0
5;52;5858346;M001;2.4872107001604;01;01;1;1;1;16;0;0;0
5;52;3955795;M001;3.0298308882995;01;01;1;4;2;08;0;0;0
5;52;3731377;M001;2.625281828989;01;01;1;2;1;14;0;0;0
5;52;1754308;M001;2.4109873543243;01;01;1;3;1;13;0;0;0
5;52;901976;M001;3.750519683519;01;01;1;1;1;06;0;0;0
5;52;6607199;M001;3.7639723758528;01;01;1;2;1;14;0;0;0
5;52;3968899;M001;3.7639723758528;01;01;1;2;1;13;0;0;0
5;52;3810629;M001;2.251143676096;01;01;1;3;2;17;0;0;0
5;52;3962962;M001;3.9751336250189;01;01;1;4;1;16;0;0;0
5;52;5890727;M001;2.7208324233435;01;01;1;3;1;17;0;0;0
5;52;612672;M001;3.6237507753926;01;01;1;4;1;14;0;0;0
5;52;6769263;M001;4.543331894919;01;01;1;3;2;14;0;0;0
5;52;3818267;M001;3.8943409426201;01;01;1;4;2;17;0;0;0
5;52;5716612;M001;1.9782808175776;01;01;1;1;1;10;0;0;0
5;52;2598363;M001;1.6022457352741;01;01;1;2;2;16;0;0;0
5;52;1546134;M001;1.7659016223175;01;01;1;2;1;14;0;0;0
5;52;6186183;M001;3.2892177503569;01;01;1;3;2;14;0;0;0
5;52;1633416;M001;2.7764831863205;01;01;1;1;1;14;0;0;0
5;52;3144726;M001;4.1803261465285;01;01;1;4;2;17;0;0;0
5;52;5097662;M001;2.0907898627238;01;01;1;1;1;09;0;0;0
5;52;1100434;M001;2.2475429664466;01;01;1;4;2;17;0;0;0
5;52;636042;M001;3.3119835013323;01;01;1;2;2;14;0;0;0
5;52;1612513;M001;3.0368610264465;01;01;1;1;1;17;0;0;0
5;52;3787417;M001;2.9724562542205;01;01;1;1;1;12;0;0;0
5;52;689569;M001;2.5445757642547;08;01;2;4;1;17;0;0;0
5;52;2904645;M001;2.5646694900946;08;01;2;3;1;16;0;0;0
5;52;869411;M001;2.5255477725652;08;01;2;2;2;17;0;0;0
5;52;7079417;M001;4.7311568935965;08;01;2;4;2;17;0;0;0
5;52;1097892;M001;2.5463040024908;05;01;2;1;2;17;0;0;0
5;52;6102865;M001;2.2603187985824;05;01;2;2;1;13;0;0;0
5;52;1311474;M001;3.2983928728433;08;01;2;2;2;13;0;0;0
5;52;5427309;M001;9.7927771590505;01;01;1;4;1;07;0;0;0
5;52;6318579;M001;16.0808939941992;01;01;1;4;2;17;0;0;0
5;52;3179498;M001;8.7551234148327;01;01;1;3;2;12;0;0;0
5;52;5399668;M001;10.8633379719889;01;01;1;2;1;12;0;0;0
5;52;6774828;M001;8.7288027062667;01;01;1;4;2;17;0;0;0
5;52;97840;M001;10.5082211049048;01;01;1;2;2;12;0;0;0
5;52;2842325;M001;12.6698713026292;01;01;1;4;1;16;0;0;0
5;52;557514;M001;10.4556792196313;01;01;1;3;1;12;0;0;0
5;52;5216359;M001;11.2914212890472;01;01;1;2;2;17;0;0;0
5;52;2303648;M001;8.7852015197642;01;01;1;1;2;17;0;0;0
5;52;4039978;M001;9.2291017448144;01;01;1;1;2;17;0;0;0
5;52;548440;M001;10.4803172326204;01;01;1;3;2;10;0;0;0
5;52;7080579;M001;11.5721371756666;01;01;1;2;1;15;0;0;0
5;52;7201529;M001;7.968641258909;01;01;1;3;2;04;0;0;0
5;52;4442519;M001;11.9835005369144;01;01;1;2;1;07;0;0;0
5;52;1453612;M001;7.968641258909;01;01;1;3;1;15;0;0;0
5;52;3162534;M001;6.0532462530464;01;01;1;3;1;12;0;0;0
5;52;7434715;M001;8.7376285145742;01;01;1;3;1;12;0;0;0
5;52;7434715;M002;8.7376285145742;01;01;1;3;1;06;0;0;0
5;52;7434715;M003;8.7376285145742;01;01;1;3;1;06;0;0;0
5;52;6060891;M001;5.8361458080009;01;01;1;1;2;17;0;0;0
5;52;2368696;M001;10.1102886699337;01;01;1;4;2;15;0;0;0
5;52;1969782;M001;12.1454342095759;01;01;1;2;2;16;0;0;0
5;52;4837042;M001;12.1853763310024;01;01;1;2;2;17;0;0;0
5;52;3899576;M001;10.5082211049048;01;01;1;3;1;17;0;0;0
5;52;6411714;M001;15.3105928314281;01;01;1;3;1;12;0;0;0
5;52;4924910;M001;12.1106073192349;01;01;1;4;2;16;0;0;0
5;52;4452871;M001;14.6725583244377;01;01;1;2;1;17;0;0;0
5;52;5716707;M001;5.7585577538583;01;01;1;1;1;17;0;0;0
5;52;4895390;M001;10.9963124479544;01;01;1;3;2;11;0;0;0
5;52;849042;M001;9.7687852329494;01;01;1;2;1;14;0;0;0
5;52;5508093;M001;12.1853763310024;01;01;1;1;1;14;0;0;0
5;52;720113;M001;10.0055290709927;01;01;1;2;1;14;0;0;0
5;52;6906395;M001;7.4395626373338;01;01;1;1;1;17;0;0;0
5;52;5696014;M001;10.8781593369629;01;01;1;3;1;17;0;0;0
5;52;5742494;M001;9.6906885207675;01;01;1;2;1;17;0;0;0
5;52;7544323;M001;10.4402087280512;01;01;1;3;2;12;0;0;0
5;52;5499547;M001;10.3572271152446;01;01;1;3;2;17;0;0;0
5;52;937478;M001;14.131667284165;01;01;1;3;2;12;0;0;0
5;52;2751079;M001;12.7451909332709;01;01;1;3;2;14;0;0;0
5;52;4214732;M001;11.0202527863004;01;01;1;3;1;11;0;0;0
5;52;5765061;M001;10.1313702478078;01;01;1;3;1;06;0;0;0
5;52;2054933;M001;12.3342167380285;01;01;1;3;1;16;0;0;0
5;52;4898828;M001;11.1100392961225;01;01;1;2;2;17;0;0;0
5;52;5093544;M001;7.1160491104685;01;01;1;1;2;13;0;0;0
5;52;4507145;M001;13.2323034229194;01;01;1;1;1;04;0;0;0
5;52;1678392;M001;12.8404165388381;01;01;1;4;1;15;0;0;0
5;52;3482872;M001;13.1237519897699;01;01;1;2;2;15;0;0;0
5;52;7497441;M001;9.8510141872065;01;01;1;3;2;17;0;0;0
5;52;5812297;M001;12.0093260951905;01;01;1;4;2;12;0;0;0
5;52;1647986;M001;8.3669763131102;01;01;1;4;1;14;0;0;0
5;52;2633865;M001;9.3248659617091;01;01;1;1;1;07;0;0;0
5;52;1506139;M001;9.4982723256905;01;01;1;1;2;14;0;0;0
5;52;7732137;M001;9.2656930690818;01;01;1;4;1;09;0;0;0
5;52;2424866;M001;8.6150950044944;01;01;1;4;2;17;0;0;0
5;52;211688;M001;10.824927676167;01;01;1;4;2;17;0;0;0
5;52;1161448;M001;4.4967742995499;01;01;1;3;2;10;0;0;0
5;52;3830656;M001;10.8801091685208;01;01;1;1;1;14;0;0;0
5;52;710363;M001;11.2372986461904;01;01;1;4;2;15;0;0;0
5;52;7302014;M001;6.9091832973414;01;01;1;1;2;14;0;0;0
5;52;1158189;M001;12.766523193839;01;01;1;4;2;17;0;0;0
5;52;3929385;M001;15.7630089653237;01;01;1;3;1;11;0;0;0
5;52;2418612;M001;7.9789585163922;01;01;1;1;2;15;0;0;0
5;52;5764472;M001;10.4105213836868;01;01;1;3;1;15;0;0;0
5;52;930486;M001;9.6826453308468;01;01;1;3;1;17;0;0;0
5;52;938622;M001;10.7299395088132;01;01;1;3;2;15;0;0;0
5;52;2650835;M001;11.3073445936545;01;01;1;4;1;17;0;0;0
5;52;3569044;M001;11.0956169850396;01;01;1;4;1;16;0;0;0
5;52;2273834;M001;11.5345578089752;01;01;1;4;2;15;0;0;0
5;52;759377;M001;15.3072516939969;01;01;1;2;1;08;0;0;0
5;52;5949615;M001;10.4105213836868;01;01;1;1;2;17;0;0;0
5;52;1142253;M001;8.6401609936485;01;01;1;1;1;14;0;0;0
5;52;341254;M001;8.0664469642031;01;01;1;3;1;13;0;0;0
5;52;197195;M001;8.0270084922491;01;01;1;4;2;11;0;0;0
5;52;6527725;M001;8.6076033834328;01;01;1;1;1;13;0;0;0
5;52;2747849;M001;6.9214085083597;01;01;1;2;2;17;0;0;0
5;52;4913846;M001;11.0479799577674;01;01;1;3;2;17;0;0;0
5;52;220109;M001;12.2669242648043;01;01;1;3;2;17;0;0;0
5;52;1214220;M001;17.931393758225;01;01;1;1;1;13;0;0;0
5;52;1785512;M001;9.8105534418368;01;01;1;2;2;16;0;0;0
5;52;5451199;M001;11.2964257508978;01;01;1;2;1;16;0;0;0
5;52;3648974;M001;10.9222150802464;01;01;1;3;2;03;0;0;0
5;52;187372;M001;7.2133313992937;01;01;1;3;1;13;0;0;0
5;52;3037622;M001;9.8170960188309;01;01;1;1;1;17;0;0;0
5;52;5160913;M001;11.7627566736976;01;01;1;4;2;16;0;0;0
5;52;3130461;M001;9.2825686620992;01;01;1;1;1;06;0;0;0
5;52;3706516;M001;13.4820897260859;01;01;1;2;1;12;0;0;0
5;52;6512373;M001;11.9232620493225;01;01;1;3;2;13;0;0;0
5;52;6807574;M001;6.6502162157302;01;01;1;3;1;12;0;0;0
5;52;6830183;M001;6.956634642154;01;01;1;1;1;01;0;0;0
5;52;483743;M001;10.7207567098887;01;01;1;1;2;17;0;0;0
5;52;6912141;M001;12.2509655707981;01;01;1;2;2;15;0;0;1
5;52;550794;M001;10.4203504742139;01;01;1;3;2;11;0;0;0
5;52;747599;M001;10.8705791484476;01;01;1;3;1;12;0;0;0
5;52;6874648;M001;8.3982429570544;01;01;1;3;2;17;0;0;0
5;52;4771556;M001;7.2157655906661;01;01;1;3;1;15;0;0;0
5;52;923060;M001;9.1909659448976;01;01;1;1;1;16;0;0;0
5;52;5186225;M001;10.3830957054472;01;01;1;1;1;11;0;0;0
5;52;3781271;M001;10.3830957054472;01;01;1;1;1;16;0;0;0
5;52;454012;M001;10.3830957054472;01;01;1;2;2;17;0;0;0
5;52;998492;M001;10.0036955201841;01;01;1;3;1;13;0;0;0
5;52;2636787;M001;10.3812621546385;01;01;1;1;1;13;0;0;0
5;52;4417646;M001;10.0036955201841;01;01;1;3;1;16;0;0;0
5;52;6933895;M002;10.7624958907103;01;01;1;3;2;13;0;0;1
5;52;4838211;M001;8.3541347665781;01;01;1;3;2;17;0;0;0
5;52;1241692;M001;8.1974274321045;01;01;1;3;1;15;0;0;0
5;52;6921864;M001;10.4612662671815;01;01;1;4;2;17;0;0;0
5;52;7662536;M001;8.4931478168251;01;01;1;1;1;13;0;0;0
5;52;4808524;M001;9.9151130489391;01;01;1;4;1;14;0;0;0
5;52;3494729;M001;10.9229595962533;01;01;1;4;1;08;0;0;0
5;52;4346573;M001;10.9229595962533;01;01;1;2;1;13;0;0;0
5;52;1159749;M001;11.2345253905304;01;01;1;1;2;17;0;0;0
5;52;3422437;M001;9.6906885207675;01;01;1;3;2;16;0;0;0
5;52;3737159;M001;12.9265308248723;01;01;1;2;2;15;0;0;0
5;52;3769743;M001;12.4834830938672;01;01;1;4;1;15;0;0;0
5;52;6499444;M001;7.4395626373338;01;01;1;4;1;14;0;0;0
5;52;5270916;M001;7.4395626373338;01;01;1;3;1;15;0;0;0
5;52;700703;M001;13.0771821924361;01;01;1;1;1;17;0;0;0
5;52;609156;M001;14.2285955267841;01;01;1;4;1;16;0;0;0
5;52;4483426;M001;11.0130167492838;01;01;1;1;2;17;0;0;0
5;52;4649668;M001;9.7458976593898;01;01;1;3;1;10;0;0;0
5;52;6649971;M001;10.7630315141177;01;01;1;2;2;17;0;0;0
5;52;7359319;M001;15.1832553659438;01;01;1;3;1;10;0;0;0
5;52;4063312;M001;10.168048905903;01;01;1;2;1;14;0;0;1
5;52;4885965;M001;14.3027859421335;01;01;1;2;1;15;0;0;0
5;52;3749969;M001;10.5794555600249;01;01;1;1;2;99;0;0;1
5;52;1124741;M001;8.931347588257;01;01;1;3;1;99;0;0;1
5;52;6349549;M001;10.020969418074;01;01;1;2;2;08;0;0;0
5;52;4322750;M001;10.0664100915102;01;01;1;1;1;14;0;0;0
5;52;5339995;M001;9.8189495177682;01;01;1;1;2;17;0;0;0
5;52;4463023;M001;13.1123978822895;01;01;1;2;2;08;0;0;0
5;52;141997;M001;7.0354559532321;01;01;1;2;2;13;0;0;0
5;52;3292309;M001;10.2667293486745;01;01;1;4;2;17;0;0;0
5;52;4442417;M001;7.1094810843794;01;01;1;1;2;09;0;0;0
5;52;3979065;M001;10.0591958077943;01;01;1;2;1;12;0;0;0
5;52;5310194;M001;13.2615223316354;01;01;1;4;1;17;0;0;0
5;52;6910441;M001;11.1138355310216;01;01;1;4;2;17;0;0;0
5;52;3258714;M001;12.1924614113892;01;01;1;2;1;14;0;0;0
5;52;3880782;M001;11.1657855148834;01;01;1;2;1;16;0;0;0
5;52;2711769;M001;8.5002804814177;01;01;1;3;2;16;0;0;0
5;52;6175663;M001;13.4711145599571;01;01;1;3;1;11;0;0;0
5;52;5237017;M001;10.8801091685208;01;01;1;4;1;14;0;0;0
5;52;5879927;M001;11.0719539147656;01;01;1;3;1;16;0;0;0
5;52;4277916;M001;11.0988201206938;01;01;1;1;1;09;0;0;0
5;52;4277916;M002;11.0988201206938;01;01;1;3;1;14;0;0;0
5;52;6845958;M001;12.4111723635622;01;01;1;4;1;15;0;0;0
5;52;2382794;M001;8.2916696203645;01;01;1;3;2;17;0;0;0
5;52;7180187;M001;10.9629174631584;01;01;1;1;1;13;0;0;0
5;52;2198051;M001;9.8356573816051;01;01;1;4;2;17;0;0;0
5;52;268191;M001;11.8583606106189;01;01;1;2;1;16;0;0;0
5;52;2526033;M001;10.6501048190829;01;01;1;2;1;17;0;0;0
5;52;5055736;M001;12.8396740890904;01;01;1;2;1;10;0;0;0
5;52;7317790;M001;11.6868265660166;01;01;1;4;2;15;0;0;0
5;52;7406354;M001;6.4233486578756;01;01;1;3;1;15;0;0;0
5;52;2415799;M001;6.05063374494;01;01;1;2;1;17;0;0;0
5;52;5460250;M001;15.0337482653886;01;01;1;3;1;12;0;0;0
5;52;5438505;M001;8.1557088295728;01;01;1;4;2;13;0;0;0
5;52;6484512;M001;11.7994509916515;01;01;1;2;1;17;0;0;0
5;52;7679948;M001;9.258887662832;01;01;1;1;1;17;0;0;0
5;52;7251968;M001;10.6717235202523;01;01;1;3;1;17;0;0;0
5;52;6711693;M001;7.3256849642743;01;01;1;4;1;03;0;0;0
5;52;2843847;M001;10.0081437278657;01;01;1;4;2;17;0;0;0
5;52;4160723;M001;10.0216192904281;01;01;1;4;2;10;0;0;0
5;52;6192290;M001;10.3046417666519;01;01;1;2;1;06;0;0;0
5;52;4657918;M001;10.2073571334762;01;01;1;2;1;16;0;0;0
5;52;5709540;M001;11.3597405124129;01;01;1;4;2;17;0;0;0
5;52;7680339;M001;14.5894880529386;01;01;1;3;2;14;0;0;0
5;52;3554973;M001;8.3354800824936;01;01;1;3;1;16;0;0;0
5;52;7674626;M001;10.4126369890408;01;01;1;4;2;17;0;0;0
5;52;3628374;M001;14.4208593913473;01;01;1;2;2;15;0;0;0
5;52;70619;M001;9.5734455749425;01;01;1;4;2;17;0;0;0
5;52;6713612;M001;8.3230558158633;01;01;1;2;1;15;0;0;0
5;52;698356;M001;5.070772572339;01;01;1;3;2;17;0;0;0
5;52;4335781;M001;10.8361819560644;01;01;1;3;1;17;0;0;0
5;52;3278651;M001;8.1692361349639;01;01;1;3;2;17;0;0;0
5;52;6844230;M001;3.709995936016;01;01;1;2;1;06;0;0;0
5;52;5232920;M001;6.5886759824907;01;01;1;2;1;17;0;0;0
5;52;4504827;M001;11.422048555832;01;01;1;1;1;10;0;0;0
5;52;5679977;M001;13.0007249882027;01;01;1;3;2;12;0;0;0
5;52;5361403;M001;7.594774232239;01;01;1;3;2;10;0;0;0
5;52;3263169;M001;13.4843139454193;01;01;1;3;1;11;0;0;0
5;52;5535897;M001;13.0173846588564;01;01;1;2;1;13;0;0;0
5;52;6048138;M001;6.0889491758085;01;01;1;2;1;12;0;0;0
5;52;7462367;M001;11.7055421097983;01;01;1;3;2;17;0;0;0
5;52;7702307;M001;12.9468000407812;01;01;1;4;2;14;0;0;0
5;52;4223359;M001;21.155052192131;01;01;1;1;1;07;0;0;0
5;52;2834287;M001;10.0329964502337;01;01;1;3;2;06;0;0;0
5;52;3736463;M001;3.733715426462;01;01;1;3;1;13;0;0;0
5;52;5952823;M001;10.3830957054472;01;01;1;2;1;06;0;0;0
5;52;6031841;M001;10.7624958907103;01;01;1;3;1;16;0;0;0
5;52;7455330;M001;10.7624958907103;01;01;1;3;2;17;0;0;0
5;52;5675629;M001;10.3849292562559;01;01;1;1;1;01;0;0;0
5;52;5264464;M001;8.7893917156304;01;01;1;2;1;14;0;0;0
5;52;4669407;M001;10.3830957054472;01;01;1;1;1;13;0;0;0
5;52;5997171;M001;10.3830957054472;01;01;1;3;2;11;0;0;1
5;52;928695;M001;10.1378609163805;01;01;1;1;1;13;0;0;0
5;52;917627;M001;7.2944521360808;01;01;1;1;1;17;0;0;0
5;52;5571640;M001;5.5776847634992;01;01;1;3;1;14;0;0;0
5;52;1801208;M001;13.9634174877287;01;01;1;1;2;17;0;0;0
5;52;4570285;M001;4.7101049905865;01;01;1;2;2;16;0;0;0
5;52;4432082;M001;10.9242559806857;01;01;1;2;2;16;0;0;0
5;52;2285043;M001;6.8960414836118;01;01;1;2;2;16;0;0;0
5;52;7476055;M001;8.829839717391;01;01;1;1;1;11;0;0;0
5;52;7515918;M001;10.035857444891;01;01;1;4;2;17;0;0;0
5;52;3436119;M001;7.03866704847;01;01;1;3;1;15;0;0;0
5;52;2055633;M001;12.6658959348993;01;01;1;3;2;16;0;0;0
5;52;2490247;M001;12.5439290549352;01;01;1;2;1;14;0;0;0
5;52;4920790;M001;6.8250676472261;01;01;1;3;1;12;0;0;0
5;52;2681465;M001;10.7331633993945;01;01;1;2;1;16;0;0;0
5;52;3130966;M001;13.7783079882462;01;01;1;1;2;17;0;0;0
5;52;7473982;M001;9.2440636866822;01;01;1;4;2;15;0;0;0
5;52;6327351;M001;10.818292677834;01;01;1;4;2;17;0;0;0
5;52;6327351;M002;10.818292677834;01;01;1;3;1;13;0;0;0
5;52;2198661;M001;12.3498885088914;01;01;1;1;1;15;0;0;0
5;52;1944010;M001;10.442587195767;01;01;1;3;2;16;0;0;0
5;52;3483162;M001;6.6243436713365;01;01;1;4;2;17;0;0;0
5;52;1305764;M001;17.3927081351813;01;01;1;1;1;08;0;0;0
5;52;3134389;M001;11.8219339806938;01;01;1;2;1;15;0;0;0
5;52;53081;M001;6.3133496840403;01;01;1;4;1;16;0;0;0
5;52;53081;M002;6.3133496840403;01;01;1;4;1;07;0;0;0
5;52;5511568;M001;11.5770259431145;01;01;1;3;1;13;0;0;0
5;52;7411377;M001;7.6553236747808;01;01;1;1;1;11;0;0;0
5;52;5412547;M001;10.2564091589103;01;01;1;2;2;08;0;0;0
5;52;612206;M001;10.3821090732286;01;01;1;2;2;03;0;0;0
5;52;7381864;M001;10.5937345482021;01;01;1;3;1;17;0;0;0
5;52;7775668;M001;14.0598391443311;01;01;1;2;2;14;0;0;0
5;52;3378065;M001;9.6515034390327;01;01;1;4;2;17;0;0;0
5;52;951979;M001;12.5866528739088;01;01;1;3;1;13;0;0;0
5;52;199439;M001;12.1883160259217;01;01;1;1;1;01;0;0;0
5;52;1059909;M001;7.5836706105717;01;01;1;4;1;10;0;0;0
5;52;592675;M001;10.8053600231756;01;01;1;1;2;15;0;0;0
5;52;6127661;M001;16.1093373368232;01;01;1;4;1;17;0;0;0
5;52;4286384;M001;8.9189725776288;01;01;1;3;2;09;0;0;0
5;52;1471208;M001;16.4089491528335;01;01;1;3;1;17;0;0;0
5;52;6674268;M001;9.1386929345345;01;01;1;1;2;13;0;0;0
5;52;6218385;M001;7.8540678875426;01;01;1;4;1;12;0;0;0
5;52;5866608;M001;12.4672950682462;01;01;1;4;1;12;0;0;0
5;52;6358205;M001;10.5352681821942;01;01;1;3;2;15;0;0;0
5;52;5187985;M001;9.7540091450227;01;01;1;4;1;01;0;0;0
5;52;4636263;M001;8.7551407160136;01;01;1;4;1;17;0;0;0
5;52;5641079;M001;7.8540678875426;01;01;1;3;1;06;0;0;0
5;52;3406389;M001;9.6730142806552;01;01;1;3;1;16;0;0;0
5;52;2334881;M001;13.288437634992;01;01;1;3;1;09;0;0;0
5;52;7595831;M001;8.5046741206794;01;01;1;4;2;17;0;0;0
5;52;912717;M001;11.1728210384343;01;01;1;1;1;15;0;0;0
5;52;686973;M001;12.0461420188481;01;01;1;1;1;02;0;0;0
5;52;3766078;M001;7.8202543782148;01;01;1;4;2;17;0;0;0
5;52;3870615;M001;13.7059546446321;01;01;1;3;1;17;0;0;0
5;52;2059378;M001;11.8258680716523;01;01;1;2;1;11;0;0;0
5;52;3723703;M001;9.0355103113451;01;01;1;3;1;15;0;0;0
5;52;5039767;M001;10.9926287115296;01;01;1;1;2;06;0;0;0
5;52;4317112;M001;2.011952642093;01;01;1;2;2;16;0;0;0
5;52;3274528;M001;3.0421974163181;01;01;1;2;1;15;0;0;0
5;52;4035345;M001;3.6915003922267;01;01;1;2;1;17;0;0;0
5;52;7507471;M001;1.8194224466982;01;01;1;3;1;14;0;0;0
5;52;4007756;M001;2.0018650301883;01;01;1;3;1;15;0;0;0
5;52;2931958;M001;3.15628439212;01;01;1;3;2;10;0;0;0
5;52;1752343;M001;1.9147963613057;01;01;1;1;1;04;0;0;0
5;52;4068193;M001;3.2450642077012;01;01;1;1;1;01;0;0;0
5;52;601562;M001;1.8226302606206;01;01;1;2;2;10;0;0;0
5;52;2185462;M001;3.0735289225496;01;01;1;2;1;17;0;0;0
5;52;4543454;M001;1.8331166585358;01;01;1;4;1;09;0;0;0
5;52;6363830;M001;3.256963737353;01;01;1;3;2;09;0;0;0
5;52;4706612;M001;2.7688413844882;01;01;1;4;1;15;0;0;0
5;52;7707668;M001;2.2429669423382;01;01;1;3;1;17;0;0;0
5;52;4159962;M001;4.5881574205122;01;01;1;3;1;17;0;0;0
5;52;2841340;M001;2.6346909043461;01;01;1;4;1;07;0;0;0
5;52;1077985;M001;10.2031467726118;01;01;1;2;1;04;0;0;0
5;52;1562857;M001;9.4277078216883;01;01;1;4;1;16;0;0;0
5;52;6636872;M001;7.4538104262766;01;01;1;2;1;17;0;0;0
5;52;6314831;M001;12.1841418308691;01;01;1;4;2;17;0;0;0
5;52;780682;M002;11.3199143229547;01;01;1;1;2;17;0;0;0
5;52;4093578;M001;8.7451538778831;01;01;1;3;1;01;0;0;0
5;52;5531762;M001;11.0034326773254;01;01;1;3;1;17;0;0;0
5;52;7125413;M001;9.6611119678994;01;01;1;1;1;15;0;0;0
5;52;6990076;M001;8.9174004168285;01;01;1;3;2;17;0;0;0
5;52;4976545;M001;13.1509400497662;01;01;1;2;2;16;0;0;0
5;52;3751285;M001;6.5598453033908;01;01;1;3;1;12;0;0;0
5;52;2846836;M001;9.2663922614367;01;01;1;2;2;13;0;0;0
5;52;7569066;M001;13.8961677613914;01;01;1;2;2;12;0;0;0
5;52;2212177;M001;10.4725094704423;01;01;1;3;1;15;0;0;0
5;52;5358575;M001;8.0087703300722;01;01;1;2;1;14;0;0;0
5;52;2685315;M001;10.8851625057265;01;01;1;3;1;10;0;0;0
5;52;6874213;M001;10.9597362556201;01;01;1;3;1;15;0;0;0
5;52;5759695;M001;11.8736736842805;01;01;1;2;1;17;0;0;0
5;52;5525217;M001;8.598495165565;01;01;1;2;1;15;0;0;0
5;52;6864374;M001;13.8715517651667;01;01;1;4;2;13;0;0;0
5;52;2472931;M001;11.3006389920824;01;01;1;2;2;17;0;0;0
5;52;6805210;M001;10.4236190857587;01;01;1;4;1;17;0;0;0
5;52;6347788;M001;9.7076974493992;01;01;1;1;2;15;0;0;0
5;52;3144228;M001;11.2200898571003;01;01;1;3;2;17;0;0;0
5;52;1124475;M001;9.7882465843812;01;01;1;3;1;11;0;0;0
5;52;1150296;M001;9.481326785844;01;01;1;3;2;03;0;0;0
5;52;5413847;M001;8.4227969549298;01;01;1;2;1;01;0;0;0
5;52;1828929;M001;10.4004455981313;01;01;1;4;1;14;0;0;0
5;52;5528470;M001;10.1918323860094;01;01;1;4;2;17;0;0;0
5;52;6568874;M001;11.5028868804035;01;01;1;4;2;17;0;0;0
5;52;3482423;M001;10.6969810476915;01;01;1;3;2;14;0;0;0
5;52;4554100;M001;9.0851693822675;01;01;1;3;2;13;0;0;0
5;52;5099368;M001;9.0851693822675;01;01;1;1;1;14;0;0;0
5;52;990727;M001;11.5992525607812;01;01;1;4;1;01;0;0;0
5;52;5895354;M001;10.3962238766616;01;01;1;2;1;14;0;0;0
5;52;6231397;M001;10.1918323860094;01;01;1;3;1;17;0;0;0
5;52;4110496;M001;7.5629479616921;01;01;1;3;1;01;0;0;0
5;52;6836822;M001;12.6635213975951;01;01;1;1;2;15;0;0;0
5;52;2434553;M001;8.473716319646;01;01;1;1;1;13;0;0;0
5;52;3951378;M001;10.8014129599313;01;01;1;4;1;12;0;0;0
5;52;6355529;M001;8.4602336318667;01;01;1;3;2;01;0;0;0
5;52;3647529;M001;11.5299888976792;01;01;1;4;1;17;0;0;0
5;52;3647529;M002;11.5299888976792;01;01;1;3;2;17;0;0;0
5;52;3647529;M003;11.5299888976792;01;01;1;4;1;10;0;0;0
5;52;335206;M001;10.2207217843427;01;01;1;3;2;17;0;0;0
5;52;335206;M002;10.2207217843427;01;01;1;1;1;13;0;0;0
5;52;1551936;M001;10.3776389939427;01;01;1;3;1;17;0;0;0
5;52;3043065;M001;10.7096848592398;01;01;1;4;1;15;0;0;0
5;52;5826423;M001;10.7096848592398;01;01;1;1;1;15;0;0;0
5;52;6370634;M001;10.6039075193309;01;01;1;1;2;17;0;0;0
5;52;6669787;M001;10.6949710136692;01;01;1;1;2;17;0;0;0
5;52;2172364;M001;10.7243987048103;01;01;1;3;1;11;0;0;0
5;52;1295890;M001;10.4981301794221;01;01;1;3;1;06;0;0;0
5;52;4066219;M001;10.3776389939427;01;01;1;3;1;16;0;0;0
5;52;5145436;M001;10.5891936737604;01;01;1;3;2;01;0;0;0
5;52;2001204;M001;11.553100853635;01;01;1;3;1;15;0;0;0
5;52;7068730;M001;5.0108011704065;01;01;1;3;2;15;0;0;0
5;52;481201;M001;13.7059546446321;01;01;1;2;1;13;0;0;0
5;52;7110934;M001;12.8398490093263;01;01;1;4;1;10;0;0;0
5;52;7273195;M001;15.8134983581346;01;01;1;1;1;11;0;0;0
5;52;1104588;M001;14.1469260851352;01;01;1;1;2;15;0;0;0
5;52;7688034;M001;14.6058930277884;01;01;1;2;2;01;0;0;0
5;52;254846;M001;8.8005374874691;01;01;1;4;2;14;0;0;0
5;52;7555608;M001;12.2023806111288;01;01;1;3;1;17;0;0;0
5;52;335341;M001;13.6318556046626;01;01;1;4;1;17;0;0;0
5;52;3743095;M001;7.8559335076216;01;01;1;1;1;13;0;0;0
5;52;5708789;M001;10.3835222025133;01;01;1;3;1;15;0;0;0
5;52;697845;M001;9.3772789089619;01;01;1;3;1;06;0;0;0
5;52;4047966;M001;12.1962779439722;01;01;1;3;1;05;0;0;0
5;52;6201916;M001;13.0217170367757;01;01;1;4;1;14;0;0;0
5;52;642172;M001;9.1345953491647;01;01;1;3;1;12;0;0;0
5;52;1822330;M001;14.4252726875983;01;01;1;1;2;17;0;0;0
5;52;3585794;M001;10.3997422445035;01;01;1;3;2;01;0;0;0
5;52;4143371;M001;8.2275483697528;01;01;1;4;1;11;0;0;0
5;52;3977475;M001;10.6969810476915;01;01;1;1;1;15;0;0;0
5;52;5356149;M001;8.2362887220206;01;01;1;2;1;12;0;0;1
5;52;5325201;M001;8.371772818128;01;01;1;2;2;15;0;0;0
5;52;1104893;M001;10.5095407661348;01;01;1;4;1;17;0;0;0
5;52;3393329;M001;2.9087549152355;01;01;1;2;2;16;0;0;0
5;52;5672429;M001;3.6370989860714;01;01;1;3;1;15;0;0;0
5;52;4822500;M001;2.9345589182145;01;01;1;3;2;13;0;0;0
5;52;7368885;M001;4.4707097597394;01;01;1;1;1;16;0;0;0
5;52;4946899;M001;3.1419165584352;01;01;1;2;1;16;0;0;0
5;52;4946899;M002;3.1419165584352;01;01;1;4;1;10;0;0;0
5;52;1625772;M001;3.1160468554523;01;01;1;3;2;17;0;0;0
5;52;1664411;M001;9.1098633405675;01;01;1;2;1;15;0;0;0
5;52;5920671;M001;12.7780041996245;01;01;1;4;2;17;0;0;0
5;52;2132611;M001;11.5495290965243;01;01;1;3;2;11;0;0;0
5;52;2623318;M001;6.9149068316057;01;01;1;3;2;09;0;0;0
5;52;5451015;M001;6.9046281416008;01;01;1;1;1;15;0;0;0
5;52;4439033;M001;8.0203878175338;01;01;1;2;1;14;0;0;0
5;52;2584466;M001;7.4395626373338;01;01;1;1;1;16;0;0;0
5;52;3265340;M001;7.968641258909;01;01;1;1;2;16;0;0;0
5;52;3715;M001;7.9097818085272;01;01;1;2;1;01;0;0;0
5;52;4736950;M001;12.3159194460437;01;01;1;3;2;13;0;0;0
5;52;5619784;M001;9.4056634979332;01;01;1;3;1;13;0;0;0
5;52;805022;M001;11.1815403120823;01;01;1;2;1;17;0;0;0
5;52;1819545;M001;8.117436325012;01;01;1;3;2;13;0;0;0
5;52;4846399;M001;9.4428853481795;01;01;1;1;1;15;0;0;0
5;52;1587167;M001;10.6673755459202;01;01;1;1;1;01;0;0;1
5;52;2724962;M001;8.7178277322303;01;01;1;1;2;11;0;0;0
5;52;2431246;M001;10.7880614044362;01;01;1;3;2;17;0;0;0
5;52;2890153;M001;7.4395626373338;01;01;1;3;1;14;0;0;0
5;52;1217135;M001;6.9934369367843;01;01;1;3;2;17;0;0;0
5;52;7385254;M001;7.7498354310819;01;01;1;4;1;15;0;0;0
5;52;6014885;M001;5.0033125297149;01;01;1;4;1;16;0;0;0
5;52;7389967;M001;14.6605875461587;01;01;1;2;2;16;0;0;0
5;52;4659628;M001;17.2807663735313;01;01;1;2;1;07;0;0;0
5;52;6603324;M001;10.0627889744133;01;01;1;3;1;12;0;0;0
5;52;3096037;M001;11.8258680716523;01;01;1;4;1;17;0;0;0
5;52;6359506;M001;14.0447272618772;01;01;1;3;2;14;0;0;0
5;52;7500478;M001;11.1307959042612;01;01;1;2;1;14;0;0;0
5;52;4518298;M001;11.4408770994873;01;01;1;3;1;07;0;0;0
5;52;5507353;M001;9.9992597300361;01;01;1;1;1;16;0;0;0
5;52;6606616;M001;9.7732103430925;01;01;1;1;2;13;0;0;0
5;52;1009192;M001;13.0662762363628;01;01;1;4;2;16;0;0;0
5;52;2213474;M001;13.6685558872332;01;01;1;4;2;11;0;0;0
5;52;6205178;M001;9.2291017448144;01;01;1;3;1;16;0;0;0
5;52;406926;M001;10.9912893216604;01;01;1;3;1;16;0;0;0
5;52;7225004;M001;11.0423672117675;01;01;1;1;2;17;0;0;0
5;52;805152;M001;10.0123150785181;01;01;1;2;2;17;0;0;0
5;52;805152;M002;10.0123150785181;01;01;1;2;1;13;0;0;0
5;52;713539;M001;10.268687850858;01;01;1;1;1;17;0;0;0
5;52;2366732;M001;13.0210526554852;01;01;1;3;2;15;0;0;0
5;52;4960688;M001;8.6291736303514;01;01;1;2;1;01;0;0;0
5;52;6640863;M001;12.6543876253346;01;01;1;1;1;10;0;0;0
5;52;3924654;M001;15.1907256634085;01;01;1;3;1;12;0;0;0
5;52;1475560;M001;13.0540047218274;01;01;1;3;1;15;0;0;0
5;52;1705784;M001;12.6543876253346;01;01;1;3;1;15;0;0;0
5;52;1728235;M001;19.293946020557;01;01;1;3;2;13;0;0;0
5;52;1514228;M001;10.9107614119963;01;01;1;1;1;17;0;0;0
5;52;3182280;M001;10.8527257052773;01;01;1;1;1;09;0;0;0
5;52;2735193;M001;10.3046417666519;01;01;1;4;2;17;0;0;0
5;52;2576980;M001;9.1515191920575;01;01;1;2;1;15;0;0;0
5;52;1328263;M001;9.3319760723587;01;01;1;1;1;13;0;0;0
5;52;5049040;M001;8.4064282235357;01;01;1;3;1;13;0;0;0
5;52;4651099;M001;12.5405500911027;01;01;1;3;2;15;0;0;0
5;52;7197609;M001;7.0076105031254;01;01;1;2;2;17;0;0;0
5;52;7652191;M001;11.7237745152749;01;01;1;4;1;17;0;0;0
5;52;3884972;M001;7.5529824121477;01;01;1;4;2;16;0;0;0
5;52;4395129;M001;11.1593803818653;01;01;1;3;2;12;0;0;0
5;52;7626778;M001;8.4186459665774;01;01;1;4;1;13;0;0;0
5;52;6816337;M001;10.0036955201841;01;01;1;1;1;17;0;0;0
5;52;3471726;M001;10.3830957054472;01;01;1;4;1;17;0;0;0
5;52;6952064;M001;7.8346084654174;01;01;1;2;1;15;0;0;0
5;52;6028586;M001;13.7086287719501;01;01;1;1;1;08;0;0;0
5;52;1261955;M001;7.5311348002575;01;01;1;1;2;17;0;0;0
5;52;26965;M001;14.129830811514;01;01;1;3;2;12;0;0;0
5;52;6869748;M001;10.3934884137507;01;01;1;3;2;15;0;0;0
5;52;708968;M001;7.8239592107224;01;01;1;3;1;17;0;0;0
5;52;708968;M002;7.8239592107224;01;01;1;4;2;17;0;0;0
5;52;5092995;M001;12.1790216976056;01;01;1;1;1;13;0;0;0
5;52;729898;M001;15.1416663494149;01;01;1;3;2;13;0;0;0
5;52;6491890;M001;9.4945179888673;01;01;1;2;1;14;0;0;0
5;52;2898754;M001;6.5712922761823;01;01;1;3;1;14;0;0;0
5;52;5495292;M001;11.610785017925;01;01;1;2;2;14;0;0;0
5;52;3135712;M001;10.7575891712906;01;01;1;2;2;11;0;0;0
5;52;4855449;M001;10.985105454129;01;01;1;2;1;08;0;0;0
5;52;1544080;M001;10.818292677834;01;01;1;4;1;15;0;0;0
5;52;89901;M001;9.4945179888673;01;01;1;3;1;16;0;0;0
5;52;5590419;M001;7.7867560058658;01;01;1;4;1;17;0;0;0
5;52;1795292;M001;12.9832843109133;01;01;1;2;1;14;0;0;0
5;52;661710;M001;10.64441247892;01;01;1;2;2;17;0;0;0
5;52;7198255;M001;4.949257617593;01;01;1;4;1;17;0;0;0
5;52;2243171;M001;8.6072899855239;01;01;1;3;1;05;0;0;0
5;52;915674;M001;10.5691353317209;01;01;1;1;1;13;0;0;0
5;52;524071;M001;11.917735842983;01;01;1;3;2;04;0;0;0
5;52;2776980;M001;11.6958695530921;01;01;1;4;1;17;0;0;0
5;52;4231399;M001;8.9604633283684;01;01;1;2;1;08;0;0;0
5;52;3136967;M001;29.9311944062703;01;01;1;4;2;16;0;0;0
5;52;7504307;M001;9.3917866366066;01;01;1;1;2;14;0;0;0
5;52;5713908;M001;9.8613796375206;01;01;1;3;2;04;0;0;0
5;52;5569013;M001;10.8242003360521;01;01;1;4;1;16;0;0;0
5;52;5975669;M001;10.5838508240451;01;01;1;4;1;11;0;0;0
5;52;712933;M001;13.40920125443;01;01;1;4;2;17;0;0;0
5;52;3646903;M001;12.7441778375456;01;01;1;4;1;17;0;0;0
5;52;5511671;M001;10.5276840771351;01;01;1;3;2;15;0;0;0
5;52;745168;M002;15.0093165379851;01;01;1;2;1;15;0;0;0
5;52;5462664;M001;12.2328013166566;01;01;1;1;2;17;0;0;0
5;52;2114329;M001;8.7262677826706;01;01;1;2;2;15;0;0;0
5;52;2695904;M001;10.2690818674771;01;01;1;2;1;17;0;0;0
5;52;5985767;M001;12.1039231566711;01;01;1;3;2;13;0;0;0
5;52;3494914;M001;11.5986976692812;01;01;1;3;1;14;0;0;0
5;52;983023;M001;10.0002407062859;01;01;1;3;1;13;0;0;0
5;52;5621020;M001;12.1217429072053;01;01;1;4;1;14;0;0;0
5;52;3900315;M001;5.0928574255132;01;01;1;1;2;08;0;0;0
5;52;124482;M001;11.7000484498681;01;01;1;2;1;17;0;0;0
5;52;6412027;M001;9.2972146832516;01;01;1;2;1;12;0;0;0
5;52;4707596;M001;7.2223727598586;01;01;1;1;1;17;0;0;0
5;52;5387221;M001;12.7387476768908;01;01;1;4;1;07;0;0;0
5;52;6017322;M001;9.3900111987104;01;01;1;2;2;17;0;0;0
5;52;6874218;M001;9.3900111987104;01;01;1;1;1;08;0;0;0
5;52;5288618;M001;10.10593283507;01;01;1;1;1;12;0;0;0
5;52;5998004;M001;9.7076974493992;01;01;1;3;1;16;0;0;0
5;52;7054335;M001;10.5041682207408;01;01;1;3;2;11;0;0;0
5;52;1716259;M001;9.7076974493992;01;01;1;3;1;16;0;0;0
5;52;4862473;M001;10.3962238766616;01;01;1;3;1;14;0;0;0
5;52;4887944;M001;10.6969810476915;01;01;1;2;1;17;0;0;0
5;52;1701341;M001;11.8036440514334;01;01;1;3;2;17;0;0;0
5;52;1286983;M001;10.3962238766616;01;01;1;1;1;13;0;0;0
5;52;5005700;M001;8.8807778916153;01;01;1;1;1;05;0;0;0
5;52;7295576;M001;10.3962238766616;01;01;1;3;1;14;0;0;0
5;52;7198947;M001;10.9977382187214;01;01;1;3;1;09;0;0;0
5;52;4417656;M001;10.3962238766616;01;01;1;1;1;08;0;0;0
5;52;5606007;M001;10.5250334495198;01;01;1;3;2;12;0;0;0
5;52;4671300;M001;9.0728758212995;01;01;1;3;1;07;0;0;0
5;52;1068402;M001;9.9545296343074;01;01;1;3;1;07;0;0;0
5;52;6294447;M001;5.2227981207492;01;01;1;3;1;17;0;0;0
5;52;2321654;M001;13.3342465696781;01;01;1;3;1;01;0;0;0
5;52;2432823;M001;8.0730631672902;01;01;1;4;2;15;0;0;0
5;52;3280800;M001;12.3665077022546;01;01;1;2;1;17;0;0;0
5;52;3713966;M001;7.8943831714779;01;01;1;3;1;15;0;0;0
5;52;5528600;M001;7.9610920965103;01;01;1;3;1;10;0;0;0
5;52;5627865;M001;11.1174734241115;01;01;1;3;1;17;0;0;0
5;52;1042157;M001;8.6054081292195;01;01;1;3;1;09;0;0;0
5;52;1053468;M001;11.4421249457021;01;01;1;1;2;06;0;0;0
5;52;1458226;M001;10.7792602524844;01;01;1;4;2;16;0;0;0
5;52;3248698;M001;10.2393443594649;01;01;1;3;2;17;0;0;0
5;52;6569148;M001;11.3008536090082;01;01;1;1;1;06;0;0;0
5;52;5530236;M001;12.6993934702089;01;01;1;1;2;08;0;0;0
5;52;6443115;M002;11.9196847123383;08;01;2;3;2;17;0;0;0
5;52;2799267;M001;10.5440296977317;08;01;2;4;2;15;0;0;0
5;52;3240110;M001;16.7008845497654;08;01;2;4;1;16;0;0;0
5;52;3782873;M001;8.0790779655025;02;01;1;4;2;01;0;0;0
5;52;4430715;M001;10.5667631196711;02;01;1;4;1;11;0;0;0
5;52;5803854;M001;11.3130506264361;03;01;1;3;2;13;0;0;0
5;52;3005973;M001;10.3830957054472;01;01;1;4;2;17;0;0;0
5;52;5632367;M001;10.3867628070646;01;01;1;4;1;17;0;0;0
5;52;5657997;M001;8.6665709498144;01;01;1;4;2;17;0;0;0
5;52;4867307;M001;10.9293598075834;01;01;1;3;1;01;0;0;0
5;52;3489834;M001;11.1437296267822;01;01;1;3;1;17;0;0;0
5;52;869711;M001;9.3502597807848;01;01;1;2;1;13;0;0;0
5;52;509456;M001;9.2070867354686;01;01;1;2;1;12;0;0;0
5;52;6521717;M001;10.5286154672348;01;01;1;3;1;11;0;0;0
5;52;4692436;M001;6.5598453033908;01;01;1;3;1;13;0;0;0
5;52;5779355;M001;8.0087703300722;01;01;1;3;2;17;0;0;0
5;52;5249069;M001;10.4146320420318;01;01;1;2;1;01;0;0;0
5;52;7221387;M001;12.4530205698206;01;01;1;1;2;16;0;0;0
5;52;3289262;M001;9.2014784993977;01;01;1;3;2;14;0;0;0
5;52;2647122;M001;12.7235781394967;01;01;1;3;1;10;0;0;0
5;52;4249329;M001;10.3629251483722;01;01;1;3;1;13;0;0;0
5;52;2675189;M001;10.468702488281;01;01;1;3;1;15;0;0;0
5;52;5431870;M001;10.468702488281;01;01;1;3;1;13;0;0;0
5;52;149032;M001;10.0036955201841;01;01;1;3;1;15;0;0;0
5;52;5646117;M001;6.2215334681491;01;01;1;4;1;14;0;0;0
5;52;4210461;M001;14.9754008093449;01;01;1;3;1;14;0;0;0
5;52;5451421;M001;10.3996290266192;01;01;1;1;1;15;0;0;0
5;52;2810996;M001;9.3932672472598;02;01;1;3;1;04;0;0;0
5;52;4668306;M001;10.1660843141251;01;01;1;4;1;13;0;0;0
5;52;2144790;M001;10.8154621991486;01;01;1;2;2;06;0;0;1
5;52;5401162;M001;9.4149281340866;01;01;1;1;1;13;0;0;0
5;52;4291101;M001;9.1548660408108;01;01;1;2;2;17;0;0;0
5;52;4738401;M001;9.1427558716701;01;01;1;2;1;13;0;0;0
5;52;2571939;M001;9.6059680323907;01;01;1;4;2;13;0;0;0
5;52;4234103;M001;6.9212287730361;01;01;1;3;1;17;0;0;0
5;52;1228264;M001;9.4958206047276;01;01;1;3;1;16;0;0;0
5;52;7659995;M001;11.5136634455514;01;01;1;1;2;17;0;0;0
5;52;524757;M001;14.6224349184361;01;01;1;4;2;15;0;0;0
5;52;5221505;M001;4.4014300374743;01;01;1;3;2;17;0;0;0
5;52;1479580;M001;13.3032402108914;01;01;1;2;2;12;0;0;0
5;52;1544547;M001;12.6619963785664;01;01;1;3;2;10;0;0;0
5;52;7662591;M001;10.0447836839368;01;01;1;4;1;01;0;0;0
5;52;6897496;M001;11.1426854124675;01;01;1;4;2;12;0;0;0
5;52;5012022;M001;9.2306764131592;01;01;1;4;2;09;0;0;0
5;52;3175384;M001;12.0732592585282;01;01;1;1;2;17;0;0;0
5;52;7577682;M001;10.7892805033751;01;01;1;3;1;08;0;0;0
5;52;4643576;M001;8.1243583335334;01;01;1;3;1;16;0;0;0
5;52;5278054;M001;8.130516105138;01;01;1;3;2;09;0;0;0
5;52;705558;M001;10.3805905501977;01;01;1;1;2;16;0;0;0
5;52;1954369;M001;10.468128031675;01;01;1;4;1;17;0;0;0
5;52;3115208;M001;13.7717273819647;01;01;1;4;2;15;0;0;0
5;52;686768;M001;10.1371696096644;01;01;1;3;1;14;0;0;0
5;52;290578;M001;12.97845993663;01;01;1;4;2;17;0;0;0
5;52;7187794;M001;12.077794363836;01;01;1;2;1;17;0;0;0
5;52;1006146;M001;10.5847173557228;01;01;1;1;1;01;0;0;0
5;52;4466374;M001;9.7882465843812;01;01;1;2;1;01;0;0;0
5;52;4303383;M001;10.186481970052;01;01;1;3;2;16;0;0;0
5;52;6193393;M001;13.695746404974;01;01;1;4;2;15;0;0;0
5;52;2645107;M001;11.7981703651309;01;01;1;1;2;15;0;0;0
5;52;957686;M001;10.8448898902896;01;01;1;4;2;01;0;0;0
5;52;2409922;M001;10.7096848592398;01;01;1;4;1;11;0;0;0
5;52;5622794;M001;10.8154621991486;01;01;1;4;2;13;0;0;0
5;52;2272057;M001;10.6949710136692;01;01;1;3;2;06;0;0;0
5;52;6948754;M001;10.1834984854987;01;01;1;1;1;11;0;0;0
5;52;3528199;M001;7.8176624653135;01;01;1;1;2;16;0;0;0
5;52;1096891;M001;8.1705971290938;01;01;1;2;2;15;0;0;0
5;52;1525448;M001;9.3859265532974;01;01;1;1;2;13;0;0;0
5;52;2816643;M001;10.9977382187214;01;01;1;3;1;15;0;0;0
5;52;1134481;M001;3.6767735203531;01;01;1;1;1;12;0;0;0
5;52;474057;M001;3.0390394371071;01;01;1;4;1;17;0;0;0
5;52;1358956;M001;2.6662654778182;01;01;1;3;1;01;0;0;0
5;52;1300991;M001;3.4358517956209;01;01;1;1;2;13;0;0;0
5;52;5424548;M001;2.4159319303109;01;01;1;3;2;07;0;0;0
5;52;2869135;M001;3.3107756840722;01;01;1;1;1;17;0;0;0
5;52;2868235;M001;2.6194849831544;01;01;1;2;1;16;0;0;0
5;52;3844694;M001;4.1130002163445;01;01;1;3;1;13;0;0;0
5;52;5946092;M001;8.0203878175338;01;01;1;1;1;13;0;0;0
5;52;2567016;M001;5.8723890878707;01;01;1;3;2;17;0;0;0
5;52;2687764;M001;8.6072899855239;01;01;1;1;1;11;0;0;0
5;52;4347373;M001;10.4834163338516;01;01;1;4;1;15;0;0;0
5;52;6706321;M001;10.5891936737604;01;01;1;4;1;11;0;0;0
5;52;1598365;M001;10.8301760447191;01;01;1;1;1;02;0;0;0
5;52;5442861;M001;8.097656762323;01;01;1;1;2;07;0;0;0
5;52;5570556;M001;9.8291935773287;01;01;1;2;2;11;0;0;0
5;52;3371426;M001;12.253759459922;01;01;1;4;1;17;0;0;0
5;52;3184174;M001;15.1661000871531;01;01;1;3;1;11;0;0;0
5;52;7684512;M001;9.7279056103557;01;01;1;1;2;17;0;0;0
5;52;7703547;M001;9.5903180439496;01;01;1;3;1;09;0;0;0
5;52;1267662;M001;10.3962238766616;01;01;1;1;1;13;0;0;0
5;52;1086411;M001;8.7844122112375;01;01;1;4;2;07;0;0;0
5;52;3585219;M001;10.5891936737604;01;01;1;4;1;15;0;0;0
5;52;4747934;M001;10.8301760447191;01;01;1;4;1;10;0;0;0
5;52;6806312;M001;7.2945039695019;01;01;1;1;1;01;0;0;0
5;52;2977457;M001;12.2960477485165;01;01;1;4;2;11;0;0;0
5;52;6384330;M001;13.1149762506213;01;01;1;3;1;04;0;0;0
5;52;807827;M001;8.1656113897495;01;01;1;1;1;14;0;0;0
5;52;7476372;M001;9.575399017559;01;01;1;3;2;10;0;0;0
5;52;5462343;M001;13.7428729453398;01;01;1;1;1;12;0;0;0
5;52;6698877;M001;9.8910752149795;01;01;1;1;1;15;0;0;0
5;52;6661616;M001;10.3962238766616;01;01;1;1;2;17;0;0;0
5;52;171835;M001;9.7148040671607;01;01;1;3;2;04;0;0;0
5;52;2698257;M001;10.1854076949187;01;01;1;1;1;01;0;0;0
5;52;2698257;M002;10.1854076949187;01;01;1;1;1;01;0;0;0
5;52;2698257;M003;10.1854076949187;01;01;1;1;1;01;0;0;0
5;52;4498019;M001;11.7738454736806;01;01;1;4;2;15;0;0;0
5;52;692642;M001;12.8257703413975;01;01;1;1;2;17;0;0;0
5;52;5234632;M001;12.3962476223788;01;01;1;3;1;16;0;0;0
5;52;4914279;M001;11.2048152682349;01;01;1;1;1;05;0;0;0
5;52;1143225;M001;8.1742281091654;01;01;1;1;1;17;0;0;0
5;52;3025695;M001;9.833904607818;01;01;1;3;1;07;0;0;0
5;52;3918200;M001;10.0036955201841;01;01;1;4;1;17;0;0;0
5;52;5712965;M001;10.3830957054472;01;01;1;3;1;11;0;0;0
5;52;6065933;M001;10.0036955201841;01;01;1;1;1;17;0;0;0
5;52;1326975;M001;10.9579615857144;01;01;1;2;1;05;0;0;0
5;52;3141634;M001;9.6599327749297;01;01;1;4;1;15;0;0;0
5;52;2546389;M001;8.7096394147686;01;01;1;4;2;16;0;0;0
5;52;6830090;M001;10.794417869293;01;01;1;2;1;15;0;0;0
5;52;3158830;M001;11.4662425189743;01;01;1;1;1;13;0;0;0
5;52;4331103;M001;10.0036955201841;01;01;1;1;1;15;0;0;0
5;52;5812135;M001;10.6186213649014;01;01;1;1;2;13;0;0;0
5;52;406269;M001;10.3278158780584;01;01;1;3;1;03;0;0;0
5;52;393512;M001;10.5937345482021;01;01;1;3;2;08;0;0;0
5;52;5001222;M001;11.1426854124675;01;01;1;3;2;15;0;0;0
5;52;5884044;M001;11.3797764943862;01;01;1;4;2;06;0;0;0
5;52;1636948;M001;12.597248865547;01;01;1;2;1;17;0;0;0
5;52;5672988;M001;10.0518191615701;01;01;1;4;1;01;0;0;0
5;52;3558217;M001;4.9875642517818;01;01;1;4;2;13;0;0;0
5;52;6965026;M001;9.70920029488;01;01;1;3;2;10;0;0;0
5;52;1084357;M001;8.752446721075;01;01;1;4;1;15;0;0;0
5;52;461496;M001;10.9635880711283;01;01;1;3;2;17;0;0;0
5;52;5254992;M001;6.9751845283759;01;01;1;4;1;15;0;0;0
5;52;2755214;M001;12.6461014080453;01;01;1;4;2;17;0;0;0
5;52;3006111;M001;9.4100767609101;01;01;1;3;1;14;0;0;0
5;52;993004;M001;11.973612381684;01;01;1;3;2;17;0;0;0
5;52;5543372;M001;11.5778686595273;01;01;1;4;1;16;0;0;0
5;52;4221182;M001;11.8062409080114;01;01;1;1;2;10;0;0;0
5;52;4342777;M001;12.7751062088088;01;01;1;3;1;14;0;0;0
5;52;1176299;M001;7.2046545999659;01;01;1;3;1;17;0;0;0
5;52;722618;M001;8.7568326149232;01;01;1;3;2;14;0;0;0
5;52;7250910;M001;14.6997091778221;01;01;1;2;1;17;0;0;0
5;52;3962200;M001;9.9229804019801;01;01;1;3;1;09;0;0;0
5;52;6051877;M001;7.5018848522607;01;01;1;1;1;16;0;0;0
5;52;153951;M001;12.2501528340946;01;01;1;2;2;15;0;0;0
5;52;1303930;M001;15.7959507443537;01;01;1;1;1;17;0;0;0
5;52;4328298;M001;9.3201650069012;01;01;1;3;2;17;0;0;0
5;52;5980137;M001;9.8291935773287;01;01;1;1;1;16;0;0;0
5;52;3977869;M001;17.0863973605077;01;01;1;2;1;17;0;0;0
5;52;6491051;M001;9.6390755343213;01;01;1;3;1;14;0;0;0
5;52;3560858;M001;12.8720196316566;01;01;1;1;1;15;0;0;0
5;52;6747438;M001;12.2402176281075;01;01;1;2;2;13;0;0;0
5;52;5785881;M001;7.927631511223;01;01;1;2;1;13;0;0;0
5;52;3982768;M001;7.3245565164858;01;01;1;2;2;08;0;0;0
5;52;6517968;M001;11.3552163879447;01;01;1;3;1;10;0;0;0
5;52;7070494;M001;15.367495611173;01;01;1;1;2;01;0;0;0
5;52;633647;M001;14.2935077890369;01;01;1;3;2;17;0;0;1
5;52;633647;M002;14.2935077890369;01;01;1;3;1;17;0;0;1
5;52;2623952;M001;10.4182948406281;01;01;1;1;2;01;0;0;0
5;52;5873804;M001;13.3622060609887;01;01;1;3;1;01;0;0;0
5;52;6216196;M001;8.3225078574434;02;01;1;1;2;16;0;0;0
5;52;3150129;M001;2.4135158059501;01;01;1;3;2;15;0;0;0
5;52;2691682;M001;8.0117132662164;01;01;1;2;1;11;0;0;0
5;52;5704318;M001;11.6950929362018;01;01;1;2;2;16;0;0;0
5;52;3714231;M001;12.2871980749916;01;01;1;2;1;11;0;0;0
5;52;3983510;M001;12.1324102774041;01;01;1;2;1;17;0;0;0
5;52;7025262;M001;9.1159239576968;01;01;1;3;1;12;0;0;0
5;52;5743504;M001;10.0073518954619;01;01;1;1;2;08;0;0;0
5;52;4000374;M001;11.7204210394208;01;01;1;3;1;17;0;0;0
5;52;241847;M001;9.2942575749235;01;01;1;3;1;06;0;0;0
5;52;1114502;M002;3.3490979805089;01;01;1;2;2;09;0;0;0
5;52;5035095;M001;8.4125833573481;01;01;1;4;2;17;0;0;0
5;52;2655099;M001;14.3430815776993;01;01;1;3;2;15;0;0;0
5;52;5450567;M001;7.3506113389566;02;01;1;2;1;08;0;0;0
5;52;2920166;M001;10.5945890624783;08;01;2;2;2;16;0;0;0
5;52;379540;M001;10.6463415928164;01;01;1;1;2;10;0;0;0
5;52;2506967;M001;10.8025128433854;01;01;1;3;1;09;0;0;0
5;52;201188;M001;7.3973909184674;01;01;1;3;2;12;0;0;0
5;52;818601;M001;10.7096848592398;01;01;1;4;1;05;0;0;0
5;52;532125;M001;10.468702488281;01;01;1;4;1;16;0;0;0
5;52;6635377;M001;10.4834163338516;01;01;1;4;1;08;0;0;0
5;52;2887710;M001;10.5128440249926;01;01;1;2;2;15;0;0;0
5;52;6219988;M001;10.1918323860094;01;01;1;2;2;17;0;0;0
5;52;3046763;M001;10.6969810476915;01;01;1;1;2;15;0;0;0
5;52;7329552;M001;10.6969810476915;01;01;1;3;1;12;0;0;0
5;52;7341512;M001;10.9977382187214;01;01;1;1;2;08;0;0;0
5;52;5693974;M001;10.3962238766616;01;01;1;4;2;16;0;0;0
5;52;4271126;M001;10.5286154672348;01;01;1;1;1;13;0;0;0
5;52;597844;M001;7.7751407886324;01;01;1;2;1;08;0;0;0
5;52;6075146;M001;13.7465124013716;01;01;1;3;1;12;0;0;0
5;52;7658786;M001;5.6052947005692;01;01;1;1;1;14;0;0;0
5;52;5213659;M001;10.657367017512;01;01;1;2;1;08;0;0;0
5;52;3636061;M001;10.1079783464017;01;01;1;3;1;14;0;0;0
5;52;3032548;M001;2.8779065238722;01;01;1;3;2;17;0;0;0
5;52;1395901;M001;7.9419269639729;01;01;1;4;1;09;0;0;0
5;52;2678289;M001;14.2108688120806;01;01;1;2;2;01;0;0;0
5;52;2678289;M002;14.2108688120806;01;01;1;2;2;01;0;0;0
5;52;1014689;M001;12.6918967916741;01;01;1;2;2;10;0;0;0
5;52;7274952;M001;9.8024227036085;01;01;1;2;1;14;0;0;0
5;52;4435594;M001;10.2803537641087;01;01;1;4;2;13;0;0;0
5;52;3249635;M001;9.8774653530941;01;01;1;1;2;07;0;0;0
5;52;441346;M001;10.0055290709927;01;01;1;1;1;16;0;0;0
5;52;6522700;M001;10.3849292562559;01;01;1;4;2;10;0;0;0
5;52;2563265;M001;2.9067433426459;01;01;1;3;1;09;0;0;0
5;52;2139276;M001;3.7887318307161;01;01;1;3;2;05;0;0;0
5;52;2440332;M001;2.6562324908988;01;01;1;2;1;06;0;0;0
5;52;7182709;M001;5.6222921370072;01;01;1;2;1;17;0;0;0
5;52;2601885;M001;3.3199224429954;01;01;1;4;1;15;0;0;0
5;52;6730225;M001;2.9966574417409;01;01;1;3;1;17;0;0;0
5;52;1961611;M001;3.1663514070668;01;01;1;3;2;07;0;0;0
5;52;5998764;M001;2.8728786298832;01;01;1;3;1;10;0;0;0
5;52;6620919;M001;9.5521319110318;01;01;1;3;1;04;0;0;0
5;52;548420;M001;8.0087703300722;01;01;1;2;1;17;0;0;0
5;52;1806237;M001;9.4914514454105;01;01;1;1;1;07;0;0;0
5;52;6022443;M001;10.468702488281;01;01;1;4;1;17;0;0;0
5;52;6128775;M001;10.1918323860094;01;01;1;4;2;01;0;0;0
5;52;3120597;M001;10.9977382187214;01;01;1;1;2;16;0;0;0
5;52;4405048;M001;10.3962238766616;01;01;1;3;1;13;0;0;0
5;52;2271068;M001;7.6738116322645;01;01;1;2;1;12;0;0;0
5;52;6281278;M001;9.0579306826272;01;01;1;3;2;12;0;0;0
5;52;7732426;M001;7.2928535852729;01;01;1;3;1;17;0;0;0
5;52;6993253;M001;5.9470042216584;01;01;1;3;2;14;0;0;0
5;52;668827;M001;6.6247751567302;01;01;1;4;1;16;0;0;0
5;52;2727947;M001;12.4088921162692;01;01;1;3;2;17;0;0;0
5;52;5360246;M001;6.0229611375263;08;01;2;4;1;07;0;0;0
5;52;3516964;M001;12.574991791521;01;01;1;4;1;17;0;0;0
5;52;5343439;M001;12.1480563975206;01;01;1;2;1;13;0;0;0
5;52;4680908;M001;9.456352896896;01;01;1;2;2;13;0;0;0
5;52;5106632;M001;10.1264874009205;08;01;2;2;2;10;0;0;0
5;52;3697934;M001;2.3271231681192;01;01;1;2;2;10;0;0;0
5;52;7426580;M001;2.0586694240621;01;01;1;1;1;11;0;0;0
5;52;2763485;M001;1.5709722187457;01;01;1;3;1;14;0;0;0
5;52;2570175;M001;1.8615215517671;01;01;1;3;1;16;0;0;0
5;52;3079904;M001;1.5382285964051;01;01;1;2;1;13;0;0;0
5;52;2268562;M001;1.3085969813622;01;01;1;3;1;12;0;0;0
5;52;6354189;M001;2.3707846451456;01;01;1;4;2;06;0;0;0
5;52;1849880;M001;2.1651332904584;01;01;1;3;1;17;0;0;0
5;52;773858;M001;1.3784528877336;01;01;1;4;2;16;0;0;0
5;52;7237163;M001;1.7122981874282;01;01;1;4;1;13;0;0;0
5;52;2234789;M001;10.3300941036036;01;01;1;2;2;16;0;0;0
5;52;2234789;M002;10.3300941036036;01;01;1;4;1;12;0;0;0
5;52;4740582;M001;9.7374917191643;01;01;1;4;1;16;0;0;0
5;52;7202234;M001;8.4770402382095;01;01;1;3;1;14;0;0;0
5;52;3578594;M001;10.1389061078196;01;01;1;4;2;17;0;0;0
5;52;5528991;M001;7.3024243386406;01;01;1;4;2;13;0;0;0
5;52;7285660;M001;11.4044020214336;01;01;1;4;1;15;0;0;0
5;52;4296110;M001;11.3531807956857;01;01;1;3;1;17;0;0;0
5;52;1588991;M001;8.159601172533;01;01;1;3;2;16;0;0;0
5;52;3184906;M001;9.6966597563619;01;01;1;3;1;14;0;0;0
5;52;3437264;M001;9.4954262450613;01;01;1;3;1;12;0;0;0
5;52;2841604;M001;12.210955046431;01;01;1;2;1;15;0;0;0
5;52;4195792;M001;13.106120003225;01;01;1;1;2;11;0;0;0
5;52;2421953;M001;10.2029572739084;01;01;1;2;1;13;0;0;0
5;52;3331430;M001;6.2980846010528;01;01;1;3;2;16;0;0;0
5;52;7471411;M001;12.7252327832687;01;01;1;2;1;12;0;0;0
5;52;7106242;M001;11.2960610732512;01;01;1;1;1;16;0;0;0
5;52;2459462;M001;11.7624978478894;01;01;1;1;1;14;0;0;0
5;52;806992;M001;9.9546340375899;01;01;1;4;1;17;0;0;0
5;52;4792083;M001;8.1046802558143;08;01;2;4;2;16;0;0;0
5;52;7150713;M001;10.3586225601231;08;01;2;3;1;01;0;0;0
5;52;3880448;M001;7.7988011990016;01;01;1;2;2;15;0;0;0
5;52;367231;M001;6.2980846010528;01;01;1;4;2;17;0;0;0
5;52;367231;M002;6.2980846010528;01;01;1;4;2;05;0;0;0
5;52;7029397;M001;12.5289270446681;01;01;1;3;1;08;0;0;0
5;52;351903;M001;10.5987855769222;01;01;1;1;1;14;0;0;0
5;52;6371500;M001;13.6240144193695;01;01;1;1;1;15;0;0;0
5;52;5273697;M001;11.0096085458651;01;01;1;4;1;13;0;0;0
5;52;7276932;M001;13.6240144193695;01;01;1;2;1;16;0;0;0
5;52;3576386;M001;12.6902579561362;01;01;1;4;1;05;0;0;0
5;52;2236171;M001;8.2774119157518;01;01;1;1;2;12;0;0;0
5;52;6007969;M001;7.2973762643817;01;01;1;1;1;12;0;0;0
5;52;6146962;M001;11.2263944444017;01;01;1;3;2;16;0;0;0
5;52;7512986;M001;25.1933357103367;01;01;1;3;2;14;0;0;0
5;52;2270715;M001;29.6633248824747;01;01;1;4;1;09;0;0;0
5;52;2535155;M001;17.6529800655177;01;01;1;3;1;05;0;0;0
5;52;2109241;M001;27.2741454867776;01;01;1;2;1;11;0;0;0
5;52;2811430;M001;10.4593130309028;01;01;1;2;2;15;0;0;0
5;52;196602;M001;15.6264366008647;01;01;1;2;1;16;0;0;0
5;52;5448675;M001;22.2415148098741;01;01;1;1;1;12;0;0;0
5;52;400229;M001;16.5989840153983;01;01;1;3;2;13;0;0;0
5;52;7410749;M001;24.657374354218;01;01;1;2;2;07;0;0;0
5;52;4494253;M001;15.6264366008647;01;01;1;3;1;14;0;0;0
5;52;2023828;M001;22.6660589094012;01;01;1;1;2;13;0;0;0
5;52;1114421;M001;21.5947122941908;01;01;1;4;2;11;0;0;0
5;52;3021346;M001;15.0010093923415;01;01;1;2;1;05;0;0;0
5;52;4097857;M001;13.494520164103;01;05;1;4;2;12;0;0;0
5;52;5327312;M001;20.8443653016389;01;01;1;2;2;08;0;0;0
5;52;3368292;M001;19.2032447993505;01;01;1;3;1;10;0;0;0
5;52;3743572;M001;16.0982910379;01;01;1;1;1;12;0;0;0
5;52;2601239;M001;19.2093653736191;01;01;1;1;2;17;0;0;0
5;52;2473966;M001;21.5621505832326;01;01;1;4;2;13;0;0;1
5;52;7770506;M001;19.1483978793355;01;01;1;2;1;14;0;0;0
5;52;3895444;M001;20.355274231284;01;01;1;1;1;01;0;0;0
5;52;1120403;M001;12.5601864069494;01;01;1;3;1;14;0;0;0
5;52;5576603;M001;32.7763498804845;01;01;1;1;1;14;0;0;0
5;52;7172931;M001;14.94653766027;01;01;1;4;2;04;0;0;0
5;52;2817183;M001;23.4837611563008;01;01;1;1;2;08;0;0;0
5;52;7090722;M001;18.747656640212;01;01;1;1;1;06;0;0;0
5;52;3251346;M001;24.2696521665765;01;01;1;1;2;17;0;0;0
5;52;1328152;M001;56.726718828349;01;01;1;1;1;16;0;0;0
5;52;6963630;M001;20.0160149906409;01;01;1;3;1;09;0;0;0
5;52;2906203;M001;20.0160149906409;01;01;1;3;2;14;0;0;0
5;52;2334013;M001;26.2313611377048;01;01;1;1;1;17;0;0;0
5;52;2334013;M002;26.2313611377048;01;01;1;3;2;17;0;0;0
5;52;2753985;M001;19.700102129159;01;01;1;4;1;13;0;0;0
5;52;7618359;M001;28.3544940623463;01;01;1;2;1;17;0;0;0
5;52;1040990;M001;15.965415721694;01;01;1;3;2;17;0;0;0
5;52;7786944;M001;33.2692108102728;01;01;1;3;1;07;0;0;0
5;52;4191685;M001;22.8034475482418;01;01;1;3;1;12;0;0;0
5;52;4628797;M001;18.7390997558763;01;01;1;1;1;08;0;0;0
5;52;3075731;M001;18.2852946742879;01;01;1;3;1;07;0;0;0
5;52;2097819;M001;26.5381491810195;01;01;1;2;1;17;0;0;0
5;52;5564958;M001;25.822038016806;01;01;1;4;2;01;0;0;0
5;52;3186317;M001;22.1533736357103;01;01;1;3;1;09;0;0;0
5;52;7306595;M001;21.6231180775162;01;01;1;1;2;15;0;0;0
5;52;4606249;M001;37.8068954603533;01;01;1;4;1;15;0;0;0
5;52;2848544;M001;26.0303114615107;01;01;1;4;1;06;0;0;0
5;52;540742;M001;20.0160149906409;01;01;1;3;1;11;0;0;0
5;52;280481;M001;19.2571278339575;01;01;1;1;2;13;0;0;0
5;52;3673279;M002;22.1937605307689;01;01;1;4;1;06;0;0;0
5;52;4896449;M001;21.7648589874661;01;01;1;1;1;07;0;0;0
5;52;6951044;M001;21.1048877607049;01;01;1;3;1;09;0;0;0
5;52;5983708;M001;17.9884888487183;01;01;1;3;2;04;0;0;0
5;52;7601817;M001;12.4353532264946;01;01;1;3;1;17;0;0;0
5;52;2822363;M001;13.7075315544491;01;01;1;4;1;17;0;0;0
5;52;5303412;M001;19.3493090259648;01;01;1;3;1;02;0;0;0
5;52;5540838;M001;15.7418217782043;01;01;1;2;1;16;0;0;0
5;52;4806542;M001;28.0499598766377;01;01;1;1;2;15;0;0;0
5;52;4876122;M001;32.8816772829792;01;01;1;2;2;09;0;0;0
5;52;6532262;M001;16.3135692432658;01;01;1;1;2;13;0;0;0
5;52;5818292;M001;34.1639462250911;01;01;1;1;2;11;0;0;0
5;52;6887131;M001;20.1976794141718;01;01;1;1;1;17;0;0;0
5;52;7498682;M001;22.0890105147351;01;01;1;4;2;15;0;0;0
5;52;3131939;M001;21.0489776396091;01;01;1;4;1;17;0;0;0
5;52;3131939;M002;21.0489776396091;01;01;1;3;1;14;0;0;0
5;52;6594818;M001;26.5949069711578;01;01;1;2;1;14;0;0;0
5;52;4743372;M001;32.7290660204818;01;01;1;1;2;17;0;0;0
5;52;4367862;M001;16.9204565699958;01;01;1;4;1;04;0;0;0
5;52;6211215;M001;19.7983755032351;01;01;1;3;1;10;0;0;0
5;52;2369966;M001;17.4111564644648;01;01;1;2;2;15;0;0;0
5;52;4472886;M001;20.355274231284;01;01;1;2;2;11;0;0;0
5;52;1196740;M001;17.7067399654518;01;01;1;1;1;05;0;0;0
5;52;3808450;M001;30.8910719761729;01;01;1;1;1;08;0;0;0
5;52;3808450;M002;30.8910719761729;01;01;1;2;1;17;0;0;0
5;52;494842;M001;18.0024890216706;01;01;1;4;1;08;0;0;0
5;52;1548545;M001;26.6865996743047;01;01;1;4;1;08;0;0;0
5;52;7720574;M001;28.8674065364559;01;01;1;4;1;17;0;0;1
5;52;1825757;M001;21.7648589874661;01;01;1;2;1;09;0;0;0
5;52;784899;M001;20.6759862174021;01;01;1;3;1;13;0;0;0
5;52;4825593;M001;19.559877883115;01;01;1;2;1;05;0;0;0
5;52;349545;M001;16.5221319166303;01;01;1;2;1;16;0;0;0
5;52;1197780;M001;25.9671875947155;01;01;1;3;2;17;0;0;0
5;52;1197780;M002;25.9671875947155;01;01;1;4;2;10;0;0;0
5;52;3320398;M001;24.304393784133;01;01;1;3;1;17;0;0;0
5;52;3010148;M001;19.0463345628569;01;01;1;1;2;16;0;0;0
5;52;7287813;M001;21.4348733740855;01;01;1;4;2;17;0;0;0
5;52;1433625;M001;12.2622444917887;08;01;2;3;2;10;0;0;0
5;52;1433625;M002;12.2622444917887;08;01;2;4;2;05;0;0;0
5;52;1510919;M001;21.8544695970514;01;01;1;3;1;02;0;0;0
5;52;7781084;M001;18.7039325257413;01;01;1;3;2;09;0;0;0
5;52;1634459;M001;22.7690269351811;01;01;1;2;2;07;0;0;0
5;52;2098975;M001;21.5104410068709;01;01;1;1;1;17;0;0;0
5;52;2717183;M001;22.9852366099801;01;01;1;4;1;17;0;0;0
5;52;6501080;M001;15.8149559062904;01;01;1;3;1;04;0;0;0
5;52;5941339;M001;16.9289046071444;01;01;1;3;2;01;0;0;0
5;52;7044251;M001;23.2279526277719;01;01;1;4;2;06;0;0;0
5;52;1489031;M001;16.4650303482505;01;01;1;4;2;12;0;0;0
5;52;3352502;M001;39.8926178492209;01;01;1;3;1;07;0;0;0
5;52;6930890;M001;16.7419406356284;01;01;1;4;2;15;0;0;0
5;52;2373795;M001;19.7465565440799;01;01;1;1;1;17;0;0;0
5;52;2373795;M002;19.7465565440799;01;01;1;1;1;15;0;0;0
5;52;538356;M001;15.3757558056154;01;01;1;1;1;05;0;0;0
5;52;5936990;M001;20.9282286601165;01;01;1;3;2;13;0;0;0
5;52;3818154;M001;13.2526877934782;01;01;1;2;1;15;0;0;0
5;52;520228;M001;6.4828536416876;01;01;1;3;2;14;0;0;0
5;52;1114428;M001;5.4607870451811;01;05;1;1;1;07;0;0;0
5;52;2137998;M001;5.3075800549447;01;01;1;1;2;09;0;0;0
5;52;5286184;M001;5.1583300695569;01;05;1;3;1;03;0;0;0
5;52;1192789;M001;23.9965443949182;01;01;1;3;1;16;0;0;0
5;52;4643674;M002;21.1048877607049;01;01;1;1;2;15;0;0;0
5;52;6545583;M001;19.2571278339575;01;01;1;2;1;02;0;0;0
5;52;6545583;M002;19.2571278339575;01;01;1;2;2;01;0;0;0
5;52;2123491;M001;20.7749021473242;01;01;1;2;1;17;0;0;0
5;52;5388032;M001;10.4948651271237;01;01;1;3;2;12;0;0;0
5;52;5554474;M001;11.4303068910083;01;01;1;2;1;16;0;0;0
5;52;5855520;M001;11.4426671769068;01;01;1;2;1;16;0;0;0
5;52;6076709;M001;18.7378127685234;01;01;1;2;2;15;0;0;0
5;52;1017727;M001;26.50118576599;01;01;1;2;1;17;0;0;0
5;52;4283541;M001;21.06496904527;01;01;1;3;1;14;0;0;0
5;52;4683810;M001;20.9771929275018;01;01;1;3;2;13;0;0;0
5;52;562553;M001;11.9547285424403;01;01;1;1;1;07;0;0;0
5;52;1384326;M001;25.6397222021251;01;01;1;2;2;01;0;0;0
5;52;4139932;M001;21.5766456291224;01;01;1;3;1;13;0;0;0
5;52;5671087;M001;21.4888695113542;01;01;1;1;1;17;0;0;0
5;52;6714193;M001;34.7377532449749;01;01;1;4;2;17;0;0;0
5;52;731720;M001;19.4454547485895;01;01;1;4;2;17;0;0;0
5;52;3566194;M001;19.8642648842346;01;01;1;2;2;13;0;0;0
5;52;1342565;M001;18.6330735806999;01;01;1;3;1;16;0;0;0
5;52;4024204;M001;19.4362398065867;01;01;1;2;1;09;0;0;0
5;52;3940453;M001;18.6330735806999;01;01;1;4;1;09;0;0;0
5;52;7748297;M001;23.5179178920703;01;01;1;3;1;14;0;0;0
5;52;7549354;M001;19.4125061232135;01;01;1;1;1;12;0;0;0
5;52;332899;M001;18.6330735806999;01;01;1;3;1;16;0;0;0
5;52;1399652;M001;20.4281620028102;01;01;1;1;2;11;0;0;0
5;52;1566165;M001;21.0425722583604;01;01;1;4;2;07;0;0;0
5;52;3654235;M001;19.6249957769234;01;01;1;3;1;15;0;0;0
5;52;446831;M001;20.2394060324736;01;01;1;2;2;14;0;0;0
5;52;1862028;M001;20.6169179731469;01;01;1;2;1;15;0;0;0
5;52;4329263;M001;18.4443176103632;01;01;1;1;2;12;0;0;0
5;52;5431541;M001;10.4852133395913;01;01;1;3;2;16;0;0;0
5;52;2002594;M001;6.7235281171158;01;01;1;3;2;17;0;0;0
5;52;7312887;M001;21.7913024184907;01;01;1;3;2;12;0;0;0
5;52;7065577;M001;21.4888695113542;01;01;1;4;1;99;0;0;1
5;52;4174922;M001;20.728844696954;01;01;1;1;1;10;0;0;0
5;52;4542510;M001;20.6410685791858;01;01;1;4;1;07;0;0;0
5;52;1582097;M001;9.8603458519808;01;01;1;3;1;14;0;0;0
5;52;6277137;M001;22.0396829145796;01;01;1;2;2;11;0;0;0
5;52;7771311;M001;19.7695316755223;01;01;1;3;1;12;0;0;0
5;52;2867804;M001;17.9649463162837;01;01;1;2;1;08;0;0;0
5;52;764378;M001;15.4963882250648;01;01;1;4;1;17;0;0;0
5;52;7677676;M001;12.7344463640109;01;01;1;3;1;14;0;0;0
5;52;3787744;M001;21.4706226865862;01;01;1;3;2;07;0;0;0
5;52;1750350;M001;13.1809493671264;01;01;1;2;1;11;0;0;0
5;52;4127337;M001;25.9607153664174;01;01;1;3;2;17;0;0;0
5;52;7412376;M001;27.3841839406447;01;01;1;2;1;16;0;0;0
5;52;7102053;M001;20.9385742088827;01;01;1;2;2;07;0;0;0
5;52;5906398;M001;19.146788300392;01;01;1;1;1;04;0;0;0
5;52;1134753;M001;20.8571374676875;01;01;1;2;1;13;0;0;0
5;52;1134753;M002;20.8571374676875;01;01;1;4;2;17;0;0;0
5;52;4080199;M001;16.1328401134348;01;01;1;4;2;17;0;0;0
5;52;6613162;M001;21.6307057619777;01;01;1;4;1;14;0;0;0
5;52;6750782;M001;17.2631266528869;01;01;1;1;1;17;0;0;0
5;52;7307082;M001;14.4146820924029;01;01;1;3;1;11;0;0;0
5;52;5031534;M001;19.3598651251798;01;01;1;2;2;17;0;0;0
5;52;308050;M001;17.6062976744582;01;01;1;1;1;10;0;0;0
5;52;586179;M001;21.671176379858;01;01;1;4;1;15;0;0;0
5;52;2683952;M001;13.3801344415831;01;01;1;3;2;14;0;0;0
5;52;5228375;M001;14.6245603031953;01;01;1;4;2;15;0;0;0
5;52;1976926;M001;22.5140081045046;01;01;1;3;2;15;0;0;0
5;52;6053741;M001;21.3236767092534;01;01;1;2;1;17;0;0;0
5;52;7701091;M001;11.6537749909847;01;01;1;1;1;06;0;0;0
5;52;2965584;M001;26.3258936085403;01;01;1;1;2;11;0;0;0
5;52;42291;M001;23.0350245563597;01;01;1;3;1;15;0;0;0
5;52;2540008;M001;20.355274231284;01;01;1;4;2;15;0;0;0
5;52;5018771;M001;18.5946239383688;01;01;1;1;2;14;0;0;0
5;52;4273669;M001;25.2964581821281;01;01;1;2;1;13;0;0;0
5;52;3314668;M001;13.8438982004619;01;01;1;1;2;12;0;0;0
5;52;2358092;M001;26.0128970481468;01;01;1;1;2;11;0;0;0
5;52;1565896;M001;17.3753125655726;01;01;1;1;1;08;0;0;0
5;52;2135890;M001;29.799057297617;01;01;1;3;1;12;0;0;0
5;52;1256018;M001;14.445176600108;01;01;1;2;2;09;0;0;0
5;52;5284696;M001;28.5244252569876;01;01;1;2;1;13;0;0;0
5;52;6300655;M001;18.1008785812744;01;01;1;2;1;13;0;0;0
5;52;6251103;M001;15.0940858427885;01;01;1;3;1;09;0;0;0
5;52;4428005;M001;18.1008785812744;01;01;1;3;1;12;0;0;0
5;52;165534;M001;23.687635598337;01;01;1;2;1;11;0;0;0
5;52;4690069;M001;22.667782571406;01;01;1;3;1;09;0;0;0
5;52;3692606;M001;21.8568330669835;01;01;1;3;1;16;0;0;0
5;52;7269202;M001;21.5065033692601;01;01;1;4;1;17;0;0;0
5;52;1304581;M002;21.3529634336937;01;01;1;3;1;15;0;0;0
5;52;3732910;M001;20.0381442959814;01;01;1;1;2;14;0;0;0
5;52;5161586;M001;21.6600433048265;01;01;1;3;1;07;0;0;0
5;52;457566;M001;16.2212027491738;01;01;1;2;1;14;0;0;0
5;52;5643029;M001;21.1994234981273;01;01;1;1;1;08;0;0;0
5;52;3568944;M001;20.0381442959814;01;01;1;2;2;12;0;0;0
5;52;2668845;M001;20.6955538648376;01;01;1;3;1;05;0;0;0
5;52;6664037;M001;20.6955538648376;01;01;1;4;2;17;0;0;0
5;52;3587796;M001;21.3529634336937;01;01;1;3;2;17;0;0;0
5;52;4776713;M001;20.3452241671142;01;01;1;3;1;12;0;0;0
5;52;1647145;M001;16.5479682274294;01;01;1;2;1;04;0;0;0
5;52;2932220;M001;18.6399023361742;01;01;1;3;2;17;0;0;0
5;52;3149484;M001;18.9222147864939;01;01;1;3;2;13;0;0;0
5;52;6931201;M001;19.3431602425962;01;01;1;3;1;06;0;0;0
5;52;6803339;M001;17.0317365299464;01;01;1;1;2;17;0;0;0
5;52;6803339;M002;17.0317365299464;01;01;1;1;1;17;0;0;0
5;52;176353;M001;9.8471181250232;01;01;1;2;1;12;0;0;0
5;52;3233655;M001;14.3067476548379;01;01;1;3;1;08;0;0;0
5;52;3826980;M001;12.1884132385976;01;01;1;3;1;17;0;0;0
5;52;4640989;M001;18.2848013840429;01;01;1;4;2;17;0;0;0
5;52;5032436;M001;19.2952583487962;01;01;1;4;2;15;0;0;0
5;52;364675;M001;21.4200841990337;01;01;1;2;1;16;0;0;0
5;52;7341933;M001;24.793190122083;01;01;1;2;1;12;0;0;0
5;52;2435984;M001;12.4193641167539;01;01;1;1;2;08;0;0;0
5;52;2435984;M002;12.4193641167539;01;01;1;1;1;08;0;0;0
5;52;1181846;M001;21.7131501822054;01;01;1;1;2;16;0;0;0
5;52;7761905;M001;15.013439280333;01;01;1;1;1;17;0;0;0
5;52;6594634;M001;19.6249957769234;01;01;1;4;1;15;0;0;0
5;52;2721552;M001;12.1224092712643;01;01;1;3;1;17;0;0;0
5;52;2156478;M001;14.3850471841341;01;01;1;1;1;17;0;0;0
5;52;136466;M001;18.012807121782;01;01;1;3;2;08;0;0;0
5;52;471727;M001;23.4732826349647;01;01;1;1;2;03;0;0;0
5;52;4882754;M001;23.0441203648575;01;01;1;1;1;11;0;0;0
5;52;7303854;M001;28.0303037330556;01;01;1;2;2;14;0;0;0
5;52;1541141;M001;16.2792361950996;01;01;1;4;2;09;0;0;0
5;52;4906743;M001;19.700102129159;01;01;1;1;2;16;0;0;0
5;52;3114805;M001;22.667849985605;01;01;1;4;2;17;0;0;0
5;52;3114805;M002;22.667849985605;01;01;1;4;1;05;0;0;0
5;52;7544888;M001;16.748813903071;01;01;1;4;1;01;0;0;0
5;52;5357407;M001;14.6245603031953;01;01;1;1;1;17;0;0;0
5;52;3378616;M001;5.198390763389;01;01;1;1;1;16;0;0;0
5;52;3982453;M001;25.701419612985;01;01;1;2;2;12;0;0;0
5;52;451083;M001;12.8007889575967;01;01;1;3;2;12;0;0;0
5;52;1195263;M001;12.7414395226171;01;01;1;2;1;14;0;0;0
5;52;6265833;M001;20.4771169867394;01;01;1;4;2;08;0;0;0
5;52;4683958;M001;22.4967342290178;01;01;1;1;2;13;0;0;0
5;52;4501259;M001;27.8421161717912;01;01;1;3;2;12;0;0;0
5;52;4449508;M001;16.5957913408136;01;01;1;1;2;17;0;0;0
5;52;5567278;M001;32.1963559534712;01;01;1;3;1;12;0;0;0
5;52;83583;M001;17.8945122878578;01;01;1;3;2;10;0;0;0
5;52;7050989;M001;20.072167827225;01;01;1;3;2;16;0;0;0
5;52;916747;M001;25.0762603567025;01;01;1;2;1;09;0;0;0
5;52;4930169;M001;16.8201418655697;01;01;1;3;1;15;0;0;0
5;52;3427268;M001;16.8963792375457;01;01;1;2;2;17;0;0;0
5;52;2309557;M001;25.5675438024041;01;01;1;4;1;13;0;0;0
5;52;7125508;M001;22.1119461147874;01;01;1;2;1;08;0;0;0
5;52;5087417;M001;21.401093393586;01;01;1;2;2;17;0;0;0
5;52;2369393;M001;21.1527451630382;01;01;1;1;1;17;0;0;0
5;52;655569;M001;11.9847485865783;01;01;1;3;2;14;0;0;0
5;52;49574;M001;13.0304593770893;01;01;1;3;1;11;0;0;0
5;52;6638132;M001;18.9763402344059;01;01;1;3;2;11;0;0;0
5;52;3442987;M001;21.0425722583604;01;01;1;4;1;05;0;0;0
5;52;3422482;M001;19.606076556179;01;01;1;3;1;14;0;0;0
5;52;7444128;M001;22.763017666891;01;01;1;1;2;17;0;0;0
5;52;6099381;M001;17.6294417434975;01;01;1;4;2;13;0;0;0
5;52;6099381;M002;17.6294417434975;01;01;1;2;1;13;0;0;0
5;52;922138;M001;19.606076556179;01;01;1;1;1;12;0;0;0
5;52;106313;M001;19.1582510659639;01;01;1;3;2;17;0;0;0
5;52;1495211;M001;21.7097688267528;01;01;1;1;2;14;0;0;0
5;52;4723340;M001;25.084437055834;01;01;1;1;1;17;0;0;0
5;52;4221255;M001;19.700102129159;01;01;1;1;2;08;0;0;0
5;52;701475;M001;26.673469020482;01;01;1;1;1;17;0;0;0
5;52;739780;M001;4.0579852579853;01;01;1;2;1;17;0;0;0
5;52;2997863;M001;24.1637948565858;01;01;1;1;2;15;0;0;0
5;52;6347482;M001;16.9921051352251;01;01;1;1;1;13;0;0;0
5;52;4299380;M001;20.0381442959814;01;01;1;4;2;16;0;0;0
5;52;4038140;M001;21.5065033692601;01;01;1;4;2;13;0;0;0
5;52;2634213;M001;20.73453993443;01;01;1;4;2;17;0;0;0
5;52;1324552;M001;23.3343580958017;01;01;1;1;2;11;0;0;0
5;52;2968483;M001;29.2790041343893;01;01;1;4;2;15;0;0;0
5;52;6017593;M001;19.1524474488018;01;01;1;3;1;12;0;0;0
5;52;5572677;M001;18.6062271446067;01;01;1;3;1;16;0;0;0
5;52;3707508;M001;35.8186044286944;01;01;1;1;1;14;0;0;0
5;52;5351861;M001;26.3142635367731;01;01;1;2;1;17;0;0;0
5;52;2869784;M001;12.5451332149054;01;01;1;1;1;12;0;0;0
5;52;2144914;M001;21.2493958537275;01;01;1;3;1;15;0;0;0
5;52;2319131;M001;28.5596899593112;01;01;1;3;2;17;0;0;0
5;52;6403120;M001;20.1219206407196;01;01;1;1;2;17;0;0;0
5;52;414590;M001;15.5857271884299;01;01;1;3;2;15;0;0;0
5;52;4421365;M001;17.7505327721221;01;01;1;3;1;13;0;0;0
5;52;6678019;M001;14.6430267715583;01;01;1;3;2;14;0;0;0
5;52;5639949;M001;20.221881751407;01;01;1;2;1;13;0;0;0
5;52;7336220;M001;20.9014047298141;01;01;1;3;2;11;0;0;0
5;52;6254470;M001;24.1916391583284;01;01;1;3;1;13;0;0;0
5;52;1794455;M001;25.4348104543371;01;01;1;4;1;16;0;0;0
5;52;5655949;M001;27.3108883229481;01;01;1;3;2;14;0;0;0
5;52;6733665;M001;21.6348827991711;01;01;1;3;1;16;0;0;0
5;52;226106;M001;20.1916842315478;01;01;1;3;2;13;0;0;0
5;52;3870993;M001;21.8568330669835;01;01;1;3;2;17;0;0;0
5;52;1408575;M001;20.1916842315478;01;01;1;1;2;17;0;0;0
5;52;3227974;M001;23.0635500496271;01;01;1;3;1;12;0;0;0
5;52;3521572;M001;12.5648004822052;01;01;1;3;1;16;0;0;0
5;52;6310680;M001;25.9660735718445;01;01;1;4;1;06;0;0;0
5;52;1063197;M001;19.5084304396366;01;01;1;3;2;13;0;0;0
5;52;6134412;M001;15.7663818216495;01;01;1;4;2;08;0;0;0
5;52;6349976;M001;24.7246277881139;01;01;1;3;1;14;0;0;0
5;52;4827807;M001;22.4111610516497;01;01;1;1;1;04;0;0;0
5;52;7089498;M001;28.4914715929469;01;01;1;2;1;05;0;0;0
5;52;4534540;M001;20.0215505725089;01;01;1;2;1;14;0;0;0
5;52;434849;M001;19.3693671809331;01;01;1;2;1;06;0;0;0
5;52;1071765;M001;40.5038000757;01;01;1;3;2;10;0;0;0
5;52;2764289;M001;21.5392542196625;01;01;1;1;2;10;0;0;0
5;52;3199799;M001;4.1955223880597;01;01;1;3;2;09;0;0;0
5;52;2382343;M001;6.0719261087755;01;01;1;2;1;10;0;0;0
5;52;4408076;M001;20.2428284899426;01;01;1;4;2;14;0;0;0
5;52;672801;M001;9.3962397757008;01;01;1;1;1;01;0;0;0
5;52;5605984;M001;19.0017371956958;01;01;1;3;1;07;0;0;0
5;52;7490963;M001;21.054879456363;01;01;1;4;2;17;0;0;0
5;52;1105977;M001;7.389203448473;01;01;1;3;2;07;0;0;0
5;52;775881;M001;19.7678336317466;01;01;1;3;2;11;0;0;0
5;52;4083630;M001;19.8987960786246;01;01;1;1;2;11;0;0;0
5;52;2378066;M001;15.1450625622175;01;01;1;1;2;15;0;0;0
5;52;658642;M001;23.3939812764084;01;01;1;1;1;09;0;0;0
5;52;5045070;M001;21.6075054934302;01;01;1;1;1;16;0;0;0
5;52;4964828;M001;23.4952033737045;01;01;1;2;1;12;0;0;0
5;52;7496634;M001;21.1516639574124;01;01;1;4;1;04;0;0;0
5;52;4775956;M001;23.9710688378445;01;01;1;2;1;10;0;0;0
5;52;5155839;M001;8.4475512163614;01;01;1;3;2;10;0;0;0
5;52;5224388;M001;20.1990224029381;01;01;1;3;2;08;0;0;0
5;52;6696852;M001;20.728844696954;01;01;1;2;1;17;0;0;0
5;52;2410895;M001;27.482019474594;01;01;1;1;2;17;0;0;0
5;52;114035;M001;21.7992455545251;01;01;1;4;1;07;0;0;0
5;52;553159;M001;21.5766456291224;01;01;1;1;1;12;0;0;0
5;52;2038051;M001;19.4362398065867;01;01;1;2;2;15;0;0;0
5;52;6138476;M001;20.2994064144184;01;01;1;3;2;17;0;0;0
5;52;2794026;M001;23.6360241651763;01;01;1;2;2;17;0;0;0
5;52;4763056;M001;22.4590490566078;01;01;1;3;1;05;0;0;0
5;52;5584542;M001;35.0549484532364;01;01;1;1;2;14;0;0;0
5;52;7061165;M001;21.1527451630382;01;01;1;1;2;12;0;0;0
5;52;2191946;M001;12.3925948528315;01;01;1;1;1;14;0;0;0
5;52;4578680;M001;20.2394060324736;01;01;1;3;1;06;0;0;0
5;52;6081943;M001;19.6249957769234;01;01;1;3;1;13;0;0;0
5;52;3003922;M001;11.3366430965871;01;01;1;2;1;15;0;0;0
5;52;2900371;M001;28.2375884251994;01;01;1;1;1;10;0;0;0
5;52;4224151;M001;22.1502997303683;01;01;1;1;1;04;0;0;0
5;52;616229;M001;24.5424100470961;01;01;1;2;2;16;0;0;0
5;52;5741182;M001;21.1994234981273;01;01;1;3;1;16;0;0;0
5;52;3109530;M001;30.3796766960265;01;01;1;4;2;04;0;0;0
5;52;1949334;M001;22.0351087696342;01;01;1;4;2;17;0;0;0
5;52;486808;M001;15.9198023547951;01;01;1;3;2;17;0;0;0
5;52;472389;M001;2.138118129755;01;01;1;2;1;14;0;0;0
5;52;3906935;M001;1.5572320864891;01;01;1;1;2;16;0;0;0
5;52;3518184;M001;1.6110593798185;01;01;1;4;2;15;0;0;0
5;52;4302174;M001;1.9897150369796;01;01;1;3;2;17;0;0;0
5;52;5667337;M001;1.6188661530351;01;01;1;3;1;17;0;0;0
5;52;6600855;M001;2.6600287346531;01;01;1;3;1;07;0;0;0
5;52;1692161;M001;1.7190973523818;01;01;1;1;2;15;0;0;0
5;52;7546615;M001;2.1984816047371;01;01;1;3;1;14;0;0;0
5;52;5141014;M001;1.9407191978612;01;01;1;1;1;13;0;0;0
5;52;1671895;M001;2.9583602630932;01;01;1;4;1;10;0;0;0
5;52;5948439;M001;2.2446403606559;01;01;1;3;1;17;0;0;0
5;52;3641389;M001;3.1486865941584;08;01;2;2;1;15;0;0;0
5;52;488372;M001;1.1722927050531;08;01;2;1;1;17;0;0;0
5;52;5839389;M001;2.5522632689283;08;01;2;4;1;16;0;0;0
5;52;965195;M001;1.8323791808251;01;01;1;1;1;11;0;0;0
5;52;965195;M002;1.8323791808251;01;01;1;1;2;09;0;0;0
5;52;4321367;M001;1.8430620340521;01;01;1;2;1;07;0;0;0
5;52;1285305;M001;1.9794109856521;01;01;1;1;1;16;0;0;0
5;52;6733607;M001;1.8430620340521;01;01;1;3;2;15;0;0;0
5;52;3681425;M001;2.2446403606559;01;01;1;4;1;17;0;0;0
5;52;426213;M001;1.603101843788;01;01;1;3;2;12;0;0;0
5;52;1424812;M001;1.9897150369796;01;01;1;2;2;16;0;0;0
5;52;1645520;M001;1.3558160182977;01;01;1;3;2;15;0;0;0
5;52;598613;M001;2.3652899456411;01;01;1;4;2;16;0;0;0
5;52;6410306;M001;1.9032946229838;01;01;1;4;2;09;0;0;0
5;52;2573;M001;1.0000000000002;01;01;1;3;1;17;0;0;0
5;52;5376834;M001;1.8267346771848;01;01;1;3;1;09;0;0;0
5;52;5908803;M001;2.1092345837532;01;01;1;3;2;10;0;0;0
5;52;401886;M001;3.0796506450999;01;01;1;4;2;12;0;0;0
5;52;7276379;M001;3.5123775179411;01;01;1;2;2;15;0;0;0
5;52;4203362;M001;3.340733221202;01;01;1;2;1;17;0;0;0
5;52;2652697;M001;2.8938561429624;01;01;1;1;2;17;0;0;0
5;52;1224383;M001;3.7990805733351;01;01;1;1;2;09;0;0;0
5;52;6139621;M001;3.1636610695444;01;01;1;2;2;16;0;0;0
5;52;557548;M001;2.457710565929;01;01;1;2;1;16;0;0;0
5;52;557548;M002;2.457710565929;01;01;1;1;1;17;0;0;0
5;52;557548;M003;2.457710565929;01;01;1;2;2;16;0;0;0
5;52;3302140;M001;4.8352833524261;01;01;1;1;2;17;0;0;0
5;52;3446786;M001;3.1909191047572;01;01;1;1;1;10;0;0;0
5;52;5749463;M001;2.4769804172365;08;01;2;4;1;14;0;0;0
5;52;5749463;M002;2.4769804172365;08;01;2;3;2;14;0;0;0
5;52;6010588;M001;3.791170402472;08;01;2;2;1;14;0;0;0
5;52;781788;M001;2.7708633757748;01;01;1;2;2;13;0;0;0
5;52;7089928;M001;3.0796506450999;01;01;1;2;2;11;0;0;0
5;52;3312156;M001;4.0953683901017;01;01;1;1;2;17;0;0;0
5;52;3312156;M002;4.0953683901017;01;01;1;4;2;07;0;0;0
5;52;7383965;M001;4.3553198421233;01;01;1;3;2;17;0;0;0
5;52;6712059;M001;3.6446124504567;01;01;1;3;1;17;0;0;0
5;52;2343560;M001;3.5212172298498;01;01;1;3;2;14;0;0;0
5;52;4368204;M001;4.1132608897084;01;01;1;1;1;17;0;0;0
5;52;7327107;M001;2.8838760327555;01;01;1;3;2;13;0;0;0
5;52;2024267;M001;3.4671236018102;01;01;1;2;2;17;0;0;0
5;52;1730304;M001;2.8437916423608;01;01;1;3;1;14;0;0;0
5;52;3726495;M001;3.5908215868131;01;01;1;4;1;08;0;0;0
5;52;1470812;M001;3.2809358307769;01;01;1;3;2;07;0;0;0
5;52;5080503;M001;2.7730957630899;01;01;1;3;1;13;0;0;0
5;52;4086720;M001;3.515896973989;08;01;2;2;1;17;0;0;0
5;52;6627227;M001;4.090240129989;01;01;1;3;2;13;0;0;0
5;52;1995257;M001;3.1111826865166;01;01;1;3;1;14;0;0;0
5;52;195102;M001;3.2557920687991;01;01;1;4;2;13;0;0;0
5;52;3019181;M001;3.253941155551;01;01;1;3;2;17;0;0;0
5;52;3152989;M001;2.3480543274119;01;01;1;4;1;09;0;0;0
5;52;3124528;M001;3.9166806548545;01;01;1;4;1;17;0;0;0
5;52;4079725;M001;3.9405010282356;01;01;1;2;1;11;0;0;0
5;52;5093769;M001;2.971139795681;01;01;1;1;1;15;0;0;0
5;52;5434488;M001;3.5333309216986;01;01;1;3;1;13;0;0;0
5;52;4744400;M001;2.9721308871844;01;01;1;3;1;15;0;0;0
5;52;5195065;M001;3.3459794470809;01;01;1;4;1;17;0;0;0
5;52;6419806;M001;3.0503077708862;01;01;1;1;1;15;0;0;0
5;52;2043019;M001;3.1476363316379;01;01;1;3;1;16;0;0;0
5;52;1244885;M001;2.9721308871844;01;01;1;3;1;13;0;0;0
5;52;6691337;M001;2.40837823858;01;01;1;1;2;08;0;0;0
5;52;913682;M001;6.0827990121958;01;01;1;2;1;14;0;0;0
5;52;6613142;M001;17.2623373045316;01;01;1;4;1;16;0;0;0
5;52;396429;M001;10.491248397133;01;01;1;1;2;17;0;0;0
5;52;5916020;M001;7.9394337629485;01;01;1;3;2;17;0;0;0
5;52;6716919;M001;8.0834310045341;01;01;1;1;2;12;0;0;0
5;52;1888170;M001;12.3299285999692;01;01;1;2;1;14;0;0;0
5;52;4420120;M001;7.5386506194341;01;01;1;3;1;17;0;0;0
5;52;6031910;M001;7.3479054433225;01;01;1;4;1;03;0;0;0
5;52;7097729;M001;13.6006137608206;01;01;1;2;1;12;0;0;0
5;52;6011680;M001;10.5622999621893;01;01;1;1;2;17;0;0;0
5;52;5258764;M001;11.9621277657128;01;01;1;3;1;10;0;0;0
5;52;5831499;M001;7.8800942355856;01;01;1;4;2;15;0;0;0
5;52;6516381;M001;16.1285916648087;01;01;1;3;2;08;0;0;0
5;52;1742244;M001;10.5029604348265;01;01;1;3;2;17;0;0;0
5;52;6064764;M001;17.0164358248107;01;01;1;3;1;10;0;0;0
5;52;6442198;M001;7.8532630592433;01;01;1;1;2;01;0;0;0
5;52;2330996;M001;10.5740708016833;01;01;1;4;2;17;0;0;1
5;52;4358169;M001;9.9688822071408;01;01;1;3;2;10;0;0;0
5;52;4698726;M001;8.1496685232934;02;01;1;4;1;04;0;0;0
5;52;2372559;M001;14.3194019948876;01;01;1;4;1;10;0;0;0
5;52;539704;M001;6.8223163414372;01;01;1;4;1;17;0;0;0
5;52;1700515;M001;6.5376959638488;01;01;1;2;1;11;0;0;0
5;52;4424123;M001;12.9822234351006;01;01;1;4;1;15;0;0;0
5;52;2226256;M001;9.4602224091405;01;01;1;3;1;15;0;0;0
5;52;6304915;M001;7.9351592767547;01;01;1;4;1;13;0;0;0
5;52;5344467;M001;7.0677223804338;01;01;1;3;1;09;0;0;0
5;52;1281221;M001;13.0296794328155;01;01;1;4;2;16;0;0;0
5;52;4438699;M001;7.3479054433225;01;01;1;3;1;04;0;0;0
5;52;2133166;M001;1.545335532571;01;01;1;4;2;17;0;0;0
5;52;7622730;M001;11.1371405492309;01;01;1;4;1;17;0;0;0
5;52;6623473;M001;9.4955429800791;01;01;1;4;2;17;0;0;0
5;52;2387486;M001;1.5458175994064;01;01;1;1;1;15;0;0;0
5;52;1092971;M001;10.3853381973194;01;01;1;2;1;04;0;0;0
5;52;2138769;M001;13.3037756795409;01;01;1;4;2;17;0;0;0
5;52;4477816;M001;2.0395449135226;01;01;1;2;1;14;0;0;0
5;52;3738073;M001;2.5184022813264;01;01;1;4;2;09;0;0;0
5;52;622144;M001;1.8549935062452;01;01;1;2;1;06;0;0;0
5;52;836439;M001;2.2369782282251;01;01;1;3;1;15;0;0;0
5;52;2429087;M001;1.9627668617789;01;01;1;3;1;17;0;0;0
5;52;4745686;M001;8.0604385993463;02;01;1;4;2;14;0;0;0
5;52;252309;M001;14.2141803043048;02;01;1;3;1;11;0;0;0
5;52;285352;M001;1.0364542375426;01;01;1;3;1;08;0;0;0
5;52;6602318;M001;2.0471849495378;01;01;1;3;2;07;0;0;0
5;52;7398938;M001;2.0522336638877;01;01;1;4;1;17;0;0;0
5;52;246361;M001;2.1317140495463;01;01;1;2;1;10;0;0;0
5;52;2216573;M001;2.2189566275173;01;01;1;4;2;17;0;0;0
5;52;3842459;M001;2.2202097760758;01;01;1;4;2;17;0;0;0
5;52;5406279;M001;5.1013564102734;01;01;1;2;1;16;0;0;0
5;52;6691115;M001;3.917677422504;01;01;1;1;1;08;0;0;0
5;52;3977558;M001;5.6932452724905;01;01;1;2;1;05;0;0;0
5;52;5801975;M001;5.9904043966496;01;01;1;3;2;12;0;0;0
5;52;1497;M001;4.6410990426616;01;01;1;3;1;01;0;0;0
5;52;1992842;M001;2.8744110721362;01;01;1;1;1;17;0;0;0
5;52;7254994;M002;4.4291306608773;01;01;1;4;1;17;0;0;0
5;52;1489457;M001;3.9195680455299;01;01;1;3;1;06;0;0;0
5;52;1489457;M002;3.9195680455299;01;01;1;1;2;17;0;0;0
5;52;4287198;M001;8.6715792605854;08;01;2;1;1;15;0;0;0
5;52;4287198;M002;8.6715792605854;08;01;2;1;2;14;0;0;0
5;52;4287198;M003;8.6715792605854;08;01;2;3;1;06;0;0;0
5;52;3000127;M001;4.5997213631153;08;01;2;3;2;11;0;0;0
5;52;3000127;M002;4.5997213631153;08;01;2;3;1;12;0;0;0
5;52;7690954;M001;3.7090841981893;02;01;1;1;2;13;0;0;0
5;52;7690954;M002;3.7090841981893;02;01;1;3;1;14;0;0;0
5;52;4519746;M001;5.6130472680602;01;01;1;4;1;14;0;0;0
5;52;5952773;M001;7.3980934521461;01;01;1;3;1;17;0;0;0
5;52;7412924;M001;4.0986029151879;01;01;1;4;1;01;0;0;0
5;52;3289124;M001;3.8993386113966;02;01;1;3;2;09;0;0;0
5;52;678103;M001;5.3997917489117;02;01;1;2;1;11;0;0;0
5;52;1426220;M001;6.3597583011824;02;01;1;2;1;11;0;0;0
5;52;6303240;M001;4.0986029151879;02;01;1;4;1;12;0;0;0
5;52;3402444;M001;7.3980934521461;02;01;1;4;1;14;0;0;0
5;52;4936551;M001;5.481295700888;02;01;1;3;2;17;0;0;0
5;52;7259708;M001;7.4498545066861;02;01;1;3;1;12;0;0;0
5;52;4774121;M001;6.6706524209878;02;01;1;2;2;07;0;0;0
5;52;7240779;M001;5.2027251141203;02;01;1;4;2;17;0;0;0
5;52;687939;M001;7.3980934521461;02;01;1;4;1;14;0;0;0
5;52;6163034;M001;5.6950444569912;02;01;1;3;1;03;0;0;0
5;52;5963495;M001;3.9048866105858;02;01;1;4;1;16;0;0;0
5;52;6497342;M001;4.8807824676479;02;01;1;3;1;16;0;0;0
5;52;1305309;M001;5.0989661399752;01;01;1;3;1;14;0;0;0
5;52;6914378;M001;4.7069711396286;01;01;1;4;2;15;0;0;0
5;52;2269364;M001;3.9149603345513;01;01;1;1;1;06;0;0;0
5;52;644938;M001;7.5914716089645;01;01;1;1;2;04;0;0;0
5;52;4489846;M001;3.6490648936526;01;01;1;4;1;17;0;0;0
5;52;3422691;M001;3.0201059128669;08;01;2;2;1;14;0;0;0
5;52;2857581;M001;5.2058775895169;08;01;2;3;1;17;0;0;0
5;52;7141739;M001;3.8600497355989;08;01;2;1;1;17;0;0;0
5;52;7046798;M001;4.9179559815749;08;01;2;3;1;15;0;0;0
5;52;6905327;M001;4.2784022302571;08;01;2;3;2;17;0;0;0
5;52;5727122;M001;4.7069711396286;03;01;1;1;1;11;0;0;0
5;52;7380636;M001;2.5793436377197;01;01;1;4;2;10;0;0;0
5;52;691154;M001;2.3542198461545;01;01;1;2;2;17;0;0;0
5;52;5472138;M001;2.9674395432589;01;01;1;4;2;17;0;0;0
5;52;3816179;M001;2.6837518788901;01;01;1;1;1;14;0;0;0
5;52;1979373;M001;2.6861234688177;01;01;1;3;1;12;0;0;0
5;52;4323776;M001;3.6851885131932;01;01;1;3;2;17;0;0;0
5;52;5154591;M001;3.3992884158435;01;01;1;3;1;15;0;0;0
5;52;4480793;M001;2.9575607523283;01;01;1;2;1;14;0;0;0
5;52;5901037;M001;4.0027723422428;01;01;1;2;1;17;0;0;0
5;52;7745237;M001;2.9675240668617;01;01;1;3;2;16;0;0;1
5;52;3748017;M001;2.9706813239019;01;01;1;2;1;11;0;0;0
5;52;5412301;M001;2.5153875090203;01;01;1;3;2;11;0;0;0
5;52;176927;M001;2.5473929258486;01;01;1;2;1;15;0;0;0
5;52;2275111;M001;2.4407665008199;01;01;1;4;2;16;0;0;0
5;52;4673760;M001;3.78755764949;01;01;1;3;2;14;0;0;0
5;52;3068340;M001;2.6317734335002;01;01;1;2;2;16;0;0;0
5;52;2144307;M001;2.5043052486303;01;01;1;3;1;14;0;0;0
5;52;7759923;M001;2.4407665008199;01;01;1;3;2;02;0;0;0
5;52;1228477;M001;2.8719834891961;01;01;1;4;1;09;0;0;0
5;52;871390;M001;2.6785230216116;01;01;1;2;1;04;0;0;0
5;52;6506600;M001;3.0431043547898;01;01;1;2;1;11;0;0;0
5;52;2561708;M001;2.7385911821857;01;01;1;3;1;06;0;0;0
5;52;4718358;M001;2.7717959115105;01;01;1;1;1;17;0;0;0
5;52;6944818;M001;3.7186031717231;01;01;1;2;2;12;0;0;0
5;52;2328202;M001;2.9223300554467;01;01;1;2;1;17;0;0;0
5;52;983746;M001;2.0298735667647;01;01;1;1;2;17;0;0;0
5;52;534922;M001;4.3345753836091;08;01;2;2;1;01;0;0;0
5;52;4456259;M001;2.0212959887246;08;01;2;3;1;12;0;0;0
5;52;6790920;M001;2.6166762270344;08;01;2;2;1;15;0;0;0
5;52;7410166;M001;3.4260433988238;01;01;1;2;2;09;0;0;0
5;52;4939778;M001;3.5879015251827;01;01;1;1;2;17;0;0;0
5;52;2431192;M001;3.4260433988238;01;01;1;4;1;11;0;0;0
5;52;7425669;M001;4.7598588531309;01;01;1;3;2;13;0;0;0
5;52;966291;M001;4.8452319970279;01;01;1;4;1;08;0;0;0
5;52;4327060;M001;4.4111531363663;01;01;1;2;2;09;0;0;0
5;52;7514338;M001;2.1374963838858;01;01;1;2;1;12;0;0;0
5;52;793185;M001;1.170618870478;01;01;1;1;2;17;0;0;0
5;52;7532784;M001;3.3603245535721;01;01;1;3;2;14;0;0;0
5;52;3557623;M001;3.8371069695522;08;01;2;3;1;16;0;0;0
5;52;6182120;M001;3.3878359431893;08;01;2;1;2;08;0;0;0
5;52;6555064;M002;3.0027212681592;08;01;2;3;2;17;0;0;0
5;52;186313;M001;2.1699300107148;08;01;2;4;1;12;0;0;0
5;52;5770171;M001;1.3113269145536;01;01;1;3;2;06;0;0;0
5;52;2501926;M001;2.6406790464584;01;01;1;1;2;15;0;0;0
5;52;1893728;M001;2.6406790464584;01;01;1;2;2;17;0;0;0
5;52;3067243;M001;1.9071293595689;01;01;1;3;1;11;0;0;0
5;52;4844179;M001;2.4068949070156;01;01;1;3;1;17;0;0;0
5;52;5850333;M001;1.9980263553349;01;01;1;1;1;13;0;0;0
5;52;5927754;M001;1.934334775008;01;01;1;3;2;14;0;0;0
5;52;4640243;M001;1.0000000000002;01;01;1;3;1;08;0;0;0
5;52;3380733;M001;2.1035232077222;01;01;1;1;1;10;0;0;0
5;52;6043540;M001;1.5030901094694;01;01;1;3;1;08;0;0;0
5;52;5796154;M001;1.1815882789211;01;01;1;1;2;14;0;0;0
5;52;1698562;M001;2.3395769874008;01;01;1;3;2;14;0;0;0
5;52;4896647;M001;1.4460465509953;01;01;1;2;2;17;0;0;0
5;52;3873370;M001;1.9073488611187;01;01;1;3;2;17;0;0;0
5;52;6994380;M001;2.5477177799612;01;01;1;1;1;08;0;0;0
5;52;7368265;M001;2.0536074510963;01;01;1;3;2;15;0;0;0
5;52;5529133;M001;1.6440834340098;01;01;1;3;2;17;0;0;0
5;52;1672875;M001;1.4976053424824;01;01;1;3;2;17;0;0;0
5;52;6957070;M001;1.4563960472396;01;01;1;1;1;05;0;0;0
5;52;3237886;M001;1.6813209090931;01;01;1;4;2;13;0;0;0
5;52;4034360;M001;1.958688151056;01;01;1;3;2;17;0;0;0
5;52;3254153;M001;1.9689133798166;01;01;1;3;1;10;0;0;0
5;52;4308591;M001;1.505581025799;01;01;1;4;1;16;0;0;0
5;52;2867206;M001;1.7533572030927;01;01;1;2;2;17;0;0;0
5;52;6416983;M001;1.9047783708083;01;01;1;1;2;12;0;0;0
5;52;486630;M001;1.2069061848087;08;01;2;2;2;11;0;0;0
5;52;7607476;M001;1.9249247813303;08;01;2;1;1;12;0;0;0
5;52;6225975;M001;2.0683936781651;08;01;2;2;1;17;0;0;0
5;52;2807214;M001;1.8962734209404;08;01;2;1;1;11;0;0;0
5;52;742855;M001;1.6998795727871;08;01;2;4;1;14;0;0;0
5;52;6622896;M001;2.3244991766923;08;01;2;2;1;11;0;0;0
5;52;4706572;M001;2.0824114439931;08;01;2;3;2;11;0;0;0
5;52;4170121;M001;4.7358069410844;01;01;1;1;2;16;0;0;0
5;52;4170121;M002;4.7358069410844;01;01;1;1;2;10;0;0;0
5;52;4170121;M003;4.7358069410844;01;01;1;3;1;16;0;0;0
5;52;3123336;M001;5.7333756035612;01;01;1;1;1;17;0;0;0
5;52;7358457;M001;4.9751282921418;01;01;1;1;1;15;0;0;0
5;52;6705416;M001;4.2408878574379;01;01;1;3;2;16;0;0;0
5;52;6367973;M001;5.1173448854483;01;01;1;1;1;17;0;0;0
5;52;7544237;M001;5.2563013814948;01;01;1;2;1;16;0;0;0
5;52;6746948;M001;3.5427566824686;01;01;1;3;2;15;0;0;0
5;52;2772685;M001;6.0170556349639;01;01;1;2;2;17;0;0;0
5;52;693021;M001;5.6825036729583;01;01;1;2;1;15;0;0;0
5;52;3221387;M001;5.0208880984526;01;01;1;4;2;11;0;0;0
5;52;2175857;M001;4.6621544610086;01;01;1;4;1;17;0;0;0
5;52;1777019;M001;6.4406156802077;01;01;1;2;2;17;0;0;0
5;52;262770;M001;4.5650662196369;01;01;1;3;1;05;0;0;0
5;52;7745613;M001;4.0239859551044;01;01;1;1;1;14;0;0;0
5;52;1955603;M001;2.947172406788;08;01;2;2;1;14;0;0;0
5;52;313208;M001;2.0922594038805;08;01;2;2;2;16;0;0;0
5;52;6042604;M001;4.3698287266452;01;01;1;1;1;17;0;0;0
5;52;573702;M001;4.7615734203266;01;01;1;3;1;13;0;0;0
5;52;4856946;M001;5.561942473429;01;01;1;3;1;17;0;0;0
5;52;3978923;M001;4.2247274211177;01;01;1;3;2;17;0;0;0
5;52;2844733;M001;5.6791903792747;01;01;1;4;2;12;0;0;0
5;52;4950187;M001;6.1325222886603;01;01;1;3;1;05;0;0;0
5;52;274643;M001;4.4458455594449;01;01;1;2;1;17;0;0;0
5;52;5919136;M001;6.2754260510175;01;01;1;4;1;17;0;0;0
5;52;1921882;M001;4.8946014847539;01;01;1;4;1;14;0;0;0
5;52;2586535;M001;4.5702587789967;01;01;1;3;1;17;0;0;0
5;52;2586535;M002;4.5702587789967;01;01;1;3;2;11;0;0;0
5;52;7466998;M001;2.4422416522825;08;01;2;3;1;17;0;0;0
5;52;7303454;M001;4.7042639443409;01;01;1;3;2;10;0;0;0
5;52;3647786;M001;4.2950314534783;01;01;1;3;1;09;0;0;1
5;52;6875742;M001;3.3781616197855;08;01;2;2;2;16;0;0;0
5;52;4002209;M001;6.1236130594591;01;01;1;3;1;09;0;0;0
5;52;4002209;M002;6.1236130594591;01;01;1;4;1;15;0;0;0
5;52;1215012;M001;1.845686278875;01;01;1;3;2;01;0;0;0
5;52;7319256;M001;4.2951974027741;01;01;1;2;1;15;0;0;0
5;52;341512;M001;2.9480147296968;01;01;1;2;1;14;0;0;0
5;52;3928775;M001;2.4451748531791;01;01;1;3;1;17;0;0;0
5;52;1967179;M001;2.3517193439119;01;01;1;3;1;17;0;0;0
5;52;3990951;M001;3.6708537761311;01;01;1;4;1;13;0;0;0
5;52;1054395;M001;2.44058496919;01;01;1;1;1;08;0;0;0
5;52;906749;M001;2.3095972667268;01;01;1;4;2;15;0;0;0
5;52;6203393;M001;2.4998778350136;01;01;1;2;1;15;0;0;0
5;52;4029160;M001;3.0096751385152;01;01;1;4;2;12;0;0;0
5;52;2036199;M001;2.4998778350136;01;01;1;3;1;06;0;0;0
5;52;407303;M001;2.1431531240831;01;01;1;3;2;10;0;0;0
5;52;4653003;M001;2.4411699047614;01;01;1;3;1;09;0;0;0
5;52;1299085;M002;4.2483056294383;01;01;1;3;1;17;0;0;0
5;52;7171431;M001;3.1854342246465;01;01;1;2;1;17;0;0;0
5;52;5783382;M001;2.4689980059327;01;01;1;3;2;16;0;0;0
5;52;5337531;M001;3.1119260700064;08;01;2;2;1;17;0;0;0
5;52;2299057;M001;4.8225467763888;08;01;2;2;1;12;0;0;0
5;52;1338713;M001;1.8503812363475;08;01;2;1;2;15;0;0;0
5;52;5551999;M001;2.0791508255835;08;01;2;3;2;16;0;0;0
5;52;242942;M001;2.5919018099579;08;01;2;4;2;12;0;0;0
5;52;445089;M001;2.0250189837849;08;01;2;3;1;17;0;0;0
5;52;4210240;M001;1.8680252715752;01;01;1;3;2;16;0;0;0
5;52;5453956;M001;5.493411008402;01;01;1;4;1;10;0;0;0
5;52;3579376;M001;2.6699394939973;01;01;1;3;2;14;0;0;0
5;52;2593305;M001;2.3296739175815;01;01;1;2;1;14;0;0;0
5;52;5285048;M001;2.1917032702266;01;01;1;1;2;15;0;0;0
5;52;4927676;M001;2.8619694780569;01;01;1;3;2;11;0;0;0
5;52;1995330;M001;2.5271087450591;01;01;1;1;1;11;0;0;0
5;52;6003218;M001;2.0028096547773;01;01;1;4;1;17;0;0;0
5;52;2270454;M001;2.4402847330007;01;01;1;3;1;15;0;0;0
5;52;1433245;M001;1.7021471446822;01;01;1;2;2;17;0;0;0
5;52;2528173;M001;2.1310533503989;01;01;1;1;1;15;0;0;0
5;52;4898356;M001;1.411149027693;08;01;2;4;2;17;0;0;0
5;52;5492838;M001;2.3510620341861;01;01;1;3;2;01;0;0;0
5;52;7017489;M001;1.434462579253;01;01;1;3;1;11;0;0;0
5;52;6002458;M001;2.2949703855409;01;01;1;3;2;16;0;0;0
5;52;7083349;M001;1.7021471446822;01;01;1;3;1;15;0;0;0
5;52;3886250;M001;2.6368825833408;01;01;1;3;2;17;0;0;0
5;52;597291;M001;2.0459685223961;01;01;1;2;2;16;0;0;0
5;52;5145520;M001;2.5166642303766;01;01;1;1;1;17;0;0;0
5;52;7546646;M001;2.3153575260773;01;01;1;2;2;15;0;0;0
5;52;6794449;M001;1.4792674118333;01;01;1;3;1;13;0;0;0
5;52;7674303;M001;2.3356795998585;01;01;1;3;2;15;0;0;0
5;52;3518425;M001;2.4402217883474;01;01;1;4;2;10;0;0;0
5;52;3518425;M002;2.4402217883474;01;01;1;3;2;17;0;0;0
5;52;1006833;M001;2.1609813186195;01;01;1;3;1;13;0;0;0
5;52;2187674;M001;1.7024585899016;08;01;2;4;1;14;0;0;0
5;52;1852037;M001;2.1204152487708;08;01;2;2;2;14;0;0;0
5;52;4165938;M001;2.0213276638716;01;01;1;2;1;06;0;0;0
5;52;3105085;M001;2.7555638521592;01;01;1;3;2;12;0;0;0
5;52;5024407;M001;3.5077632189468;01;01;1;1;1;17;0;0;0
5;52;2785385;M001;2.4282995409428;01;01;1;3;1;15;0;0;0
5;52;6081780;M001;3.5313566234619;01;01;1;4;1;17;0;0;0
5;52;6222159;M001;3.2453143267447;01;01;1;1;1;16;0;0;0
5;52;4439577;M001;4.5052236500121;01;01;1;3;1;17;0;0;0
5;52;5831161;M001;1.8116043818493;01;01;1;4;1;15;0;0;0
5;52;2923070;M001;2.5021820348008;01;01;1;2;1;10;0;0;0
5;52;7379128;M001;3.8388000286582;01;01;1;4;1;15;0;0;0
5;52;6582309;M001;3.4607922608407;01;01;1;4;2;12;0;0;0
5;52;3928148;M001;3.6173144871471;08;01;2;3;1;17;0;0;0
5;52;5903208;M001;2.9755271596132;08;01;2;1;2;17;0;0;0
5;52;355552;M001;2.8663469352875;08;01;2;4;1;15;0;0;0
5;52;7059540;M001;2.9854253453706;08;01;2;2;2;16;0;0;0
5;52;1842254;M001;1.3560583160793;08;01;2;2;1;07;0;0;0
5;52;7329661;M001;1.3575749653045;08;01;2;3;1;17;0;0;0
5;52;4159619;M001;3.1594024062869;08;01;2;2;2;15;0;0;0
5;52;3942197;M001;4.9922061542238;01;01;1;2;2;12;0;0;0
5;52;6388479;M001;5.0151037368672;01;01;1;1;2;13;0;0;0
5;52;100591;M001;6.0803664223679;01;01;1;1;1;17;0;0;0
5;52;1799059;M001;4.9425473011923;01;01;1;2;2;08;0;0;0
5;52;6285757;M001;4.9026438950283;01;01;1;4;1;11;0;0;0
5;52;4278653;M001;4.590228224057;01;01;1;3;1;13;0;0;0
5;52;624163;M001;2.6350000000005;01;01;1;1;1;13;0;0;0
5;52;3967426;M001;4.0083819305559;01;01;1;3;2;14;0;0;0
5;52;7070520;M001;4.8366087404184;01;01;1;3;1;14;0;0;0
5;52;4211963;M001;4.9067749076767;01;01;1;4;2;10;0;0;0
5;52;6686311;M001;4.5003349537483;01;01;1;1;1;04;0;0;0
5;52;6045241;M001;4.4034425399353;01;01;1;2;2;14;0;0;0
5;52;7320644;M001;3.7113324125982;08;01;2;2;1;16;0;0;0
5;52;7049750;M001;5.3544117805263;03;01;1;3;1;15;0;0;0
5;52;445971;M001;5.1320928699968;08;01;2;2;2;14;0;0;0
5;52;924754;M001;7.4193123833088;01;01;1;3;2;17;0;0;0
5;52;924754;M002;7.4193123833088;01;01;1;4;1;15;0;0;0
5;52;2871560;M001;5.6906869819163;01;01;1;3;1;17;0;0;0
5;52;5721028;M001;6.7020800412815;03;01;1;2;1;17;0;0;0
5;52;3701989;M001;6.1091208392493;01;01;1;2;1;09;0;0;0
5;52;5943486;M001;4.5155767276962;01;01;1;3;1;14;0;0;0
5;52;1462928;M001;5.727031367737;08;01;2;3;1;17;0;0;0
5;52;453999;M001;3.1748810826275;05;05;2;3;2;06;0;0;0
5;52;1915636;M001;6.130626047502;01;01;1;3;1;16;0;0;0
5;52;4730061;M001;4.5422877426882;01;01;1;2;2;17;0;0;0
5;52;1443638;M001;6.6474010748344;01;01;1;1;2;14;0;0;0
5;52;1289216;M001;5.0065660989722;01;01;1;1;1;17;0;0;0
5;52;7144673;M001;6.1858764585223;01;01;1;1;1;17;0;0;0
5;52;4420016;M001;4.5604923478531;01;01;1;3;1;16;0;0;0
5;52;823297;M001;5.4677980164695;01;01;1;4;1;17;0;0;0
5;52;6760785;M001;10.6705347284261;01;01;1;3;1;11;0;0;0
5;52;4484704;M001;8.6800948448227;01;01;1;2;1;13;0;0;0
5;52;4484704;M002;8.6800948448227;01;01;1;2;2;13;0;0;0
5;52;567225;M001;3.5530144685318;01;01;1;3;2;09;0;0;0
5;52;4372501;M001;8.6751038024907;01;01;1;3;1;16;0;0;0
5;52;6694467;M001;8.5000287992726;01;01;1;3;1;15;0;0;0
5;52;4365423;M001;9.0288172274911;01;01;1;3;1;17;0;0;0
5;52;3525745;M001;8.371955373688;01;01;1;4;2;16;0;0;0
5;52;7621919;M001;10.4229361861368;01;01;1;4;2;15;0;0;0
5;52;7768886;M001;9.3977340901286;01;01;1;1;1;14;0;0;0
5;52;6418842;M001;9.2781471758227;01;01;1;2;2;09;0;0;0
5;52;4674500;M001;7.015632620889;01;01;1;4;1;16;0;0;0
5;52;1093888;M001;15.8836280682835;01;01;1;3;2;17;0;0;0
5;52;455481;M001;8.027934040625;01;01;1;3;2;13;0;0;0
5;52;455481;M002;8.027934040625;01;01;1;3;1;17;0;0;0
5;52;1417502;M001;4.1905473609008;01;01;1;4;1;10;0;0;0
5;52;1135586;M001;7.2482584592781;01;01;1;3;1;17;0;0;0
5;52;4788630;M001;9.3525281905076;01;01;1;3;2;10;0;0;0
5;52;4941268;M001;5.989247854373;01;01;1;3;1;16;0;0;0
5;52;4941268;M002;5.989247854373;01;01;1;2;2;07;0;0;0
5;52;4059854;M001;13.412789643074;01;01;1;2;2;16;0;0;0
5;52;4160796;M001;13.3367142644289;01;01;1;3;1;16;0;0;0
5;52;919855;M001;8.6719525393976;01;01;1;4;2;14;0;0;0
5;52;7563903;M001;11.5221016817772;01;01;1;1;2;11;0;0;0
5;52;3746973;M001;14.7923677915593;01;01;1;1;2;16;0;0;0
5;52;6794358;M001;6.7533866346596;01;01;1;1;1;09;0;0;0
5;52;1902634;M001;11.4699831358053;02;01;1;1;1;17;0;0;0
5;52;364995;M001;15.0703060743341;08;01;2;3;1;07;0;0;0
5;52;3200348;M001;6.9871090394169;05;01;2;2;1;13;0;0;0
5;52;2807749;M001;9.2854828705984;08;01;2;2;1;17;0;0;0
5;52;20839;M001;12.7148727129005;08;01;2;4;1;13;0;0;0
5;52;858800;M001;10.2241205908338;01;01;1;4;1;13;0;0;0
5;52;6753942;M001;12.2972353631579;01;01;1;2;1;12;0;0;0
5;52;5025584;M001;11.0665954339293;01;01;1;1;1;13;0;0;0
5;52;3489815;M001;6.5738806843779;01;01;1;3;1;06;0;0;0
5;52;3489815;M002;6.5738806843779;01;01;1;2;2;17;0;0;0
5;52;7002510;M001;10.5770110582319;01;01;1;2;1;05;0;0;0
5;52;6682420;M001;8.6494231070535;01;01;1;3;1;12;0;0;0
5;52;1772264;M001;11.9640930669172;01;01;1;1;2;17;0;0;0
5;52;4198094;M001;11.4887160250601;01;01;1;2;1;17;0;0;0
5;52;680391;M001;10.9546913175925;01;01;1;2;1;04;0;0;0
5;52;3718678;M001;6.1046126023506;01;01;1;4;1;09;0;0;0
5;52;3718678;M002;6.1046126023506;01;01;1;4;2;07;0;0;0
5;52;313546;M001;10.7528951670719;01;01;1;3;1;13;0;0;0
5;52;5733259;M001;8.6751038024907;01;01;1;2;1;17;0;0;0
5;52;5453205;M001;11.9997034789687;08;01;2;4;2;16;0;0;0
5;52;3239947;M001;6.9238597808539;08;01;2;3;1;09;0;0;0
5;52;3905573;M001;10.4574612959637;08;01;2;2;2;12;0;0;0
5;52;2768186;M001;10.1507590081249;01;01;1;3;2;12;0;0;0
5;52;5172746;M001;2.0829624038322;08;01;2;3;1;16;0;0;0
5;52;919101;M001;8.0614340119108;08;01;2;2;1;16;0;0;0
5;52;6878252;M001;9.0997137174687;08;01;2;1;1;17;0;0;0
5;52;1213629;M001;11.6195067431466;01;01;1;3;2;01;0;0;0
5;52;3473785;M001;10.3390435535021;01;01;1;2;1;13;0;0;0
5;52;7551574;M001;15.7636169075382;01;01;1;3;2;11;0;0;0
5;52;6392488;M001;19.0715451837856;01;01;1;3;1;12;0;0;0
5;52;2632851;M001;10.802684081461;01;01;1;3;2;13;0;0;0
5;52;5066690;M001;8.9506587765624;01;01;1;2;2;14;0;0;0
5;52;2325377;M001;4.4693776360283;01;01;1;3;1;17;0;0;0
5;52;799532;M001;5.3636066512044;01;01;1;3;2;11;0;0;0
5;52;3021338;M001;4.9101997096308;01;01;1;2;1;17;0;0;0
5;52;2159735;M001;7.1094885912415;01;01;1;4;1;16;0;0;0
5;52;6313299;M001;4.9220510571189;01;01;1;4;1;12;0;0;0
5;52;3920428;M001;5.225400675956;01;01;1;2;2;14;0;0;1
5;52;7802379;M001;4.374294393661;01;01;1;1;1;01;0;0;0
5;52;6992171;M001;4.9762103258327;01;01;1;1;1;17;0;0;0
5;52;3126870;M001;2.8088235892486;01;01;1;3;2;16;0;0;0
5;52;3244258;M001;4.5241759434868;01;01;1;2;1;15;0;0;0
5;52;2901469;M001;4.4684266958569;01;01;1;2;2;12;0;0;0
5;52;7224893;M001;4.2158303168613;01;01;1;3;1;10;0;0;0
5;52;6472992;M001;4.5241759434868;01;01;1;1;1;10;0;0;0
5;52;1738009;M001;5.3929352599791;01;01;1;3;1;17;0;0;0
5;52;5634661;M001;5.6750942486755;01;01;1;3;1;17;0;0;0
5;52;6749495;M001;3.5050828673466;01;01;1;4;1;06;0;0;0
5;52;7583559;M001;4.2857068586532;01;01;1;3;1;17;0;0;0
5;52;1624060;M001;4.3822435562946;01;01;1;1;1;17;0;0;0
5;52;1620948;M001;4.8008198635809;01;01;1;2;2;17;0;0;0
5;52;249071;M001;5.0926262546181;01;01;1;1;2;14;0;0;0
5;52;5365058;M001;5.0879117862128;01;01;1;3;2;13;0;0;0
5;52;2388159;M001;6.5304694123474;01;01;1;4;1;16;0;0;0
5;52;3985667;M001;4.8246521862722;01;01;1;2;2;17;0;0;0
5;52;7683733;M001;5.3346524667819;01;01;1;2;2;13;0;0;0
5;52;5346478;M001;4.6925510538519;08;01;2;3;1;09;0;0;0
5;52;2832322;M001;5.4047973225527;08;01;2;1;1;17;0;0;0
5;52;3303627;M001;4.305020014819;08;01;2;3;2;08;0;0;0
5;52;2761668;M001;5.2193739120333;08;01;2;4;1;10;0;0;0
5;52;7060353;M001;5.9701842391757;08;01;2;4;2;16;0;0;0
5;52;5659515;M001;5.3444832869571;08;01;2;2;1;05;0;0;0
5;52;3988498;M001;11.5989742738852;01;01;1;2;1;17;0;0;0
5;52;1482724;M001;9.3771598875304;01;01;1;1;1;16;0;0;0
5;52;5363400;M001;10.1316344706369;01;01;1;2;1;17;0;0;0
5;52;5821278;M001;11.4093200077476;01;01;1;4;1;15;0;0;0
5;52;6885081;M001;18.699653404108;01;01;1;2;2;12;0;0;0
5;52;3308054;M001;11.4317815168891;01;01;1;3;2;14;0;0;0
5;52;5782885;M001;12.8647605571414;01;01;1;4;2;13;0;0;0
5;52;116347;M001;8.4583780653092;01;01;1;1;1;10;0;0;0
5;52;1020784;M001;6.9316262610659;01;01;1;2;1;14;0;0;0
5;52;6127051;M001;9.2259295117628;01;01;1;1;1;13;0;0;0
5;52;3597214;M001;10.1416514601722;01;01;1;3;2;13;0;0;0
5;52;1031208;M001;11.6704345265164;01;01;1;2;2;13;0;0;0
5;52;5405311;M001;7.2588103769774;01;01;1;2;1;15;0;0;0
5;52;4033202;M001;9.3768611984731;01;01;1;2;1;17;0;0;0
5;52;4695331;M001;6.9116926676039;01;01;1;3;1;09;0;0;0
5;52;4578653;M001;7.0543610770544;01;01;1;4;1;15;0;0;1
5;52;995497;M001;9.7185226431459;01;01;1;3;1;15;0;0;0
5;52;1789633;M001;9.1007233620556;01;01;1;3;1;17;0;0;0
5;52;880137;M001;7.153730184774;01;01;1;2;1;13;0;0;0
5;52;1781761;M001;10.2650877041953;01;01;1;3;2;16;0;0;0
5;52;6645138;M001;8.039999147575;01;01;1;3;2;12;0;0;0
5;52;5660004;M001;9.1852843438038;01;01;1;2;2;17;0;0;0
5;52;7729078;M001;10.9595598742557;01;01;1;4;2;13;0;0;0
5;52;1921749;M001;12.1297483722695;01;01;1;4;1;16;0;0;0
5;52;6653299;M001;9.3216476898153;01;01;1;2;1;16;0;0;0
5;52;4553540;M001;10.9630530501236;01;01;1;1;1;15;0;0;0
5;52;7136214;M001;9.3229439654069;01;01;1;4;2;15;0;0;0
5;52;3643084;M001;13.2452297736994;01;01;1;2;1;10;0;0;0
5;52;2344838;M001;10.3298298827385;01;01;1;3;2;09;0;0;0
5;52;3591753;M001;5.5769374294691;01;01;1;4;1;12;0;0;0
5;52;289829;M001;16.8234281223221;01;01;1;2;1;12;0;0;0
5;52;4945573;M001;15.4835014710122;01;01;1;2;2;12;0;0;0
5;52;2222128;M001;9.5955994233683;01;01;1;2;2;10;0;0;0
5;52;3535874;M001;12.8961507778204;01;01;1;3;2;11;0;0;0
5;52;5987623;M001;10.9506848268172;01;01;1;1;1;05;0;0;0
5;52;1315096;M001;8.872660516191;01;01;1;3;2;15;0;0;0
5;52;3794264;M001;9.3802988157629;01;01;1;4;2;16;0;0;0
5;52;5038721;M001;7.146281007136;01;01;1;2;1;11;0;0;0
5;52;6303652;M001;4.6148203277168;01;01;1;2;2;16;0;0;0
5;52;1839709;M001;6.4302304327485;01;01;1;3;2;16;0;0;0
5;52;2689941;M001;4.7319745734657;01;01;1;4;2;17;0;0;0
5;52;733911;M001;4.6700818555479;01;01;1;1;1;15;0;0;0
5;52;1314835;M001;6.0252447953761;01;01;1;2;2;14;0;0;0
5;52;1964312;M001;6.3526186867952;01;01;1;3;2;16;0;0;0
5;52;7475857;M001;5.7743463927225;01;01;1;1;1;16;0;0;0
5;52;3798021;M001;3.8654625088048;01;01;1;2;2;08;0;0;0
5;52;743303;M001;5.4079790896393;01;01;1;3;2;05;0;0;0
5;52;1330531;M001;5.0464681760866;01;01;1;1;1;12;0;0;0
5;52;1250272;M001;3.7118546578667;01;01;1;4;1;14;0;0;0
5;52;7495688;M001;4.9538028411439;01;01;1;3;1;08;0;0;0
5;52;7232505;M001;8.4984333308986;01;01;1;1;2;09;0;0;0
5;52;3753275;M001;6.5337463861565;01;01;1;4;2;16;0;0;0
5;52;251224;M001;4.2933815026663;01;01;1;3;2;17;0;0;0
5;52;483172;M001;4.827227434921;01;01;1;2;2;16;0;0;0
5;52;64547;M001;5.4375505338755;01;01;1;2;1;15;0;0;0
5;52;1922489;M001;3.546482359584;01;01;1;4;1;11;0;0;0
5;52;3064673;M001;6.0094795035966;01;01;1;4;1;15;0;0;0
5;52;7674405;M001;5.6310161405704;01;01;1;1;1;09;0;0;0
5;52;6689635;M001;4.7322972663098;01;01;1;4;1;10;0;0;0
5;52;677378;M001;4.2944765299093;01;01;1;4;1;04;0;0;0
5;52;4047687;M001;5.7709589290611;01;01;1;3;1;13;0;0;0
5;52;1404945;M001;5.1412017526349;01;01;1;2;1;17;0;0;0
5;52;2672217;M001;4.8152670593334;01;01;1;3;1;08;0;0;0
5;52;2529108;M001;4.271895155286;08;01;2;3;2;12;0;0;0
5;52;1106957;M001;5.5947714092849;08;01;2;2;2;09;0;0;0
5;52;7559982;M001;5.1421318188985;01;01;1;2;1;17;0;0;0
5;52;3194454;M001;4.4232381340416;01;01;1;1;2;15;0;0;0
5;52;2916323;M001;5.2773299915201;01;01;1;2;1;17;0;0;0
5;52;4177463;M001;4.7319745734657;01;01;1;3;1;14;0;0;0
5;52;1210849;M001;5.0599452112145;02;01;1;2;2;16;0;0;0
5;52;570758;M001;1.75940379682;02;01;1;3;1;16;0;0;0
5;52;570758;M002;1.75940379682;02;01;1;3;1;11;0;0;0
5;52;5123629;M001;2.8759400323849;01;01;1;2;2;09;0;0;0
5;52;7606154;M001;4.2730548144404;01;01;1;2;2;01;0;0;0
5;52;7606154;M002;4.2730548144404;01;01;1;2;1;01;0;0;0
5;52;1858003;M001;4.3764892760451;01;01;1;2;1;17;0;0;0
5;52;488227;M001;2.6493345865091;01;01;1;4;1;15;0;0;0
5;52;6088220;M001;5.4375505338755;01;01;1;3;1;13;0;0;0
5;52;6088220;M002;5.4375505338755;01;01;1;3;2;17;0;0;0
5;52;2133342;M001;4.2959064040199;01;01;1;3;1;17;0;0;0
5;52;5829198;M001;5.1508372830488;01;01;1;4;1;12;0;0;0
5;52;299533;M001;5.3809064028331;01;01;1;3;2;11;0;0;0
5;52;7794384;M001;3.8961195993879;01;01;1;3;2;15;0;0;0
5;52;3597040;M001;5.3512417744457;01;01;1;4;2;15;0;0;0
5;52;5536427;M001;4.0650437741404;01;01;1;1;1;09;0;0;0
5;52;3668428;M001;4.4710795693355;01;01;1;2;2;09;0;0;0
5;52;1413415;M001;4.8542109123792;01;01;1;2;1;08;0;0;0
5;52;1413415;M002;4.8542109123792;01;01;1;3;2;12;0;0;0
5;52;3258908;M001;5.4032660222331;01;01;1;3;1;12;0;0;0
5;52;4040786;M001;2.2277319849763;01;01;1;1;1;13;0;0;0
5;52;4021064;M001;2.7433114051192;01;01;1;4;1;16;0;0;0
5;52;3449556;M001;3.6348656191335;01;01;1;3;2;13;0;0;0
5;52;6688722;M001;4.2455079164341;01;01;1;2;2;17;0;0;0
5;52;780940;M001;1.9266880835054;01;01;1;2;1;08;0;0;0
5;52;494363;M001;3.3047132453664;01;01;1;2;1;11;0;0;0
5;52;7626340;M001;4.2455079164341;01;01;1;2;1;17;0;0;0
5;52;4695435;M001;3.1722219587347;08;01;2;1;1;15;0;0;0
5;52;1054190;M001;2.3031065250431;08;01;2;3;1;05;0;0;0
5;52;2562338;M001;2.6922579104468;08;01;2;4;2;14;0;0;0
5;52;1018767;M001;3.5807721968141;01;01;1;1;1;07;0;0;0
5;52;4184983;M001;2.6619765358605;01;01;1;3;1;09;0;0;0
5;52;4458122;M001;3.8602970806319;01;01;1;1;1;11;0;0;0
5;52;7124336;M001;3.5777447200517;01;01;1;2;1;17;0;0;0
5;52;2050182;M001;2.9144363584993;01;01;1;1;1;14;0;0;0
5;52;3698492;M001;3.6946254593053;01;01;1;3;1;16;0;0;0
5;52;4951326;M001;2.8781233507411;01;01;1;3;1;17;0;0;0
5;52;4505000;M001;1.4982360172878;01;01;1;1;2;01;0;0;0
5;52;5675586;M001;3.8854223703954;01;01;1;1;1;01;0;0;0
5;52;6268536;M001;2.6850091573121;01;01;1;4;2;15;0;0;0
5;52;5589343;M001;3.9710983079356;01;01;1;1;2;14;0;0;0
5;52;5267366;M001;3.030606182291;01;01;1;3;2;12;0;0;1
5;52;3230799;M001;2.3930119907435;01;01;1;1;1;17;0;0;1
5;52;1773679;M001;2.7070313511565;01;01;1;3;1;13;0;0;0
5;52;6832046;M001;3.0809124798237;05;01;2;4;1;17;0;0;0
5;52;6222966;M001;2.958742973517;05;01;2;3;2;16;0;0;0
5;52;2785473;M001;3.5980883315508;05;01;2;3;2;14;0;0;0
5;52;4255646;M001;3.5854084676129;08;01;2;1;1;17;0;0;0
5;52;3712061;M001;2.9964830333426;08;01;2;1;1;12;0;0;0
5;52;4765983;M001;2.3267645458672;02;01;1;3;1;15;0;0;0
5;52;7349813;M001;3.6544344960151;01;01;1;3;1;15;0;0;0
5;52;4969182;M001;2.3500726677621;01;01;1;3;1;14;0;0;0
5;52;925545;M001;3.850308593651;02;01;1;1;1;14;0;0;0
5;52;147769;M001;2.8244961908742;01;01;1;3;2;09;0;0;0
5;52;2903544;M001;3.3085999653385;01;01;1;3;1;14;0;0;0
5;52;5509845;M001;3.2254241266148;01;01;1;4;1;17;0;0;0
5;52;1929736;M001;3.5303945609539;01;01;1;4;2;13;0;0;0
5;52;4920926;M001;5.4852258846935;01;01;1;3;2;16;0;0;0
5;52;4920926;M002;5.4852258846935;01;01;1;2;1;17;0;0;0
5;52;7288082;M001;2.9797859604901;01;01;1;3;1;12;0;0;0
5;52;3612016;M001;3.5056459605274;01;01;1;2;1;15;0;0;0
5;52;2077398;M001;3.1632243877759;01;01;1;1;1;15;0;0;0
5;52;2077398;M002;3.1632243877759;01;01;1;4;2;17;0;0;0
5;52;477607;M001;4.312584769454;01;01;1;1;2;17;0;0;0
5;52;3754637;M001;4.6092587664849;01;01;1;3;1;15;0;0;0
5;52;2337202;M001;3.7494803529669;01;01;1;3;1;11;0;0;0
5;52;2120245;M001;3.0714713819922;01;01;1;2;1;15;0;0;0
5;52;2136352;M001;2.4176846658956;01;01;1;4;2;01;0;0;0
5;52;827586;M001;2.942483662636;01;01;1;2;2;13;0;0;0
5;52;5011280;M001;2.8355789421267;01;01;1;4;1;17;0;0;0
5;52;2890680;M001;2.9900961980875;01;01;1;1;2;16;0;0;0
5;52;599018;M001;3.0482747746573;01;01;1;2;1;16;0;0;0
5;52;2039561;M001;2.9683724408024;01;01;1;2;2;12;0;0;0
5;52;2039561;M002;2.9683724408024;01;01;1;4;1;08;0;0;0
5;52;2737862;M001;4.1855899634944;01;01;1;1;1;16;0;0;0
5;52;3609136;M001;3.4227680613074;01;01;1;2;2;12;0;0;0
5;52;2156513;M001;1.9573065392654;01;01;1;1;1;17;0;0;0
5;52;3765224;M001;2.8355789421267;01;01;1;3;2;17;0;0;0
5;52;7426959;M001;2.1951774960783;01;01;1;1;2;17;0;0;0
5;52;1860791;M001;2.9201250880969;01;01;1;3;1;10;0;0;0
5;52;1973784;M001;2.9797859604901;01;01;1;1;1;07;0;0;0
5;52;1977039;M001;4.6870044905859;08;01;2;2;2;06;0;0;0
5;52;3420368;M001;3.6722216159936;08;01;2;2;2;01;0;0;0
5;52;7562840;M001;3.7590724767605;08;01;2;4;2;01;0;0;0
5;52;5881838;M001;4.5898492623413;08;01;2;3;1;07;0;0;0
5;52;4097606;M001;2.843936408131;01;01;1;2;1;12;0;0;0
5;52;2057483;M001;3.0180891490613;01;01;1;2;2;14;0;0;0
5;52;1615889;M001;6.3857263440019;01;01;1;3;1;17;0;0;0
5;52;1615889;M002;6.3857263440019;01;01;1;2;1;17;0;0;0
5;52;769344;M001;6.974461216358;01;01;1;3;1;14;0;0;0
5;52;3056812;M001;4.1390616351762;01;01;1;4;2;12;0;0;0
5;52;5034629;M001;4.7010913031652;01;01;1;3;2;17;0;0;0
5;52;5871323;M001;4.7010913031652;01;01;1;4;1;13;0;0;0
5;52;5297671;M001;1.4237083016709;01;01;1;1;1;17;0;0;0
5;52;4632345;M001;4.1951284855023;01;01;1;1;1;09;0;0;0
5;52;986759;M001;4.2803203898946;01;01;1;2;1;11;0;0;0
5;52;1087131;M001;6.6686053853302;01;01;1;1;2;17;0;0;0
5;52;1590596;M001;4.2427846062115;01;01;1;3;1;11;0;0;0
5;52;3387366;M001;6.2948006172475;01;01;1;3;2;17;0;0;0
5;52;4060842;M001;6.0916465540991;01;01;1;2;1;09;0;0;0
5;52;1824136;M001;5.5609917792017;01;01;1;3;1;17;0;0;0
5;52;5371800;M001;3.5226988437937;01;01;1;4;1;17;0;0;0
5;52;4934044;M001;3.7618478178824;01;01;1;2;2;17;0;0;0
5;52;4714328;M001;4.8535319045278;01;01;1;3;1;17;0;0;0
5;52;6232505;M001;3.7370885634065;01;01;1;1;2;12;0;0;0
5;52;717179;M001;5.2050642396192;01;01;1;4;2;17;0;0;0
5;52;5809323;M001;7.7152302448244;01;01;1;1;1;13;0;0;0
5;52;2663696;M001;4.2103588675552;01;01;1;3;2;14;0;0;0
5;52;2735918;M001;6.5138991710919;01;01;1;1;1;12;0;0;0
5;52;2735918;M002;6.5138991710919;01;01;1;2;2;12;0;0;0
5;52;6920633;M001;3.4079261880664;01;01;1;4;1;07;0;0;0
5;52;6920633;M002;3.4079261880664;01;01;1;4;1;05;0;0;0
5;52;6153510;M001;3.8686729917151;01;01;1;3;2;14;0;0;0
5;52;4121841;M001;3.4973264865243;01;01;1;4;1;16;0;0;0
5;52;137205;M001;5.9473043450162;01;01;1;3;1;14;0;0;0
5;52;1203591;M001;4.8535319045278;01;01;1;1;1;17;0;0;0
5;52;4263449;M001;4.8535319045278;01;01;1;1;1;16;0;0;0
5;52;7133121;M001;6.2522131169704;01;01;1;4;1;17;0;0;0
5;52;6464541;M001;7.9585970677973;01;01;1;3;2;16;0;0;0
5;52;992609;M001;2.8126971893553;01;01;1;3;1;06;0;0;0
5;52;2003008;M001;6.5851161352949;01;01;1;3;1;08;0;0;0
5;52;2724994;M001;6.3158283908053;01;01;1;2;1;07;0;0;0
5;52;691815;M001;4.8720196494937;01;01;1;3;1;15;0;0;0
5;52;6065167;M001;7.2103695839575;01;01;1;4;2;17;0;0;0
5;52;2093496;M001;4.6763065306689;01;01;1;1;1;15;0;0;0
5;52;7075316;M001;4.577770310683;01;01;1;2;1;15;0;0;0
5;52;3733911;M001;4.1626060000473;01;01;1;4;2;14;0;0;0
5;52;5332618;M001;6.8326849230438;01;01;1;3;2;16;0;0;0
5;52;5238258;M001;5.4563815135146;01;01;1;4;1;12;0;0;0
5;52;3389173;M001;3.5226988437937;01;01;1;1;1;17;0;0;0
5;52;5946375;M001;4.3701369692107;01;01;1;1;1;01;0;0;0
5;52;4283376;M001;4.3592342637391;01;01;1;4;2;17;0;0;0
5;52;761611;M001;8.2301571345187;01;01;1;2;1;17;0;0;0
5;52;4205896;M001;2.0538155338652;01;01;1;3;1;12;0;0;0
5;52;5658317;M001;2.1143789992899;01;01;1;2;2;12;0;0;0
5;52;2246113;M001;1.7941403641057;01;01;1;3;2;15;0;0;0
5;52;2050515;M001;2.1069407301057;01;01;1;3;1;13;0;0;0
5;52;1395361;M001;1.83679824022;03;01;1;1;2;13;0;0;0
5;52;5194963;M001;2.1069407301057;03;01;1;3;1;15;0;0;0
5;52;5536072;M001;2.2930227434494;03;01;1;1;2;17;0;0;0
5;52;3221263;M001;1.8576635134661;01;01;1;4;1;12;0;0;0
5;52;4071565;M001;2.0877554831877;01;01;1;3;2;14;0;0;0
5;52;2256801;M001;2.4074102904113;01;01;1;1;1;12;0;0;0
5;52;477840;M001;2.5795851899024;01;01;1;1;2;01;0;0;0
5;52;1170045;M001;1.8128306688513;01;01;1;2;2;16;0;0;0
5;52;3329257;M001;1.8616246095538;01;01;1;2;2;17;0;0;0
5;52;7770225;M001;2.1569703589954;01;01;1;3;2;17;0;0;0
5;52;6109686;M001;1.6641083558734;01;01;1;3;2;13;0;0;0
5;52;7073578;M001;1.8280966105802;01;01;1;1;2;14;0;0;0
5;52;1204630;M001;2.120086096018;01;01;1;2;1;17;0;0;0
5;52;4761048;M001;2.3896896666809;01;01;1;3;1;13;0;0;0
5;52;1160197;M001;1.8005922788373;08;01;2;1;2;12;0;0;0
5;52;7723252;M001;1.7665569384124;01;01;1;4;1;15;0;0;0
5;52;4394907;M001;2.3421251916772;01;01;1;1;1;10;0;0;0
5;52;3041720;M001;2.5209430944414;01;01;1;1;1;10;0;0;0
5;52;2449402;M001;2.3410987656772;01;01;1;3;2;17;0;0;0
5;52;7088413;M001;2.2999304247821;01;01;1;2;1;17;0;0;0
5;52;1209295;M001;2.3436117642868;01;01;1;3;2;12;0;0;0
5;52;2277788;M001;1.9187206685586;01;01;1;1;2;17;0;0;0
5;52;414090;M001;1.7624222333198;01;01;1;2;2;01;0;0;0
5;52;807329;M001;2.4781477097665;01;01;1;4;2;17;0;0;0
5;52;4697746;M002;1.9270964013415;01;01;1;3;1;14;0;0;0
5;52;1493067;M001;2.172623969635;01;01;1;2;2;15;0;0;0
5;52;7059585;M001;3.877289489349;01;01;1;3;1;06;0;0;0
5;52;2080538;M001;3.5047385941071;01;01;1;2;1;08;0;0;0
5;52;1618535;M001;2.6342282486628;01;01;1;1;1;07;0;0;0
5;52;7311043;M001;3.1726414927589;01;01;1;2;1;17;0;0;0
5;52;6150694;M001;1.3924724703147;01;01;1;4;2;17;0;0;0
5;52;4781264;M001;2.9239748541753;01;01;1;3;1;17;0;0;0
5;52;1454859;M001;2.641725905537;01;01;1;1;1;13;0;0;0
5;52;6479159;M001;3.0216254879759;01;01;1;1;1;13;0;0;0
5;52;6117389;M001;2.5501447234718;01;01;1;1;1;07;0;0;0
5;52;4295064;M001;2.3921579472214;01;01;1;3;2;14;0;0;0
5;52;3406507;M001;3.551872380927;01;01;1;1;2;08;0;0;0
5;52;6921171;M001;2.6785558319726;01;01;1;2;1;10;0;0;0
5;52;769433;M001;4.3675439854642;01;01;1;2;2;17;0;0;0
5;52;1614253;M001;2.7510373087484;01;01;1;2;2;11;0;0;0
5;52;4647946;M001;2.4461259871227;01;01;1;3;2;05;0;0;0
5;52;2512094;M001;2.7626786276085;01;01;1;2;1;06;0;0;0
5;52;3564139;M001;3.4246463878365;01;01;1;3;2;16;0;0;0
5;52;3045790;M001;2.3491978618471;08;01;2;4;1;12;0;0;0
5;52;7022373;M001;4.017192937723;08;01;2;2;1;12;0;0;0
5;52;6739802;M001;2.2657463325487;08;01;2;3;1;16;0;0;0
5;52;1599281;M001;2.8522161189841;08;01;2;4;2;08;0;0;0
5;52;5038590;M001;2.9369937648667;08;01;2;3;1;12;0;0;0
5;52;221266;M001;4.0578515149162;08;01;2;4;1;16;0;0;0
5;52;813052;M001;2.9451486149404;08;01;2;4;1;16;0;0;0
5;52;2750909;M001;3.3103629684837;08;01;2;2;2;15;0;0;0
5;52;7551427;M001;2.7149279231762;08;01;2;3;1;17;0;0;0
5;52;7478972;M001;1.9836253444823;08;01;2;2;2;17;0;0;0
5;52;6217503;M001;3.399508228408;08;01;2;4;1;17;0;0;0
5;52;4060193;M001;6.3140858794001;01;01;1;4;1;12;0;0;0
5;52;521735;M001;4.235084327861;01;01;1;1;1;11;0;0;0
5;52;4903783;M001;4.940483756532;01;01;1;3;1;17;0;0;0
5;52;614878;M001;4.725589120646;01;01;1;3;2;16;0;0;0
5;52;4548519;M001;4.6412868604862;01;01;1;3;2;10;0;0;0
5;52;527453;M001;8.9221619981089;01;01;1;1;2;11;0;0;0
5;52;6448465;M001;5.4330752546644;01;01;1;1;1;17;0;0;0
5;52;5312809;M001;5.5215032972622;01;01;1;2;2;13;0;0;0
5;52;2912197;M001;4.54032301654;01;01;1;4;1;16;0;0;0
5;52;2197467;M001;5.980124249026;01;01;1;4;1;13;0;0;0
5;52;4289300;M001;5.2664596820112;01;01;1;3;1;14;0;0;0
5;52;7589478;M001;3.9039248352528;01;01;1;4;1;13;0;0;0
5;52;6073724;M001;5.2450744662237;01;01;1;3;1;14;0;0;0
5;52;623710;M001;4.5940750752374;01;01;1;1;1;09;0;0;0
5;52;1376771;M001;3.7047557043696;01;01;1;3;1;11;0;0;0
5;52;2117704;M001;4.8314312910923;05;01;2;1;1;11;0;0;0
5;52;378242;M001;2.8356449382597;08;01;2;3;2;11;0;0;0
5;52;2263006;M001;4.6266877301694;01;01;1;1;1;12;0;0;0
5;52;6613550;M001;4.174738564537;01;01;1;3;2;17;0;0;0
5;52;6384598;M001;6.2979908818739;01;01;1;3;1;08;0;0;0
5;52;2043100;M001;4.7636760561773;08;01;2;4;1;10;0;0;0
5;52;5240707;M001;4.8760860419324;01;01;1;2;1;13;0;0;0
5;52;4475978;M001;5.453279897163;01;01;1;1;1;14;0;0;0
5;52;1779797;M001;6.7711675767781;01;01;1;3;2;14;0;0;0
5;52;3710819;M001;6.4728074585163;01;01;1;1;1;10;0;0;0
5;52;6611049;M001;5.4724994581999;01;01;1;1;1;13;0;0;0
5;52;4750753;M001;6.2788401351251;01;01;1;4;1;15;0;0;0
5;52;5952134;M001;6.4998739061381;01;01;1;1;1;15;0;0;0
5;52;1649503;M001;4.4522491555764;01;01;1;2;1;16;0;0;0
5;52;7394894;M001;7.0543379677973;01;01;1;2;2;16;0;0;0
5;52;6745551;M001;5.4129776351735;01;01;1;4;2;17;0;0;0
5;52;6180161;M001;6.3498148765357;01;01;1;4;2;16;0;0;0
5;52;1466293;M001;8.1157291971245;01;01;1;3;2;09;0;0;0
5;52;5757099;M001;5.3301517396448;01;01;1;4;2;16;0;0;0
5;52;1171871;M001;8.3779962223447;01;01;1;2;2;16;0;0;0
5;52;7082839;M001;5.2153935348116;01;01;1;4;2;15;0;0;0
5;52;5587791;M001;4.5450811856988;01;01;1;4;1;15;0;0;0
5;52;5189748;M001;6.6482706626967;01;01;1;1;1;17;0;0;0
5;52;7048291;M001;6.2376068809178;01;01;1;4;1;14;0;0;0
5;52;3797171;M001;3.8576864936595;01;01;1;4;2;13;0;0;0
5;52;4281417;M001;6.5983775705318;08;01;2;4;1;14;0;0;0
5;52;4281417;M002;6.5983775705318;08;01;2;4;1;16;0;0;0
5;52;7682399;M001;7.7559476155765;08;01;2;3;1;17;0;0;0
5;52;3071458;M001;8.6616913097333;08;01;2;2;2;14;0;0;0
5;52;6257442;M001;7.3641011660317;08;01;2;3;1;17;0;0;0
5;52;5441154;M001;3.0236155339777;08;01;2;3;1;17;0;0;0
5;52;1807260;M001;7.0839164329464;08;01;2;4;1;16;0;0;0
5;52;1006677;M001;4.7630257426111;02;01;1;4;1;12;0;0;0
5;52;5645088;M001;6.1316022854739;01;01;1;3;2;10;0;0;0
5;52;6322646;M001;5.8225807184966;01;01;1;4;2;05;0;0;0
5;52;1426580;M001;5.3354349679517;01;01;1;4;1;13;0;0;0
5;52;1578617;M001;6.0686522622859;01;01;1;3;1;17;0;0;0
5;52;5990169;M001;5.4007618094976;01;01;1;3;1;08;0;0;0
5;52;631679;M001;6.2788401351251;02;01;1;2;1;15;0;0;0
5;52;6076229;M001;5.69580098827;01;01;1;2;2;16;0;0;0
5;52;6793698;M001;5.2987044136312;01;01;1;2;2;17;0;0;0
5;52;5213816;M001;5.1435622580234;01;01;1;4;1;17;0;0;0
5;52;2246654;M001;6.6971129212176;01;01;1;2;1;17;0;0;0
5;52;5443954;M001;4.8516097436985;01;01;1;1;1;17;0;0;0
5;52;4748313;M001;4.3225915514456;01;01;1;3;2;14;0;0;0
5;52;2736581;M001;7.6309122774075;01;01;1;2;2;13;0;0;0
5;52;415727;M001;6.0506008923214;01;01;1;4;2;17;0;0;0
5;52;396091;M001;2.2719597678167;01;01;1;2;1;13;0;0;0
5;52;7013726;M001;6.0060747380712;01;01;1;2;1;10;0;0;0
5;52;2511404;M001;4.4624501554005;01;01;1;4;2;17;0;0;0
5;52;3661282;M001;6.9640029805899;08;01;2;3;1;17;0;0;0
5;52;3523293;M001;5.4365745088328;02;01;1;1;1;17;0;0;0
5;52;1192851;M001;2.1114236721723;01;01;1;1;2;15;0;0;0
5;52;242763;M001;2.0644179609232;01;01;1;4;2;17;0;0;0
5;52;4350127;M001;2.5529080372633;01;01;1;2;1;13;0;0;0
5;52;4651688;M001;2.442300616006;01;01;1;4;1;17;0;0;0
5;52;4651688;M002;2.442300616006;01;01;1;1;2;17;0;0;0
5;52;4449514;M001;2.3725937309588;01;01;1;3;1;17;0;0;0
5;52;7198103;M001;2.9299948308117;01;01;1;4;1;12;0;0;0
5;52;7192932;M001;1.9731408001436;01;01;1;1;2;12;0;0;0
5;52;552973;M001;2.1411656444556;01;01;1;4;1;17;0;0;0
5;52;552973;M002;2.1411656444556;01;01;1;4;2;12;0;0;0
5;52;6129688;M001;2.1563538441335;08;01;2;3;2;12;0;0;0
5;52;5453187;M001;2.8730141292206;08;01;2;3;2;11;0;0;0
5;52;2816956;M001;3.0109759661442;01;01;1;3;1;08;0;0;0
5;52;5674638;M001;3.0364505089205;01;01;1;2;2;11;0;0;1
5;52;7752279;M001;4.0440149430074;01;01;1;1;1;03;0;0;0
5;52;2371971;M001;2.6896635681267;01;01;1;4;2;14;0;0;1
5;52;2485368;M001;2.2334284166977;01;01;1;1;2;14;0;0;1
5;52;2169071;M001;1.9400899024789;01;01;1;1;2;10;0;0;0
5;52;7606142;M001;1.7252977780698;01;01;1;4;2;17;0;0;0
5;52;7617852;M001;3.288916733547;01;01;1;3;2;13;0;0;0
5;52;2276516;M001;3.2004759275398;01;01;1;2;1;17;0;0;0
5;52;7186676;M001;2.4010419815984;01;01;1;2;2;11;0;0;0
5;52;4146112;M001;3.0109759661442;01;01;1;2;1;12;0;0;0
5;52;4735529;M001;3.0904056785916;01;01;1;2;1;14;0;0;0
5;52;6644794;M001;4.4878544498365;01;01;1;1;2;17;0;0;0
5;52;4139136;M001;3.6294513946325;01;01;1;1;1;15;0;0;0
5;52;1158152;M001;1.6700615192335;01;01;1;3;2;14;0;0;0
5;52;5591500;M001;2.9695266401824;01;01;1;1;2;17;0;0;0
5;52;3788643;M001;3.3007974669272;01;01;1;3;2;15;0;0;0
5;52;6743156;M001;2.085442777011;01;01;1;3;2;14;0;0;0
5;52;3111917;M001;3.318353762739;01;01;1;3;2;07;0;0;0
5;52;1963572;M001;3.3353965866954;01;01;1;2;1;17;0;0;0
5;52;3292157;M001;3.686140955468;01;01;1;3;2;12;0;0;0
5;52;1338023;M001;1.8656412239688;01;01;1;1;2;13;0;0;0
5;52;2557739;M001;1.8811108018116;01;01;1;1;1;14;0;0;0
5;52;6195385;M001;3.2390413311128;08;01;2;2;1;08;0;0;0
5;52;5206171;M001;2.3338550663248;08;01;2;2;2;05;0;0;0
5;52;5288607;M001;4.6093967187645;03;01;1;3;2;12;0;0;0
5;52;5288607;M002;4.6093967187645;03;01;1;3;1;17;0;0;0
5;52;4278628;M001;2.6705545726418;03;01;1;3;2;15;0;0;0
5;52;6743105;M001;3.1510129204063;03;01;1;2;1;16;0;0;0
5;52;4736925;M001;2.2924876488307;03;01;1;4;1;17;0;0;0
5;52;1010709;M001;3.3073971652187;03;01;1;1;1;16;0;0;0
5;52;3531554;M001;3.0248881286261;03;01;1;3;1;15;0;0;0
5;52;1268560;M001;3.2746505653639;03;01;1;3;1;14;0;0;0
5;52;2433804;M001;4.2207439436981;03;01;1;3;2;05;0;0;0
5;52;6737012;M001;1.6536538028165;08;01;2;3;1;16;0;0;0
5;52;3715589;M001;3.0364505089205;01;01;1;3;2;11;0;0;0
5;52;5531422;M001;3.4796373695089;01;01;1;2;1;01;0;0;0
5;52;6896607;M001;3.6387829743906;01;01;1;1;1;16;0;0;0
5;52;3151634;M001;2.5089512022469;01;01;1;3;1;12;0;0;0
5;52;4265458;M001;2.3927817408759;01;01;1;3;1;12;0;0;0
5;52;4999083;M001;2.9363858354253;01;01;1;3;1;14;0;0;0
5;52;4999083;M002;2.9363858354253;01;01;1;2;1;11;0;0;0
5;52;4014272;M001;4.0842435081872;01;01;1;3;1;14;0;0;0
5;52;78843;M001;6.8141462360506;01;01;1;3;1;11;0;0;0
5;52;78843;M002;6.8141462360506;01;01;1;3;2;17;0;0;0
5;52;5147627;M001;6.090658214193;01;01;1;1;1;17;0;0;0
5;52;6740302;M001;4.2819758447735;01;01;1;2;2;14;0;0;0
5;52;854508;M001;4.7508034780841;01;01;1;2;1;12;0;0;0
5;52;854508;M002;4.7508034780841;01;01;1;3;1;17;0;0;0
5;52;2567900;M001;5.149726501546;01;01;1;3;1;13;0;0;0
5;52;4447900;M001;4.0861759951821;01;01;1;3;1;10;0;0;0
5;52;6688788;M001;5.506278211633;01;01;1;1;1;14;0;0;0
5;52;4574683;M001;3.7744622960045;01;01;1;3;1;15;0;0;0
5;52;4574683;M002;3.7744622960045;01;01;1;4;1;09;0;0;0
5;52;562629;M001;3.2163053911957;01;01;1;2;1;17;0;0;0
5;52;371337;M001;2.9707234245698;01;01;1;1;2;14;0;0;0
5;52;1468756;M001;4.2258706576404;01;01;1;3;1;15;0;0;0
5;52;4478167;M001;4.3304790827976;01;01;1;4;2;15;0;0;0
5;52;3622506;M001;6.3395550463025;01;01;1;3;2;05;0;0;0
5;52;4348392;M001;6.1579312885685;01;01;1;3;1;17;0;0;0
5;52;1423787;M001;2.015013885697;01;01;1;1;2;06;0;0;0
5;52;3850958;M001;7.1038813334664;01;01;1;3;1;12;0;0;0
5;52;1920648;M001;2.796268716037;01;01;1;1;1;17;0;0;0
5;52;7799215;M001;4.5831546250142;01;01;1;2;1;05;0;0;0
5;52;4026899;M001;3.311167233466;01;01;1;2;1;09;0;0;0
5;52;1147824;M001;5.5810201984768;01;01;1;2;1;17;0;0;0
5;52;3462947;M001;6.090658214193;01;01;1;3;1;13;0;0;0
5;52;2275850;M001;7.1790525217178;01;01;1;3;2;17;0;0;0
5;52;2247354;M001;4.9924307258445;01;01;1;2;2;09;0;0;0
5;52;4134475;M001;5.447588768722;01;01;1;4;1;16;0;0;0
5;52;6635888;M001;4.2678339483883;01;01;1;2;2;14;0;0;0
5;52;5845221;M001;1.5873255038849;01;01;1;1;2;16;0;0;0
5;52;6717476;M001;4.1398226490875;01;01;1;3;1;16;0;0;0
5;52;1747045;M001;5.1792977348484;01;01;1;3;2;12;0;0;0
5;52;4887600;M001;1.254872620337;01;01;1;2;2;11;0;0;0
5;52;5952409;M001;7.71898082667;08;01;2;3;1;17;0;0;0
5;52;2522202;M001;4.7986369347334;08;01;2;2;1;17;0;0;0
5;52;2560545;M001;5.3570710223487;08;01;2;2;1;16;0;0;0
5;52;2007473;M001;7.4259820250147;01;01;1;4;1;10;0;0;0
5;52;7130283;M001;2.9996421517946;01;01;1;3;1;16;0;0;0
5;52;4953983;M001;6.3341563016075;01;01;1;3;2;11;0;0;0
5;52;7756518;M001;3.1281527755355;01;01;1;4;1;05;0;0;0
5;52;1588965;M001;6.400747399714;01;01;1;3;1;17;0;0;0
5;52;836646;M001;4.6065805407184;01;01;1;3;1;15;0;0;0
5;52;1696044;M001;3.9616410919247;01;01;1;3;2;14;0;0;0
5;52;3150516;M001;6.0182354041694;01;01;1;3;1;11;0;0;0
5;52;7258587;M001;3.2852170653189;01;01;1;2;1;12;0;0;0
5;52;1587459;M001;6.4659439103282;01;01;1;1;2;15;0;0;0
5;52;5267653;M001;5.0847902308841;01;01;1;1;1;04;0;0;0
5;52;6996587;M001;2.3381944835344;01;01;1;4;1;04;0;0;0
5;52;3093886;M001;4.2449163964729;01;01;1;3;2;11;0;0;0
5;52;6362154;M002;4.2449163964729;01;01;1;1;2;16;0;0;0
5;52;1835866;M001;5.1924771122006;01;01;1;3;1;17;0;0;0
5;52;1835866;M002;5.1924771122006;01;01;1;2;2;16;0;0;0
5;52;3835620;M001;4.9478195873692;01;01;1;2;2;17;0;0;0
5;52;5814652;M001;4.8244793074899;08;01;2;1;1;12;0;0;0
5;52;6359729;M001;5.6810275362853;01;01;1;2;1;13;0;0;0
5;52;4707677;M001;6.7343231944678;01;01;1;3;1;12;0;0;0
5;52;2959918;M001;4.9978882430052;01;01;1;2;1;14;0;0;0
5;52;3266517;M001;11.6484296742759;01;01;1;2;1;11;0;0;0
5;52;5855354;M001;5.9321583063498;01;01;1;1;2;17;0;0;0
5;52;3561992;M001;3.7963843634928;01;01;1;3;1;16;0;0;0
5;52;7119757;M001;11.525139727374;01;01;1;3;1;17;0;0;0
5;52;5584318;M001;4.888126325508;01;01;1;4;2;15;0;0;0
5;52;4662083;M001;5.7340937973787;01;01;1;1;1;15;0;0;0
5;52;1382227;M001;3.601025913384;01;01;1;3;2;15;0;0;0
5;52;1156056;M001;4.0259123264139;01;01;1;2;1;01;0;0;0
5;52;6724812;M001;4.6830027982947;01;01;1;4;2;08;0;0;0
5;52;1780432;M001;2.0625167606236;01;01;1;2;2;17;0;0;0
5;52;382252;M001;3.3858168877705;01;01;1;1;1;13;0;0;0
5;52;6857385;M001;6.8157328992167;01;01;1;3;1;16;0;0;0
5;52;5776293;M001;3.4222256352148;01;01;1;4;2;17;0;0;0
5;52;690580;M001;5.6398141067359;01;01;1;3;2;17;0;0;0
5;52;4078937;M001;5.4205726561312;01;01;1;1;2;17;0;0;0
5;52;1618101;M001;3.4287588268299;01;01;1;1;2;17;0;0;0
5;52;1618101;M002;3.4287588268299;01;01;1;1;1;12;0;0;0
5;52;1940868;M001;6.2128459005234;01;01;1;1;1;11;0;0;0
5;52;221543;M001;3.3616744932637;01;01;1;4;1;17;0;0;0
5;52;6658365;M001;5.1136067884939;01;01;1;4;2;17;0;0;0
5;52;4372978;M001;2.7113613354747;01;01;1;3;2;17;0;0;0
5;52;4879170;M001;4.4015922981585;01;01;1;1;2;05;0;0;0
5;52;865171;M001;6.3301745795978;01;01;1;2;2;16;0;0;0
5;52;5766465;M001;3.350414075784;01;01;1;4;1;10;0;0;0
5;52;6525658;M001;4.1854635841023;01;01;1;4;1;11;0;0;0
5;52;6479703;M001;3.3790362085691;01;01;1;3;2;05;0;0;0
5;52;4108448;M001;4.9350316775597;01;01;1;3;2;16;0;0;0
5;52;2262314;M001;3.5928331245996;01;01;1;3;2;12;0;0;0
5;52;2262314;M002;3.5928331245996;01;01;1;3;1;17;0;0;0
5;52;7107230;M001;4.0347880701968;01;01;1;1;1;08;0;0;0
5;52;2433210;M001;7.0678176983558;01;01;1;1;2;16;0;0;0
5;52;1693462;M001;4.3768683441195;01;01;1;3;1;17;0;0;0
5;52;6096813;M001;11.6484296742759;01;01;1;4;2;17;0;0;0
5;52;6583374;M001;5.6636678602877;01;01;1;2;1;10;0;0;0
5;52;6707687;M001;3.6937133054813;01;01;1;2;1;10;0;0;0
5;52;2469496;M001;4.2502544730638;01;01;1;4;2;17;0;0;0
5;52;1985981;M001;5.4101810711576;01;01;1;3;1;17;0;0;0
5;52;5806992;M001;4.6942727193752;01;01;1;3;2;17;0;0;0
5;52;7173615;M001;4.0335009241075;08;01;2;2;2;16;0;0;0
5;52;5378416;M001;4.5309139654919;08;01;2;3;2;07;0;0;0
5;52;1823996;M001;4.8766732010555;08;01;2;1;1;13;0;0;0
5;52;7684038;M001;7.9250777350222;08;01;2;4;2;14;0;0;0
5;52;6401719;M001;4.7000941934626;08;01;2;2;2;15;0;0;0
5;52;3083026;M001;8.5071870354453;08;01;2;1;1;05;0;0;0
5;52;1919142;M001;6.1413037760106;08;01;2;2;1;17;0;0;0
5;52;1259935;M001;4.7626848396916;08;01;2;3;1;17;0;0;0
5;52;2913732;M001;4.8519030509989;08;01;2;1;2;05;0;0;0
5;52;5829725;M001;5.2020950097694;08;01;2;3;1;05;0;0;0
5;52;1862332;M001;4.8766732010555;08;01;2;4;2;15;0;0;0
5;52;5373009;M001;3.2659038575143;08;01;2;1;1;14;0;0;0
5;52;3318552;M001;7.9909644465483;01;01;1;4;1;13;0;0;0
5;52;1324429;M001;8.0750755807532;01;01;1;1;1;14;0;0;0
5;52;6071106;M001;5.0470817091706;01;01;1;4;1;15;0;0;0
5;52;2362196;M001;5.0512656323672;01;01;1;2;1;15;0;0;0
5;52;4210551;M001;3.5792338165559;08;01;2;1;1;04;0;0;0
5;52;3795882;M001;5.1984487269081;01;01;1;3;1;04;0;0;0
5;52;7564932;M001;5.2984880649533;01;01;1;4;2;16;0;0;0
5;52;6567052;M001;4.3615460273897;01;01;1;1;1;15;0;0;0
5;52;5418334;M001;6.0909943921875;01;01;1;3;1;05;0;0;0
5;52;7180047;M001;3.1594487021964;01;01;1;2;1;14;0;0;0
5;52;3586759;M001;9.4880342850616;01;01;1;4;2;17;0;0;0
5;52;7681595;M001;8.4186378652481;01;01;1;3;1;11;0;0;0
5;52;2535844;M001;9.4880342850616;01;01;1;4;1;16;0;0;0
5;52;7219992;M001;9.4880342850616;01;01;1;2;1;14;0;0;0
5;52;1626452;M001;9.4880342850616;01;01;1;4;1;17;0;0;0
5;52;4822569;M001;10.4335444298924;01;01;1;2;1;15;0;0;0
5;52;3963245;M001;9.4880342850616;01;01;1;2;1;10;0;0;0
5;52;3699853;M001;10.4335444298924;01;01;1;2;2;16;0;0;0
5;52;6031556;M001;9.8988462199857;01;01;1;3;2;12;0;0;1
5;52;311987;M001;9.4880342850616;01;01;1;1;1;13;0;0;0
5;52;4058564;M001;9.8988462199857;01;01;1;3;1;12;0;0;0
5;52;4242399;M001;11.3790545747233;01;01;1;2;1;11;0;0;0
5;52;4352503;M001;10.9682426397991;01;01;1;3;2;16;0;0;0
5;52;5076457;M001;10.4335444298924;01;01;1;3;1;17;0;0;0
5;52;7370417;M001;10.9682426397991;01;01;1;4;2;15;0;0;0
5;52;4243807;M001;9.4880342850616;01;01;1;1;1;17;0;0;0
5;52;7140980;M001;10.369046304849;01;01;1;3;1;17;0;0;0
5;52;3578980;M001;10.2225078799234;01;01;1;3;1;17;0;0;0
5;52;105445;M001;7.2849889272117;01;01;1;2;1;14;0;0;0
5;52;797237;M001;14.7783246005994;01;01;1;4;2;15;0;0;0
5;52;1101133;M001;9.4017624703;01;01;1;4;1;10;0;0;0
5;52;6408294;M001;6.7215927342155;01;01;1;4;2;15;0;0;0
5;52;5729768;M001;14.1485769700726;01;01;1;2;1;15;0;0;0
5;52;464807;M001;14.9809353425509;01;01;1;1;2;17;0;0;0
5;52;6333244;M001;12.5960563686171;01;01;1;3;1;13;0;0;0
5;52;5934018;M001;8.573944324542;01;01;1;4;2;17;0;0;0
5;52;699368;M001;7.4258516213971;01;01;1;3;2;17;0;0;0
5;52;7643867;M001;5.7623571258029;01;01;1;3;1;01;0;0;0
5;52;1217374;M001;9.600100975014;01;01;1;3;1;16;0;0;0
5;52;7672041;M001;10.907587313771;01;01;1;4;1;17;0;0;0
5;52;4653577;M001;9.0650460429851;01;01;1;3;1;15;0;0;0
5;52;1544017;M001;7.4832061620826;01;01;1;3;1;16;0;0;0
5;52;5031086;M001;10.9283985357608;01;01;1;4;2;14;0;0;0
5;52;2861317;M001;10.8713823079642;01;01;1;4;1;17;0;0;0
5;52;4735831;M001;12.797955734398;01;01;1;3;2;13;0;0;0
5;52;2558090;M001;7.8413102726072;01;01;1;2;2;14;0;0;0
5;52;3331461;M001;7.1611943829818;01;01;1;1;1;11;0;0;0
5;52;4602817;M001;8.9422215596677;01;01;1;3;1;11;0;0;0
5;52;2771774;M001;9.5563545168546;01;01;1;3;2;07;0;0;0
5;52;1680389;M001;9.2121480517795;01;01;1;3;1;09;0;0;0
5;52;940224;M001;4.277527544438;01;01;1;3;2;17;0;0;0
5;52;852425;M001;19.3974233230385;01;01;1;1;1;15;0;0;0
5;52;2136818;M001;10.8375476450367;01;01;1;4;2;99;0;0;1
5;52;1413879;M001;12.4837381107684;01;01;1;3;2;11;0;0;0
5;52;4861747;M001;7.0873222770278;01;01;1;2;2;12;0;0;0
5;52;4861747;M003;7.0873222770278;01;01;1;2;2;08;0;0;0
5;52;6859757;M001;14.6262910841915;01;01;1;1;2;16;0;0;0
5;52;5278479;M001;12.2069320785376;01;01;1;4;1;05;0;0;0
5;52;4859221;M001;9.4880342850616;01;01;1;1;1;15;0;0;0
5;52;1465261;M001;9.8988462199857;01;01;1;2;1;17;0;0;0
5;52;4092411;M001;11.91375278463;01;01;1;4;2;14;0;0;0
5;52;683397;M001;9.4880342850616;01;01;1;2;1;16;0;0;0
5;52;3228959;M001;9.4880342850616;01;01;1;2;1;11;0;0;0
5;52;4302079;M001;9.4880342850616;01;01;1;4;1;13;0;0;0
5;52;5481242;M001;10.4335444298924;01;01;1;1;2;16;0;0;0
5;52;1810242;M001;10.4335444298924;01;01;1;2;1;17;0;0;0
5;52;2014979;M001;10.4335444298924;01;01;1;1;1;09;0;0;0
5;52;3652441;M001;24.0673778630402;01;01;1;4;1;16;0;0;0
5;52;4628310;M001;6.1950554523158;01;01;1;4;1;17;0;0;0
5;52;5552913;M001;8.5171664537159;01;01;1;2;2;11;0;0;0
5;52;7628656;M001;8.4728953993343;01;01;1;3;1;13;0;0;0
5;52;6935603;M001;8.4753152282501;01;01;1;2;2;10;0;0;0
5;52;7670416;M001;11.6035237466939;01;01;1;2;2;14;0;0;0
5;52;5514250;M001;7.8502107487543;01;01;1;3;1;13;0;0;0
5;52;1776577;M001;7.607155023755;08;01;2;1;2;17;0;0;0
5;52;5977486;M001;8.4469253510032;05;01;2;2;1;15;0;0;0
5;52;1805653;M001;6.9270941350973;05;01;2;3;2;12;0;0;0
5;52;1805653;M002;6.9270941350973;05;01;2;3;1;14;0;0;0
5;52;4761362;M001;16.8350998922938;01;01;1;2;1;04;0;0;0
5;52;2422147;M001;11.7493034603432;01;01;1;2;1;04;0;0;0
5;52;7623117;M001;6.3667865218639;01;01;1;3;1;17;0;0;0
5;52;946176;M001;7.8371400849801;08;01;2;3;2;08;0;0;0
5;52;1787095;M001;10.6055931445307;02;01;1;4;1;16;0;0;0
5;52;6257059;M001;6.4171165414634;01;01;1;3;1;17;0;0;0
5;52;2217774;M001;7.3464433569808;02;01;1;2;1;02;0;0;0
5;52;7514122;M001;8.9119401267636;02;01;1;3;1;05;0;0;0
5;52;7348066;M001;11.1076342009454;01;01;1;2;2;15;0;0;0
5;52;7348066;M002;11.1076342009454;01;01;1;3;1;07;0;0;0
5;52;1764983;M001;9.8763645963297;02;01;1;2;2;08;0;0;0
5;52;5527558;M001;10.5911374866221;01;01;1;3;2;10;0;0;0
5;52;4545782;M001;7.5304953709318;01;01;1;3;1;04;0;0;0
5;52;7147204;M001;4.812002088896;01;01;1;4;1;01;0;0;0
5;52;1868656;M001;9.0715287165581;01;01;1;3;1;17;0;0;0
5;52;3163956;M001;8.9533360751548;01;01;1;1;1;17;0;0;0
5;52;3869113;M001;8.9533360751548;01;01;1;2;1;09;0;0;0
5;52;7790496;M001;9.8988462199857;01;01;1;3;1;12;0;0;0
5;52;6842530;M001;2.9036348810842;01;01;1;4;2;04;0;0;0
5;52;4293396;M001;2.3527847643488;01;01;1;3;2;12;0;0;0
5;52;1630243;M001;1.9574601443139;01;01;1;3;1;07;0;0;0
5;52;7403844;M001;8.1708560873643;01;01;1;3;1;14;0;0;0
5;52;7026937;M001;10.2717073289525;01;01;1;3;1;14;0;0;0
5;52;3314672;M001;1.6535645362206;01;01;1;3;1;08;0;0;0
5;52;6057483;M001;1.8020846154116;01;01;1;3;1;09;0;0;0
5;52;5490082;M001;6.4770159861674;01;01;1;3;2;09;0;0;0
5;52;5851687;M001;14.5412942324527;01;01;1;3;2;17;0;0;0
5;52;4466121;M001;11.6394703737887;01;01;1;3;1;17;0;0;0
5;52;5295580;M001;6.3564659321453;01;01;1;2;1;17;0;0;0
5;52;1272897;M001;9.8971775635811;01;01;1;1;1;11;0;0;0
5;52;4994302;M001;13.6953109872228;01;01;1;1;2;08;0;0;0
5;52;6586582;M001;8.8068101296533;01;01;1;2;1;15;0;0;0
5;52;6832324;M001;9.7966203012404;01;01;1;1;1;14;0;0;0
5;52;6351680;M001;8.9835943732103;01;01;1;1;1;07;0;0;0
5;52;7490481;M001;9.8971775635811;01;01;1;1;2;17;0;0;0
5;52;3079223;M001;9.8140340338974;01;01;1;2;1;14;0;0;0
5;52;2904762;M001;6.9575093569041;01;01;1;2;2;05;0;0;0
5;52;7587164;M001;7.332361265821;01;01;1;1;1;05;0;0;0
5;52;7587164;M002;7.332361265821;01;01;1;1;1;15;0;0;0
5;52;1866095;M001;18.4639079079698;01;01;1;3;1;15;0;0;0
5;52;6759018;M001;10.7560306834717;01;01;1;3;1;14;0;0;0
5;52;5566694;M001;6.3703213832429;01;05;1;3;1;06;0;0;0
5;52;2967802;M001;4.4424675623694;01;01;1;3;1;07;0;0;0
5;52;5510036;M001;8.136361590689;01;01;1;1;2;17;0;0;0
5;52;4444723;M001;10.9926040731422;01;01;1;3;1;17;0;0;0
5;52;1378417;M001;10.2888716829582;01;01;1;1;2;01;0;0;0
5;52;1137716;M001;6.6945174651634;01;01;1;3;2;17;0;0;0
5;52;139952;M001;6.0506854663632;01;01;1;4;2;17;0;0;0
5;52;502636;M001;11.8172131981103;01;01;1;1;2;17;0;0;0
5;52;138000;M001;8.3946566215586;01;01;1;4;1;08;0;0;0
5;52;5838110;M001;13.2408184533928;01;01;1;2;1;17;0;0;0
5;52;1796341;M001;10.0129172862744;01;01;1;2;2;01;0;0;0
5;52;2665707;M001;9.944640941302;01;01;1;4;2;09;0;0;0
5;52;4869772;M001;9.6483030121739;01;01;1;1;2;07;0;0;0
5;52;4985979;M002;7.0521024695809;01;01;1;2;2;15;0;0;0
5;52;4985979;M003;7.0521024695809;01;01;1;4;2;10;0;0;0
5;52;2761400;M001;10.6222018514244;01;01;1;3;2;09;0;0;0
5;52;2593617;M001;6.8963393134134;01;01;1;2;2;14;0;0;0
5;52;7185195;M001;8.1612937504646;01;01;1;2;1;04;0;0;0
5;52;3262675;M001;13.5123798708545;01;01;1;4;1;17;0;0;0
5;52;983292;M001;9.784951846527;01;01;1;3;1;08;0;0;0
5;52;1924398;M001;12.7757484231397;01;01;1;1;1;01;0;0;0
5;52;3005259;M001;12.6765977997417;01;01;1;1;2;16;0;0;0
5;52;5436790;M001;9.8140340338974;01;01;1;4;1;13;0;0;0
5;52;1843398;M001;7.9357896282277;01;01;1;3;1;09;0;0;0
5;52;5195695;M001;4.4294391394474;01;01;1;3;2;14;0;0;0
5;52;6567055;M001;14.4939707382226;01;01;1;1;2;17;0;0;0
5;52;5436603;M001;9.3732675807306;01;01;1;2;1;10;0;0;0
5;52;1098725;M001;12.0995531871938;01;01;1;4;1;09;0;0;0
5;52;2801298;M001;7.4258516213971;01;01;1;4;1;14;0;0;0
5;52;902997;M001;10.1114089641691;01;01;1;1;1;17;0;0;0
5;52;2760642;M001;10.2580524082589;01;01;1;3;2;12;0;0;0
5;52;1250220;M001;9.1360055612794;01;01;1;1;2;13;0;0;0
5;52;2015092;M001;4.1630201208557;01;01;1;3;1;15;0;0;0
5;52;1995566;M001;8.0207930970279;01;01;1;1;1;10;0;0;0
5;52;838667;M001;9.215412393101;01;01;1;1;2;05;0;0;0
5;52;4230815;M001;9.8080882513573;01;01;1;3;1;07;0;0;0
5;52;4362542;M001;9.1287700453041;01;01;1;3;2;17;0;0;0
5;52;5345495;M001;8.9873508089452;01;01;1;2;1;10;0;0;0
5;52;3728368;M001;9.3248246098033;01;01;1;3;2;10;0;0;0
5;52;2039338;M001;10.3710895253975;01;01;1;1;1;07;0;0;0
5;52;2220157;M001;21.022594862139;01;01;1;3;1;07;0;0;0
5;52;2220157;M002;21.022594862139;01;01;1;4;1;07;0;0;0
5;52;3308030;M001;6.7800023921383;01;01;1;4;2;14;0;0;0
5;52;7144899;M001;9.9889300522738;01;01;1;3;1;09;0;0;0
5;52;3678712;M001;7.8866688377912;01;01;1;3;1;09;0;0;0
5;52;5118361;M001;9.8348792528847;01;01;1;2;2;17;0;0;0
5;52;3995823;M001;8.9873508089452;01;01;1;4;1;17;0;0;0
5;52;4312303;M001;10.673869489503;01;01;1;3;1;14;0;0;0
5;52;294809;M001;9.6483030121739;01;01;1;4;1;09;0;0;0
5;52;5037715;M001;9.8763645963297;01;01;1;2;1;10;0;0;0
5;52;5239143;M001;9.2836887380734;01;01;1;3;1;08;0;0;0
5;52;4228451;M001;8.9873508089452;01;01;1;2;2;13;0;0;0
5;52;3880604;M001;2.5881227872126;01;01;1;4;2;16;0;0;0
5;52;7422885;M001;3.0418054558797;01;01;1;2;2;17;0;0;0
5;52;2114565;M001;2.992684493017;01;01;1;2;1;12;0;0;0
5;52;3433307;M001;4.4221339099074;08;01;2;4;1;14;0;0;0
5;52;6667271;M001;3.80494597426;08;01;2;3;1;07;0;0;0
5;52;1703495;M001;3.4773367845777;08;01;2;4;2;17;0;0;0
5;52;508640;M001;4.0210862958575;08;01;2;2;2;16;0;0;0
5;52;6769209;M001;3.8971196164754;08;01;2;1;2;13;0;0;0
5;52;7223573;M001;2.4925653423651;08;01;2;4;1;17;0;0;0
5;52;903452;M001;4.4522549161103;01;01;1;2;1;05;0;0;0
5;52;2805500;M001;2.9397495511936;01;01;1;2;1;17;0;0;0
5;52;2192195;M001;2.5403572803034;01;01;1;3;1;17;0;0;0
5;52;2187449;M001;3.6874597437967;01;01;1;2;1;11;0;0;0
5;52;5044706;M001;3.583909728344;01;01;1;4;2;17;0;0;0
5;52;370368;M001;3.5770400916942;01;01;1;2;1;14;0;0;0
5;52;1021612;M001;3.4377107498502;03;01;1;1;2;14;0;0;0
5;52;6941989;M001;4.9990027715661;08;01;2;1;1;16;0;0;0
5;52;6941989;M002;4.9990027715661;08;01;2;2;1;11;0;0;0
5;52;4151941;M001;4.0210862958575;08;01;2;3;2;13;0;0;0
5;52;2406979;M001;2.6825195123903;08;01;2;1;1;14;0;0;0
5;52;3653751;M001;3.1838095350045;01;01;1;2;2;06;0;0;0
5;52;3511999;M001;2.8441627873477;01;01;1;3;1;12;0;0;0
5;52;4461423;M001;1.9552769989295;01;01;1;3;1;12;0;0;0
5;52;2660022;M001;3.5020866927659;01;01;1;3;1;07;0;0;0
5;52;4951377;M001;3.4314979282476;01;01;1;2;1;17;0;0;0
5;52;1706579;M001;2.4849223956508;01;01;1;2;1;17;0;0;0
5;52;3324699;M001;3.8118802506994;01;01;1;3;1;14;0;0;0
5;52;2590303;M001;4.0474985704523;01;01;1;1;2;16;0;0;0
5;52;7418874;M001;3.107473970361;01;01;1;3;1;04;0;0;0
5;52;6273738;M001;1.6137540642381;01;01;1;2;1;17;0;0;0
5;52;1708261;M001;4.1346543933142;01;01;1;1;2;17;0;0;0
5;52;449299;M001;3.0721280511721;01;01;1;3;1;08;0;0;0
5;52;237300;M001;2.923955577558;08;01;2;1;1;17;0;0;0
5;52;665433;M001;2.9387141325656;08;01;2;1;2;17;0;0;0
5;52;1702269;M001;1.9077400879261;08;01;2;3;1;15;0;0;0
5;52;2212549;M001;1.8445796000193;08;01;2;4;2;17;0;0;0
5;52;2434022;M001;4.0667461010171;08;01;2;2;1;13;0;0;0
5;52;5353070;M001;2.6350248709157;08;01;2;3;1;17;0;0;0
5;52;2361162;M001;3.0259903652613;01;01;1;1;1;14;0;0;0
5;52;2911698;M001;3.3997719923845;01;01;1;4;1;12;0;0;0
5;52;5641446;M001;3.7305051659867;01;01;1;3;2;15;0;0;0
5;52;5385172;M001;3.333624402373;01;01;1;3;1;15;0;0;0
5;52;5759114;M001;3.6740225886823;01;01;1;3;2;13;0;0;0
5;52;4510002;M001;3.945464699245;01;01;1;4;1;10;0;0;0
5;52;724856;M001;3.6097532085577;01;01;1;4;1;05;0;0;0
5;52;83334;M001;3.6584858178159;01;01;1;2;2;08;0;0;0
5;52;2937053;M001;3.8178649563318;01;01;1;4;2;13;0;0;0
5;52;2962315;M001;3.1375274330863;01;01;1;3;2;17;0;0;0
5;52;1328626;M001;2.6299359290445;01;01;1;4;1;17;0;0;0
5;52;7557433;M001;3.4340681749926;01;01;1;3;1;17;0;0;0
5;52;379865;M001;2.9932017888358;01;01;1;3;1;17;0;0;0
5;52;341337;M001;1.809450538145;03;01;1;3;2;08;0;0;0
5;52;7043018;M001;2.6041177837397;08;01;2;2;1;06;0;0;0
5;52;3625723;M001;4.4066692928567;08;01;2;3;2;06;0;0;0
5;52;6257146;M001;2.5594169504263;08;01;2;2;1;14;0;0;0
5;52;4525607;M001;3.7472146404825;08;01;2;4;2;03;0;0;0
5;52;1089456;M001;2.7994414017614;08;01;2;3;2;16;0;0;0
5;52;1307785;M001;4.0854843803683;08;01;2;1;2;01;0;0;0
5;52;5674771;M001;3.5182851400803;08;01;2;3;2;16;0;0;0
5;52;1275557;M001;2.3803563341292;08;01;2;1;2;06;0;0;0
5;52;2166092;M002;4.2014803756743;01;01;1;1;1;17;0;0;0
5;52;1764224;M001;2.59142798466;01;01;1;3;1;13;0;0;0
5;52;3680808;M001;2.9159464641114;01;01;1;3;1;16;0;0;0
5;52;5870777;M001;2.3157770607572;01;01;1;2;1;16;0;0;0
5;52;1568482;M001;3.1913218912745;01;01;1;3;1;14;0;0;0
5;52;3099807;M001;3.9718215767947;01;01;1;2;1;17;0;0;0
5;52;6675165;M001;3.6202742956329;01;01;1;3;2;14;0;0;0
5;52;4520541;M001;3.8876987249365;08;01;2;2;1;14;0;0;0
5;52;5675740;M001;3.3687827953916;08;01;2;4;1;15;0;0;0
5;52;402357;M001;5.8244606611231;01;01;1;2;1;08;0;0;0
5;52;7708308;M001;3.1090112737928;01;01;1;4;2;16;0;0;0
5;52;6497539;M001;3.8636024785857;01;01;1;1;2;17;0;0;0
5;52;350328;M001;4.115951117578;01;01;1;4;2;15;0;0;0
5;52;3811949;M001;5.3086501948885;01;01;1;3;2;17;0;0;0
5;52;6765845;M001;4.9026451929691;01;01;1;4;2;17;0;0;0
5;52;4028971;M001;4.7945076076311;01;01;1;4;1;11;0;0;0
5;52;6118671;M001;4.9007815681236;01;01;1;4;1;06;0;0;0
5;52;4823767;M001;5.2390721828853;01;01;1;2;1;12;0;0;0
5;52;5057105;M001;4.5156962727015;01;01;1;1;2;03;0;0;0
5;52;4756099;M001;6.1553112496133;01;01;1;1;1;15;0;0;0
5;52;444291;M001;6.4648676634961;01;01;1;3;1;15;0;0;0
5;52;6327761;M001;4.5169198265688;01;01;1;3;1;13;0;0;0
5;52;222471;M001;5.6701854245994;08;01;2;2;2;09;0;0;0
5;52;4938102;M001;7.0686830234551;08;01;2;1;2;01;0;0;0
5;52;6542718;M001;5.0233970398305;01;01;1;2;1;17;0;0;0
5;52;3580376;M001;4.8607184244641;01;01;1;2;1;13;0;0;0
5;52;4235698;M001;4.2664081867531;01;01;1;2;1;13;0;0;0
5;52;6215657;M001;6.8376492831381;01;01;1;3;2;16;0;0;0
5;52;2718637;M001;3.7704670981326;01;01;1;3;1;17;0;0;0
5;52;4078421;M001;4.700085680158;05;01;2;2;1;17;0;0;0
5;52;7210878;M001;6.0279984050932;01;01;1;1;2;17;0;0;0
5;52;7178800;M001;6.1336656910693;01;01;1;4;2;09;0;0;0
5;52;3658059;M001;3.753855796335;01;01;1;3;1;16;0;0;0
5;52;5149434;M001;5.1201669040283;01;01;1;3;1;17;0;0;0
5;52;2202958;M001;4.18059352977;01;01;1;1;1;17;0;0;0
5;52;6515535;M001;5.9152204475136;01;01;1;3;2;14;0;0;0
5;52;2514715;M001;4.1034003827003;01;01;1;3;1;11;0;0;0
5;52;2356663;M001;8.8761909066908;01;01;1;1;2;17;0;0;0
5;52;2737486;M001;4.1034003827003;01;01;1;1;1;09;0;0;0
5;52;2543378;M001;3.5568443224211;01;01;1;2;1;17;0;0;0
5;52;4359907;M001;2.8392516362697;01;01;1;1;2;01;0;0;0
5;52;2909752;M001;3.7704670981326;01;01;1;3;2;12;0;0;0
5;52;7789269;M001;3.5584125639233;08;01;2;3;1;15;0;0;0
5;52;2248072;M001;6.8742631756068;08;01;2;1;1;17;0;0;0
5;52;227515;M001;3.6745219723853;01;01;1;3;1;11;0;0;0
5;52;1983432;M001;2.8700412341058;01;01;1;2;2;16;0;0;0
5;52;7177428;M001;3.0072316903042;01;01;1;3;2;13;0;0;0
5;52;4467481;M001;2.4602468324921;01;01;1;3;2;13;0;0;0
5;52;2211082;M001;2.9797897039865;01;01;1;1;1;11;0;0;0
5;52;6439975;M001;2.6804634659534;01;01;1;1;2;17;0;0;0
5;52;5659140;M001;2.2915278889715;01;01;1;3;1;15;0;0;0
5;52;4743479;M001;2.5351585806004;01;01;1;3;2;17;0;0;0
5;52;2291255;M001;2.6002469509669;01;01;1;2;1;14;0;0;0
5;52;871778;M001;2.6079791067366;01;01;1;3;1;15;0;0;0
5;52;2888694;M001;2.0348513449045;01;01;1;2;2;01;0;0;0
5;52;879697;M001;3.2854996200196;01;01;1;3;2;17;0;0;0
5;52;4694027;M001;3.1147787606917;01;01;1;2;1;13;0;0;0
5;52;6620594;M001;3.7337374875624;01;01;1;3;1;04;0;0;0
5;52;373929;M001;3.8703528403327;08;01;2;1;2;15;0;0;0
5;52;6412753;M001;3.9774508266314;08;01;2;2;1;15;0;0;0
5;52;871739;M001;2.8753360990364;08;01;2;3;2;17;0;0;0
5;52;4659471;M001;3.2614029356524;08;01;2;2;1;17;0;0;0
5;52;2825792;M001;2.0646260769823;08;01;2;2;1;05;0;0;0
5;52;6650699;M001;3.5512099902585;01;01;1;3;2;09;0;0;0
5;52;167065;M001;3.6135022814335;01;01;1;4;2;12;0;0;0
5;52;4448778;M001;2.1166912255804;01;01;1;3;2;13;0;0;0
5;52;1175106;M001;2.5163892303326;01;01;1;3;1;15;0;0;0
5;52;6761384;M001;4.0940095359389;01;01;1;3;2;08;0;0;0
5;52;285102;M001;6.2513113504503;01;01;1;4;1;13;0;0;0
5;52;1298904;M001;5.6346989938022;01;01;1;3;1;05;0;0;0
5;52;187850;M001;4.540506690836;01;01;1;3;2;14;0;0;0
5;52;3470820;M001;3.2542083177939;01;01;1;2;1;16;0;0;0
5;52;2868746;M001;8.6717083453867;08;01;2;4;2;17;0;0;0
5;52;6590405;M001;5.418365027864;08;01;2;1;2;16;0;0;0
5;52;2829132;M001;4.9799265111199;08;01;2;2;1;13;0;0;0
5;52;511320;M001;3.9875383840145;08;01;2;3;1;12;0;0;0
5;52;6452024;M001;5.8867761286372;02;01;1;1;2;16;0;0;0
5;52;1245306;M001;4.1869898382375;01;01;1;4;1;13;0;0;0
5;52;6685998;M001;4.3513848979962;01;01;1;4;1;01;0;0;0
5;52;3301875;M001;5.9958085777118;01;01;1;2;1;09;0;0;0
5;52;7585267;M001;6.6741317008256;01;01;1;1;1;06;0;0;0
5;52;6870404;M001;4.7311030458412;01;01;1;2;1;15;0;0;0
5;52;4085653;M001;5.9384906383813;01;01;1;3;1;10;0;0;0
5;52;2603651;M001;4.3465634873644;01;01;1;4;1;12;0;0;0
5;52;5031144;M001;10.7499408697913;01;01;1;3;2;09;0;0;0
5;52;1734363;M001;7.4018374890327;01;01;1;3;2;17;0;0;0
5;52;4270432;M001;15.6616746294939;01;01;1;1;1;13;0;0;0
5;52;4970891;M001;12.3571545471222;01;01;1;3;1;14;0;0;0
5;52;6005924;M001;14.5571360006008;01;01;1;3;1;14;0;0;0
5;52;6005924;M002;14.5571360006008;01;01;1;4;2;14;0;0;0
5;52;687460;M001;9.7346966526739;01;01;1;2;1;08;0;0;0
5;52;3072540;M001;10.7635638739353;01;01;1;3;2;16;0;0;0
5;52;7404484;M001;11.9957847914552;01;01;1;3;2;17;0;0;0
5;52;4363136;M001;8.0783578833865;01;01;1;3;1;17;0;0;0
5;52;2904793;M001;11.5075274123146;01;01;1;1;2;17;0;0;0
5;52;2904793;M002;11.5075274123146;01;01;1;2;1;14;0;0;0
5;52;2587447;M001;8.3820711507437;01;01;1;2;1;12;0;0;0
5;52;5832738;M001;10.2613403880457;01;01;1;4;2;17;0;0;0
5;52;7207396;M001;9.8891847928891;01;01;1;1;1;12;0;0;0
5;52;83948;M001;10.4808823393461;01;01;1;4;2;14;0;0;0
5;52;3609628;M001;9.7762002437719;01;01;1;4;1;17;0;0;0
5;52;6894436;M001;9.8017152679931;01;01;1;3;2;13;0;0;0
5;52;357991;M001;23.5708873346027;01;01;1;4;1;16;0;0;0
5;52;30716;M001;9.737299386977;01;01;1;4;2;14;0;0;0
5;52;7050205;M001;11.4988412484736;01;01;1;2;1;02;0;0;0
5;52;588515;M001;12.1954338514117;01;01;1;4;1;17;0;0;0
5;52;5345407;M001;8.0402718621332;01;01;1;1;1;07;0;0;0
5;52;7025840;M001;9.6827241095997;01;01;1;3;2;14;0;0;0
5;52;466502;M001;10.9469447645817;08;01;2;1;2;12;0;0;0
5;52;5487845;M001;7.1428820499538;08;01;2;4;1;17;0;0;0
5;52;1733775;M001;9.9653766018793;08;01;2;1;2;17;0;0;0
5;52;1352054;M001;16.1702485732663;01;01;1;2;1;09;0;0;0
5;52;4231492;M001;11.9209300729041;01;01;1;4;1;01;0;0;0
5;52;2770913;M001;14.9982196197654;01;01;1;3;1;17;0;0;0
5;52;4108278;M001;7.8143369851064;01;01;1;3;1;09;0;0;0
5;52;2136287;M001;9.1445978934784;01;01;1;1;1;17;0;0;0
5;52;7757338;M001;10.3184789359939;01;01;1;2;2;10;0;0;0
5;52;5245983;M001;12.5032972372144;01;01;1;1;2;06;0;0;0
5;52;6521140;M001;4.9215326422963;01;01;1;1;1;14;0;0;0
5;52;7026037;M001;13.7244318490901;01;01;1;2;1;09;0;0;0
5;52;7679845;M001;1.9260010754041;02;01;1;2;2;17;0;0;0
5;52;350173;M001;1.957823332507;02;01;1;3;1;17;0;0;0
5;52;2198479;M001;2.0797672271447;02;01;1;3;1;11;0;0;0
5;52;5186112;M001;2.1028173404503;02;01;1;2;1;09;0;0;0
5;52;2310956;M001;1.7194897384147;02;01;1;2;2;02;0;0;0
5;52;7677813;M001;1.4063584279626;02;01;1;2;1;08;0;0;0
5;52;6611504;M001;1.8015777129653;01;01;1;3;1;14;0;0;0
5;52;3069184;M001;2.5872360133721;01;01;1;3;1;17;0;0;0
5;52;3731386;M001;1.7111032167188;01;01;1;3;1;17;0;0;0
5;52;5826162;M001;2.4392391894233;01;01;1;3;2;11;0;0;0
5;52;5826162;M002;2.4392391894233;01;01;1;1;1;07;0;0;0
5;52;4381261;M001;2.0863709254966;01;01;1;2;2;17;0;0;0
5;52;5456152;M001;2.37354208733;01;01;1;2;1;13;0;0;0
5;52;3915051;M001;2.6374899599681;01;01;1;2;2;17;0;0;0
5;52;4568380;M001;2.0749782564403;01;01;1;3;1;13;0;0;0
5;52;1101019;M001;2.1553734566784;01;01;1;3;1;09;0;0;0
5;52;6162761;M001;2.2968133007758;01;01;1;1;2;15;0;0;0
5;52;5140983;M001;1.6672545816379;01;01;1;3;1;15;0;0;0
5;52;229727;M001;1.9042676801432;01;01;1;2;1;07;0;0;0
5;52;229727;M002;1.9042676801432;01;01;1;3;2;15;0;0;0
5;52;1820014;M001;2.1341829727939;01;01;1;4;1;11;0;0;0
5;52;2132370;M001;1.0119880063912;01;01;1;3;1;07;0;0;0
5;52;4638610;M001;2.4270750057427;01;01;1;1;1;17;0;0;0
5;52;1079568;M001;2.0637794133179;01;01;1;3;2;17;0;0;0
5;52;5893483;M001;2.2457686684574;01;01;1;3;1;07;0;0;0
5;52;7300026;M001;2.4847182805959;01;01;1;4;1;13;0;0;0
5;52;2960985;M001;1.9598897638768;01;01;1;4;1;14;0;0;0
5;52;6817138;M001;2.4814965736747;01;01;1;4;2;17;0;0;0
5;52;3451274;M001;2.2651780985879;01;01;1;2;2;17;0;0;0
5;52;2748999;M001;1.9760104090049;02;01;1;3;1;15;0;0;0
5;52;670857;M001;2.4258339738684;02;01;1;2;1;17;0;0;0
5;52;4503951;M001;2.1396487682143;01;01;1;2;1;13;0;0;0
5;52;3286651;M001;1.4081986786681;01;01;1;3;1;10;0;0;0
5;52;1696397;M001;2.2603431303805;01;01;1;3;2;14;0;0;0
5;52;2410468;M001;1.9309383777741;01;01;1;3;1;15;0;0;0
5;52;5182442;M001;2.1364517672226;01;01;1;2;1;11;0;0;0
5;52;4909256;M001;2.7601660698331;01;01;1;3;1;14;0;0;0
5;52;3243457;M001;2.408422231922;01;01;1;4;1;17;0;0;0
5;52;1793017;M001;1.8418330395506;01;01;1;1;2;17;0;0;0
5;52;2910853;M001;1.4972209963678;01;01;1;2;1;05;0;0;0
5;52;2571535;M001;2.3519340482799;08;01;2;4;1;13;0;0;0
5;52;3163877;M001;2.0453369274057;08;01;2;1;2;14;0;0;0
5;52;5852261;M001;2.4096966770186;08;01;2;2;2;16;0;0;0
5;52;7018117;M001;2.3132117032278;08;01;2;3;2;17;0;0;0
5;52;5349355;M001;1.4832019784127;08;01;2;4;2;11;0;0;0
5;52;747155;M001;2.8432363828433;08;01;2;3;1;14;0;0;0
5;52;1918812;M001;2.2887353569412;08;01;2;4;1;15;0;0;0
5;52;2700916;M001;2.4688006623522;08;01;2;4;1;13;0;0;0
5;52;5259917;M001;5.0626373043838;01;01;1;2;1;12;0;0;0
5;52;7633406;M001;4.4387950974499;01;01;1;3;1;15;0;0;0
5;52;1043335;M001;5.3237923087627;01;01;1;1;1;15;0;0;0
5;52;1043335;M002;5.3237923087627;01;01;1;2;1;17;0;0;0
5;52;3539270;M001;5.4890670510945;01;01;1;3;2;16;0;0;0
5;52;3539270;M002;5.4890670510945;01;01;1;4;1;17;0;0;0
5;52;740869;M001;5.5902119446357;01;01;1;1;2;16;0;0;0
5;52;3482053;M001;4.1234484689503;01;01;1;4;2;15;0;0;0
5;52;2666021;M001;5.3014332695446;01;01;1;4;2;17;0;0;0
5;52;3497926;M001;5.513504125988;01;01;1;2;2;15;0;0;0
5;52;1898073;M001;3.1201496351106;01;01;1;1;1;06;0;0;0
5;52;1664419;M001;4.9236596647915;01;01;1;3;1;12;0;0;0
5;52;509096;M001;4.7561403570484;01;01;1;2;1;12;0;0;0
5;52;2672409;M001;4.0246158902718;01;01;1;2;1;07;0;0;0
5;52;6593511;M001;4.2977166449624;01;01;1;4;2;15;0;0;0
5;52;1883666;M001;5.0258409913725;01;01;1;3;1;17;0;0;0
5;52;5832420;M001;3.668372849412;01;01;1;4;1;13;0;0;0
5;52;767482;M001;4.3763788330391;01;01;1;4;2;15;0;0;0
5;52;5431070;M001;3.668372849412;01;01;1;1;1;16;0;0;0
5;52;6333148;M001;7.2660742336718;01;01;1;2;2;11;0;0;0
5;52;1252421;M001;5.8186490423875;01;01;1;1;2;17;0;0;0
5;52;1516769;M001;6.0671755094107;01;01;1;2;1;04;0;0;0
5;52;1101173;M001;6.7773310525002;01;01;1;3;1;06;0;0;0
5;52;382113;M001;6.943652295716;01;01;1;2;1;16;0;0;0
5;52;1003904;M001;3.668372849412;01;01;1;1;1;14;0;0;0
5;52;757869;M001;5.9198782586748;01;01;1;1;1;13;0;0;0
5;52;6752916;M001;4.3078282543438;01;01;1;4;2;14;0;0;0
5;52;1732803;M001;5.8618759618388;01;01;1;3;1;16;0;0;0
5;52;7074611;M001;4.4888290203921;08;01;2;4;1;17;0;0;0
5;52;403156;M001;4.4381909724961;08;01;2;1;1;15;0;0;0
5;52;611842;M001;5.373826231705;08;01;2;3;2;13;0;0;0
5;52;1113602;M001;4.3657047774983;08;01;2;3;1;06;0;0;0
5;52;2999017;M001;3.843242690327;08;01;2;4;2;10;0;0;0
5;52;7404221;M001;4.0236089805255;08;01;2;1;2;16;0;0;0
5;52;7312639;M001;3.7921905345265;08;01;2;4;1;17;0;0;0
5;52;1980617;M001;5.1206770482818;05;01;2;1;2;14;0;0;0
5;52;1155119;M001;5.3113831722709;05;01;2;2;2;16;0;0;0
5;52;3672475;M001;4.2302489635455;01;01;1;3;2;16;0;0;0
5;52;5860850;M001;5.0066507202463;01;01;1;2;1;01;0;0;0
5;52;3744291;M001;4.5513698490291;01;01;1;3;2;01;0;0;0
5;52;7061271;M001;3.950659841958;01;01;1;3;2;10;0;0;0
5;52;5967337;M001;6.86162243567;01;01;1;3;1;14;0;0;0
5;52;1904994;M001;4.0879053475466;01;01;1;1;2;10;0;0;0
5;52;183226;M001;4.4974018261451;01;01;1;1;2;16;0;0;0
5;52;1659319;M001;5.5500770707418;01;01;1;1;1;04;0;0;0
5;52;3789961;M001;4.4650922001893;01;01;1;4;1;14;0;0;0
5;52;2364972;M001;3.0076038332564;01;01;1;2;1;12;0;0;0
5;52;2250434;M001;2.0459258398644;01;01;1;2;1;14;0;0;0
5;52;3735757;M001;5.5032669755011;01;01;1;4;2;15;0;0;0
5;52;5470273;M001;2.2244752048639;01;01;1;1;2;07;0;0;0
5;52;4902918;M001;2.0459258398644;01;01;1;4;1;14;0;0;0
5;52;346203;M001;2.6668888715967;01;01;1;2;1;14;0;0;0
5;52;3116149;M001;3.2880962840748;01;01;1;3;2;10;0;0;0
5;52;5958349;M002;3.2880962840748;01;01;1;3;2;14;0;0;0
5;52;1139074;M001;2.0459258398644;01;01;1;4;1;13;0;0;0
5;52;1316589;M001;3.1172144595468;01;01;1;3;1;01;0;0;0
5;52;470875;M001;2.5710328467527;01;01;1;1;2;17;0;0;0
5;52;5774804;M001;2.2479978021335;01;01;1;3;1;16;0;0;0
5;52;1927751;M001;2.7445316439214;01;01;1;2;2;16;0;0;0
5;52;7787646;M001;13.312478202797;01;01;1;1;2;17;0;0;0
5;52;550572;M001;8.0615945629011;01;01;1;2;1;15;0;0;0
5;52;3080499;M001;6.1864261115307;01;01;1;1;1;12;0;0;0
5;52;7141073;M001;10.4656146726753;01;01;1;2;1;07;0;0;0
5;52;7047281;M001;8.7786221012913;01;01;1;4;2;11;0;0;0
5;52;946154;M001;7.4956404599433;01;01;1;4;2;15;0;0;0
5;52;3235892;M001;12.401249785972;01;01;1;3;1;09;0;0;0
5;52;639922;M001;10.4974922475346;01;01;1;2;2;17;0;0;0
5;52;5645793;M001;7.8402955886574;01;01;1;4;1;17;0;0;0
5;52;4362740;M001;10.2058737498472;01;01;1;1;1;04;0;0;0
5;52;3468441;M001;9.7443872989938;01;01;1;4;2;16;0;0;0
5;52;2975539;M001;9.9281272899133;01;01;1;2;1;13;0;0;0
5;52;188430;M001;9.7443872989938;01;01;1;3;2;13;0;0;0
5;52;7370243;M001;10.2058737498472;01;01;1;2;2;17;0;0;0
5;52;3007476;M001;8.9256042559924;01;01;1;3;2;13;0;0;0
5;52;6634341;M001;12.0285980075158;01;01;1;3;1;06;0;0;0
5;52;7560828;M001;7.8862158121839;01;01;1;3;1;14;0;0;0
5;52;3358026;M001;9.1902039267313;01;01;1;3;2;17;0;0;0
5;52;7043161;M001;12.6211291574197;01;01;1;3;2;14;0;0;0
5;52;703997;M001;7.9112765210903;01;01;1;4;1;13;0;0;0
5;52;2822723;M001;6.2840447669699;01;01;1;2;1;17;0;0;0
5;52;938788;M001;12.815579795878;01;01;1;4;1;04;0;0;0
5;52;6308166;M001;9.403881421758;01;01;1;4;1;11;0;0;0
5;52;3774678;M001;6.456263270878;01;01;1;3;1;13;0;0;0
5;52;4706061;M001;9.3539529035963;01;01;1;4;2;16;0;0;0
5;52;6724317;M001;8.7616240093034;01;01;1;1;2;12;0;0;0
5;52;6583794;M001;8.9224385166122;01;01;1;3;1;17;0;0;0
5;52;6039771;M001;10.6170825417571;01;01;1;1;1;04;0;0;0
5;52;315244;M001;10.2954535271395;01;01;1;3;1;11;0;0;0
5;52;1799531;M001;10.2058737498472;01;01;1;2;1;17;0;0;0
5;52;2798559;M001;9.9281272899133;01;01;1;3;1;12;0;0;0
5;52;2627816;M001;10.2580843914985;01;01;1;1;1;17;0;0;0
5;52;6573933;M001;11.1285681480049;01;01;1;2;2;15;0;0;0
5;52;1314480;M001;8.9440673648963;01;01;1;1;1;06;0;0;0
5;52;2780078;M001;8.511575882574;01;01;1;1;2;16;0;0;0
5;52;6473786;M001;9.595656104863;01;01;1;1;1;15;0;0;0
5;52;3985308;M001;10.9073009270909;01;01;1;2;1;13;0;0;0
5;52;6493475;M001;9.7338151100407;01;01;1;1;2;15;0;0;0
5;52;5917604;M001;6.116944775646;01;01;1;3;1;06;0;0;0
5;52;6688597;M001;8.519731628199;01;01;1;3;1;13;0;0;0
5;52;5186345;M001;12.3255861015219;01;01;1;4;2;16;0;0;0
5;52;1259184;M001;12.2134309803295;01;01;1;4;2;15;0;0;0
5;52;387134;M001;8.674546830656;01;01;1;2;1;10;0;0;0
5;52;438090;M001;8.97860577467;01;01;1;3;2;17;0;0;0
5;52;6978875;M001;7.0056409332784;01;01;1;3;1;13;0;0;0
5;52;5255067;M001;10.7825810742155;01;01;1;2;2;15;0;0;0
5;52;4602499;M001;8.6687554937408;01;01;1;2;1;01;0;0;0
5;52;6893013;M001;11.9110378440852;01;01;1;3;1;10;0;0;0
5;52;4247368;M001;7.6512762445449;01;01;1;4;2;17;0;0;0
5;52;5275739;M001;4.0451820419633;01;01;1;3;1;17;0;0;0
5;52;5482305;M001;10.2896900349151;01;01;1;2;1;12;0;0;0
5;52;3654459;M001;11.3713401577907;01;01;1;3;1;12;0;0;0
5;52;1011104;M001;19.1423262420143;01;01;1;2;1;16;0;0;0
5;52;7706202;M001;12.2392961479365;01;01;1;2;2;09;0;0;0
5;52;1894877;M001;9.9281272899133;01;01;1;1;2;14;0;0;0
5;52;4616774;M001;6.4834035118995;01;01;1;3;1;14;0;0;0
5;52;6713588;M001;7.7119177761608;01;01;1;4;1;17;0;0;0
5;52;4855303;M001;9.1649543735747;01;01;1;3;2;17;0;0;0
5;52;2253723;M001;13.8002736856636;01;01;1;1;2;16;0;0;0
5;52;2900358;M001;12.5704180401439;01;01;1;1;1;12;0;0;0
5;52;239141;M001;10.2058737498472;01;01;1;2;2;17;0;0;0
5;52;6526677;M001;10.6673602007007;01;01;1;3;1;06;0;0;0
5;52;3688743;M001;10.4836202097812;01;01;1;2;2;17;0;0;0
5;52;2242494;M001;6.0228492917297;01;01;1;4;2;17;0;0;0
5;52;7647886;M001;10.2058737498472;01;01;1;3;1;17;0;0;0
5;52;7730818;M001;9.9347216844713;01;01;1;1;1;01;0;0;0
5;52;1582207;M001;12.4688572748404;01;01;1;2;2;14;0;0;0
5;52;1582207;M002;12.4688572748404;01;01;1;1;1;14;0;0;0
5;52;2615022;M001;9.8498238055253;01;01;1;3;2;15;0;0;0
5;52;904453;M001;9.9349415353714;01;01;1;1;2;17;0;0;0
5;52;5376812;M001;6.9195192186273;01;01;1;4;1;12;0;0;0
5;52;3066294;M001;11.411802033475;01;01;1;3;2;15;0;0;0
5;52;1266491;M001;9.142542977838;01;01;1;1;1;04;0;0;0
5;52;6280131;M001;10.381028437571;01;01;1;3;2;14;0;0;0
5;52;5268474;M001;15.939828847262;01;01;1;2;1;13;0;0;0
5;52;4012946;M001;5.1600094756987;01;01;1;4;2;17;0;0;0
5;52;6038639;M001;7.0729563860716;01;01;1;2;2;17;0;0;0
5;52;7790846;M001;9.6532298169844;01;01;1;2;1;13;0;0;0
5;52;7790846;M002;9.6532298169844;01;01;1;3;2;14;0;0;0
5;52;7376998;M001;10.6191596765295;01;01;1;3;1;13;0;0;0
5;52;1925701;M001;4.9792153610444;01;01;1;3;2;15;0;0;0
5;52;4037349;M001;13.9006205178626;01;01;1;1;2;08;0;0;0
5;52;4802057;M001;13.4280569120948;01;01;1;1;2;11;0;0;0
5;52;870075;M001;9.1647017842476;01;01;1;4;1;08;0;0;0
5;52;7008291;M001;11.4794776432851;01;01;1;1;2;08;0;0;0
5;52;1855026;M001;11.9302802429534;01;01;1;4;1;04;0;0;0
5;52;903255;M001;9.5953050602893;01;01;1;4;2;14;0;0;0
5;52;2196783;M001;6.8489461560674;01;01;1;2;1;07;0;0;0
5;52;2102234;M001;9.43685144679;01;01;1;2;1;17;0;0;0
5;52;3003929;M001;8.9224385166122;01;01;1;3;1;16;0;0;0
5;52;5171038;M001;8.7616240093034;01;01;1;1;2;14;0;0;0
5;52;7030887;M001;10.2954535271395;01;01;1;3;2;17;0;0;0
5;52;2346501;M001;9.6089460218758;01;01;1;3;1;12;0;0;0
5;52;1856700;M001;8.7616240093034;01;01;1;3;2;10;0;0;0
5;52;1388033;M001;8.9224385166122;01;01;1;3;2;09;0;0;0
5;52;1737015;M001;9.6089460218758;01;01;1;3;1;17;0;0;0
5;52;1737015;M002;9.6089460218758;01;01;1;2;2;15;0;0;0
5;52;2542378;M001;8.7616240093034;01;01;1;3;1;17;0;0;0
5;52;6799132;M001;10.2954535271395;01;01;1;2;2;17;0;0;0
5;52;5737430;M001;11.8292830449756;01;01;1;3;2;14;0;0;0
5;52;472609;M001;10.2954535271395;01;01;1;3;2;17;0;0;0
5;52;7426365;M001;10.2954535271395;01;01;1;4;2;17;0;0;0
5;52;3212649;M001;10.4562680344483;01;01;1;4;1;12;0;0;0
5;52;6154885;M001;8.2926372410798;01;01;1;3;2;17;0;0;0
5;52;5981241;M001;8.9870498982934;01;01;1;3;1;09;0;0;0
5;52;5981241;M002;8.9870498982934;01;01;1;3;2;08;0;0;0
5;52;3668663;M001;6.9187672528438;01;01;1;1;1;13;0;0;0
5;52;6980052;M001;11.4866205750844;01;01;1;3;1;16;0;0;0
5;52;4064476;M001;9.9281272899133;01;01;1;3;1;11;0;0;0
5;52;485950;M001;9.7443872989938;01;01;1;2;2;17;0;0;0
5;52;2153428;M001;10.2567902846899;01;01;1;2;1;14;0;0;0
5;52;1550913;M001;6.251786775827;08;01;2;3;1;10;0;0;0
5;52;7733596;M001;7.8326074689645;08;01;2;4;2;17;0;0;0
5;52;782622;M001;9.7443872989938;01;01;1;3;1;17;0;0;0
5;52;782622;M002;9.7443872989938;01;01;1;2;1;12;0;0;0
5;52;4605642;M001;15.301982213394;01;01;1;3;2;17;0;0;0
5;52;7530406;M001;8.9224385166122;01;01;1;3;1;15;0;0;0
5;52;123476;M001;10.544264044882;01;01;1;4;2;17;0;0;0
5;52;96623;M001;8.920637300161;01;01;1;1;2;15;0;0;0
5;52;5373143;M001;8.4674196595424;01;01;1;1;1;10;0;0;0
5;52;1953596;M001;10.6035949802827;01;01;1;2;2;17;0;0;0
5;52;2413490;M001;12.9970263525065;01;01;1;3;2;11;0;0;0
5;52;7253177;M001;6.1864261115307;01;01;1;2;1;17;0;0;0
5;52;2157903;M001;3.6405386302193;01;01;1;2;2;17;0;0;0
5;52;1283274;M001;14.5655042698031;01;01;1;2;2;15;0;0;0
5;52;3123296;M001;2.9784577093337;01;01;1;1;1;14;0;0;0
5;52;6180975;M001;13.2599569019751;01;01;1;3;1;13;0;0;0
5;52;3603489;M001;6.5440417934781;01;01;1;4;2;07;0;0;0
5;52;893556;M001;4.324586078685;01;01;1;2;1;16;0;0;0
5;52;4733332;M001;9.8774810571796;01;01;1;1;2;09;0;0;0
5;52;3947569;M001;8.4469751093414;01;01;1;3;2;09;0;0;0
5;52;3927106;M001;13.613682748711;01;01;1;2;2;15;0;0;0
5;52;4044670;M001;9.1714997578738;01;01;1;4;2;17;0;0;0
5;52;3027806;M001;2.0722953242769;01;01;1;3;2;16;0;0;0
5;52;6645862;M001;10.0241788076822;01;01;1;3;1;05;0;0;0
5;52;5802250;M001;13.6215435450845;01;01;1;3;1;09;0;0;0
5;52;5802250;M002;13.6215435450845;01;01;1;4;2;07;0;0;0
5;52;6449037;M001;7.5254106369202;01;01;1;1;1;17;0;0;0
5;52;38500;M001;9.6322711523254;01;01;1;1;2;06;0;0;0
5;52;1886143;M001;8.9224385166122;01;01;1;3;1;13;0;0;0
5;52;6991778;M001;9.6096096520977;02;01;1;4;1;15;0;0;0
5;52;4870555;M001;9.7338982538021;01;01;1;3;1;11;0;0;0
5;52;4489093;M001;4.942402844464;01;01;1;2;1;15;0;0;0
5;52;709358;M001;12.5584378565793;01;01;1;2;2;10;0;0;0
5;52;5526748;M001;9.4214229890707;01;01;1;3;1;17;0;0;0
5;52;5526748;M002;9.4214229890707;01;01;1;3;1;12;0;0;0
5;52;5517152;M001;10.0527035941425;01;01;1;2;1;17;0;0;0
5;52;1678654;M001;7.1428505732767;01;01;1;2;2;12;0;0;0
5;52;6436419;M001;10.3803510217751;01;01;1;1;2;15;0;0;0
5;52;5310513;M001;7.9004008553321;01;01;1;3;1;15;0;0;0
5;52;4050379;M001;9.2179705264506;01;01;1;1;1;17;0;0;0
5;52;987187;M001;12.3847069149425;01;01;1;3;1;10;0;0;0
5;52;1355443;M001;9.0586900108775;01;01;1;4;2;13;0;0;0
5;52;2094816;M001;10.9476605201921;01;01;1;2;1;15;0;0;0
5;52;4803386;M001;6.9029931944833;01;01;1;2;2;01;0;0;0
5;52;3537896;M001;9.4311665682331;01;01;1;2;2;02;0;0;0
5;52;7500528;M001;11.6684685376667;01;01;1;3;1;05;0;0;0
5;52;6606195;M001;9.6089460218758;01;01;1;3;1;08;0;0;0
5;52;3059811;M001;7.0697349356493;01;01;1;1;1;17;0;0;0
5;52;3170585;M001;9.4894675720919;01;01;1;3;1;15;0;0;0
5;52;1683224;M001;9.4127887460359;01;01;1;2;2;12;0;0;0
5;52;4299110;M001;9.3882865634409;01;01;1;1;2;11;0;0;0
5;52;4500547;M001;9.6089460218758;01;01;1;1;1;16;0;0;0
5;52;2234530;M001;4.0902897071335;08;01;2;3;1;16;0;0;0
5;52;200201;M001;9.1627670811033;08;01;2;2;2;17;0;0;0
5;52;283602;M001;9.7217297924203;05;01;2;3;1;07;0;0;0
5;52;7657036;M001;12.8006226098496;01;01;1;4;2;15;0;0;0
5;52;3691182;M001;8.9224385166122;01;01;1;3;1;11;0;0;0
5;52;5870468;M001;12.2154598061928;01;01;1;3;1;15;0;0;0
5;52;7738830;M001;10.1051944464888;01;01;1;3;1;11;0;0;0
5;52;2881798;M001;14.5615356474633;01;01;1;2;1;17;0;0;0
5;52;6650310;M001;7.4753690589211;01;01;1;2;2;13;0;0;0
5;52;6222946;M001;7.3381538289577;01;01;1;3;1;08;0;0;0
5;52;6211697;M001;9.1797511911908;01;01;1;3;2;13;0;0;0
5;52;2728795;M001;19.6511049457822;01;01;1;1;1;16;0;0;0
5;52;7410421;M001;10.7613666697152;01;01;1;4;2;17;0;0;0
5;52;234304;M001;9.8105534885842;01;01;1;3;2;13;0;0;0
5;52;234304;M002;9.8105534885842;01;01;1;2;1;14;0;0;0
5;52;5734384;M001;8.8613764794615;01;01;1;3;1;14;0;0;0
5;52;1390896;M001;11.1874052057504;08;01;2;3;1;16;0;0;0
5;52;4559981;M001;3.7847751222857;01;01;1;2;2;17;0;0;0
5;52;7200512;M001;4.2830157782748;01;01;1;3;1;14;0;0;0
5;52;5928599;M001;3.763041089981;01;01;1;3;1;17;0;0;0
5;52;4523458;M001;2.1947058571317;01;01;1;3;1;15;0;0;0
5;52;6597620;M001;2.7099706359171;01;01;1;4;1;05;0;0;0
5;52;6838989;M001;3.7180691990655;01;01;1;1;1;12;0;0;0
5;52;3437910;M001;2.1630702153357;01;01;1;2;2;13;0;0;0
5;52;5226176;M001;1.47980434054;01;01;1;2;1;17;0;0;0
5;52;6538741;M001;3.0907520239069;01;01;1;4;2;15;0;0;0
5;52;3774765;M001;3.5568562280974;03;01;1;2;2;14;0;0;0
5;52;5954806;M001;2.8155912942193;03;01;1;3;1;13;0;0;0
5;52;2526404;M001;3.4891581577422;08;01;2;4;1;09;0;0;0
5;52;3014282;M001;2.1771852881662;01;01;1;3;2;12;0;0;0
5;52;2302372;M001;2.9817095339481;01;01;1;2;1;06;0;0;0
5;52;2839726;M001;3.1726146199852;01;01;1;3;2;17;0;0;0
5;52;3725462;M001;4.0598888095605;01;01;1;1;2;15;0;0;0
5;52;3015735;M001;3.4880364095694;01;01;1;3;1;10;0;0;0
5;52;749409;M001;3.1319331579477;01;01;1;3;1;13;0;0;0
5;52;1043011;M001;4.7072331890811;01;01;1;1;1;10;0;0;0
5;52;1043011;M002;4.7072331890811;01;01;1;2;2;10;0;0;0
5;52;7578342;M001;2.7616123463656;01;01;1;3;2;14;0;0;0
5;52;6313686;M001;3.6261513811506;01;01;1;3;1;11;0;0;0
5;52;3677738;M001;3.1661551137908;01;01;1;3;2;15;0;0;0
5;52;3149931;M001;4.5442449257618;01;01;1;2;2;16;0;0;0
5;52;838076;M001;3.2101623841553;01;01;1;3;1;12;0;0;0
5;52;522288;M001;2.0059771727159;08;01;2;4;2;14;0;0;0
5;52;3802158;M001;5.3245783928951;01;01;1;2;1;17;0;0;0
5;52;65606;M001;4.0386255001131;01;01;1;4;2;10;0;0;0
5;52;7322546;M001;6.7419499481223;01;01;1;4;2;16;0;0;0
5;52;7267893;M001;5.3881094671279;01;01;1;3;1;17;0;0;0
5;52;3716030;M001;4.4849214621217;01;01;1;4;1;09;0;0;0
5;52;5245219;M001;4.4282249633468;01;01;1;2;1;10;0;0;0
5;52;6995371;M001;3.3920796874375;01;01;1;2;1;17;0;0;0
5;52;5533459;M001;4.2746856815713;01;01;1;3;2;17;0;0;0
5;52;4158996;M001;6.8675280935355;08;01;2;3;1;06;0;0;0
5;52;508201;M001;3.9830411596842;08;01;2;2;1;17;0;0;0
5;52;508201;M002;3.9830411596842;08;01;2;3;2;17;0;0;0
5;52;148600;M001;3.9125354720174;05;01;2;1;1;12;0;0;0
5;52;3772047;M001;2.1660347687354;08;01;2;2;1;08;0;0;0
5;52;1834026;M002;2.6844300422301;08;01;2;3;1;01;0;0;0
5;52;3431882;M001;3.4775789031183;08;01;2;3;2;11;0;0;0
5;52;6584155;M001;6.417213490955;08;01;2;3;1;15;0;0;0
5;52;3536632;M001;4.77660085041;08;01;2;1;2;17;0;0;0
5;52;5901420;M001;1.7164228492537;05;01;2;1;2;07;0;0;0
5;52;585386;M001;5.9786187373784;01;01;1;3;2;14;0;0;0
5;52;1247405;M001;7.3064596202079;01;01;1;1;1;17;0;0;0
5;52;4882245;M001;4.826314414823;01;01;1;4;2;13;0;0;0
5;52;5161132;M001;4.1796469848928;01;05;1;2;1;06;0;0;0
5;52;2478178;M001;4.2927257678025;01;01;1;1;1;17;0;0;0
5;52;6251259;M001;7.4781055802242;01;01;1;1;1;12;0;0;0
5;52;1237596;M001;4.7180304771336;01;01;1;2;1;12;0;0;0
5;52;3588621;M001;5.3887751840412;01;01;1;2;1;15;0;0;0
5;52;309185;M001;3.6370377408256;01;01;1;2;1;17;0;0;0
5;52;3112267;M001;4.8996660077139;08;01;2;3;2;17;0;0;0
5;52;4331999;M001;3.9844184858612;08;01;2;2;2;17;0;0;0
5;52;54138;M001;2.6945347707456;08;01;2;3;1;12;0;0;0
5;52;4260114;M001;1.8642981797843;08;01;2;3;1;15;0;0;0
5;52;636182;M001;2.6768567440264;08;01;2;4;2;13;0;0;0
5;52;2699925;M001;5.0849127092199;08;01;2;1;1;17;0;0;0
5;52;7038803;M001;2.1547122257502;08;01;2;3;1;15;0;0;0
5;52;3469993;M001;2.1660347687354;08;01;2;3;1;17;0;0;0
5;52;4559425;M001;2.607144054379;08;01;2;3;1;17;0;0;0
5;52;2106525;M001;2.1294644198886;08;01;2;3;1;17;0;0;0
5;52;7529613;M001;2.0137846042988;08;01;2;4;1;08;0;0;0
5;52;4704621;M001;2.4485564227025;08;01;2;4;1;01;0;0;0
5;52;2533799;M001;11.3114981182441;01;01;1;1;1;13;0;0;0
5;52;6379883;M001;10.4172088278605;01;01;1;3;2;17;0;0;0
5;52;5833890;M001;8.5536613149165;01;01;1;3;2;16;0;0;0
5;52;5048333;M001;12.9286401243166;01;01;1;2;1;17;0;0;0
5;52;5120595;M001;7.7721926207244;01;01;1;3;1;17;0;0;0
5;52;701242;M001;7.9850624247679;01;01;1;3;2;17;0;0;0
5;52;5514230;M001;7.985062880074;01;01;1;4;2;16;0;0;0
5;52;5119846;M001;14.4746147153398;01;01;1;2;1;16;0;0;0
5;52;6863464;M001;10.1688463187578;01;01;1;2;1;13;0;0;0
5;52;7068439;M001;11.0255922225719;01;01;1;3;1;16;0;0;0
5;52;6607213;M001;10.0801347569997;02;01;1;3;1;13;0;0;0
5;52;752549;M001;5.8705811866285;01;01;1;1;2;09;0;0;0
5;52;4553563;M001;7.8896839561013;01;01;1;4;1;17;0;0;0
5;52;5114784;M001;10.676345706992;01;01;1;4;1;06;0;0;0
5;52;1322086;M001;10.5564992634735;01;01;1;3;1;12;0;0;0
5;52;2692379;M001;10.2583937884773;01;01;1;4;1;14;0;0;0
5;52;709745;M001;10.734758294951;01;01;1;2;1;17;0;0;0
5;52;222419;M001;10.734758294951;01;01;1;2;1;17;0;0;0
5;52;2630491;M001;13.4376792525535;01;01;1;4;1;17;0;0;0
5;52;6669038;M001;11.3440284652259;01;01;1;2;2;09;0;0;0
5;52;3090239;M001;8.0620816548633;08;01;2;3;1;17;0;0;0
5;52;3284012;M001;10.2583937884773;01;01;1;1;1;14;0;0;0
5;52;2317786;M001;10.5564992634735;01;01;1;1;2;16;0;0;0
5;52;7670122;M001;15.2176833143575;01;01;1;2;1;16;0;0;0
5;52;3680141;M001;8.5871633065166;02;01;1;3;1;16;0;0;0
5;52;2325034;M001;9.8786597812553;01;01;1;1;1;17;0;0;0
5;52;2325034;M002;9.8786597812553;01;01;1;2;2;14;0;0;0
5;52;1226395;M001;10.1385473449588;01;01;1;1;1;05;0;0;0
5;52;7406456;M001;10.5682392147906;01;01;1;2;2;14;0;0;0
5;52;752937;M001;10.7195980937494;01;01;1;2;1;09;0;0;0
5;52;1594312;M001;9.4839238070075;01;01;1;4;1;09;0;0;0
5;52;1574154;M001;10.4366528199549;01;01;1;3;1;13;0;0;0
5;52;4968352;M001;10.5564992634735;02;01;1;2;1;17;0;0;0
5;52;1419231;M001;10.1999812005183;01;01;1;3;1;11;0;0;0
5;52;3021355;M001;10.5564992634735;01;01;1;2;2;13;0;0;0
5;52;7203453;M001;10.5564992634735;01;01;1;3;1;12;0;0;0
5;52;6473384;M001;10.8546047384696;01;01;1;2;2;14;0;0;1
5;52;4158074;M001;9.7820292820036;01;01;1;4;1;11;0;0;0
5;52;1601821;M001;10.4366528199549;01;01;1;1;2;17;0;0;0
5;52;7524075;M001;10.2583937884773;01;01;1;2;1;13;0;0;0
5;52;869178;M001;13.6289288056501;08;01;2;1;2;17;0;0;0
5;52;70188;M001;4.4002045665295;01;01;1;3;2;12;0;0;0
5;52;4721326;M001;6.1074712475713;01;01;1;1;1;14;0;0;0
5;52;6320458;M001;3.9188289495785;01;01;1;3;2;16;0;0;0
5;52;7139479;M001;4.4942793030739;01;01;1;2;2;09;0;0;0
5;52;4805167;M001;4.1286929786251;01;01;1;2;2;10;0;0;0
5;52;3849949;M001;3.6603425559146;01;01;1;4;1;17;0;0;0
5;52;6372785;M001;4.5558441534539;01;01;1;2;1;01;0;0;0
5;52;602721;M001;5.299857896382;01;01;1;1;2;13;0;0;0
5;52;4136440;M001;6.3788434194552;08;01;2;3;1;14;0;0;0
5;52;844507;M001;4.4933326924788;03;01;1;3;1;13;0;0;0
5;52;5040154;M001;4.4929123718117;08;01;2;3;1;16;0;0;0
5;52;6720316;M001;6.9128067436333;08;01;2;3;1;14;0;0;0
5;52;2958409;M001;4.1786889583268;08;01;2;3;2;16;0;0;0
5;52;2005803;M001;4.1505160481445;05;01;2;2;2;15;0;0;0
5;52;2789693;M001;5.0649765130348;01;01;1;4;2;15;0;0;0
5;52;2654316;M001;5.0933942937737;01;01;1;1;1;17;0;0;0
5;52;7461805;M001;5.1972300014126;01;01;1;4;1;17;0;0;0
5;52;7419604;M001;4.2449476789037;08;01;2;2;1;06;0;0;0
5;52;2138385;M001;4.8074023446973;08;01;2;1;2;17;0;0;0
5;52;4480560;M001;3.677602176216;08;01;2;3;1;15;0;0;0
5;52;4775543;M001;6.131444581072;08;01;2;4;2;17;0;0;0
5;52;6326245;M001;5.7527256397102;03;01;1;2;2;15;0;0;0
5;52;5218355;M001;2.9757559730159;01;01;1;2;1;12;0;0;0
5;52;3817882;M001;4.2732164127705;01;01;1;4;2;11;0;0;0
5;52;3337990;M001;2.6760123027341;01;01;1;3;1;11;0;0;0
5;52;7283324;M001;3.1019474977227;01;01;1;1;1;16;0;0;0
5;52;7040212;M001;4.1470691028044;01;01;1;1;2;15;0;0;0
5;52;2588485;M001;3.0445713478007;01;01;1;2;1;10;0;0;0
5;52;4898545;M001;3.5620739327255;01;01;1;4;1;06;0;0;0
5;52;4623629;M001;5.3737542463071;01;01;1;1;1;10;0;0;0
5;52;669116;M001;15.0759257108563;01;01;1;2;1;10;0;0;0
5;52;5049506;M001;3.6305265566377;01;01;1;2;2;11;0;0;0
5;52;2716678;M001;5.1917004858365;01;01;1;3;1;11;0;0;0
5;52;1190486;M001;4.498039529666;01;01;1;3;2;15;0;0;0
5;52;5882071;M001;3.9467883654405;01;01;1;1;1;11;0;0;0
5;52;7788073;M001;5.2403703625484;01;01;1;3;1;12;0;0;0
5;52;2649395;M001;5.1963400735295;01;01;1;2;1;12;0;0;0
5;52;3321201;M001;4.3747383526211;01;01;1;4;2;11;0;0;0
5;52;1932345;M001;5.7315845024403;01;01;1;3;1;14;0;0;0
5;52;526883;M001;5.2403703625484;01;01;1;3;1;12;0;0;0
5;52;4811981;M001;1.9564795448523;01;01;1;3;1;16;0;0;0
5;52;7030759;M001;4.440935924708;01;01;1;1;1;15;0;0;0
5;52;1829113;M002;6.1305743390428;01;01;1;4;1;12;0;0;0
5;52;5730813;M001;11.3757162912441;01;01;1;1;2;09;0;0;0
5;52;7645619;M001;10.5778264594459;01;01;1;4;1;17;0;0;0
5;52;6928980;M001;9.7327368055388;01;01;1;2;1;12;0;0;0
5;52;531575;M001;8.6514168296107;01;01;1;3;2;13;0;0;0
5;52;6702969;M001;12.8775221120347;01;01;1;3;1;09;0;0;0
5;52;7138633;M001;1.9788375558867;01;01;1;1;1;17;0;0;0
5;52;2974723;M001;8.3474611999377;01;01;1;3;1;14;0;0;0
5;52;5618062;M001;9.4442707464687;01;01;1;3;2;16;0;0;0
5;52;3167805;M001;5.144786853631;01;01;1;4;2;14;0;0;0
5;52;2118441;M001;10.0808008898918;01;01;1;1;2;17;0;0;0
5;52;3684151;M001;15.063074859911;01;01;1;2;1;13;0;0;0
5;52;7571151;M001;6.1966374035213;01;01;1;3;2;05;0;0;0
5;52;4510961;M001;11.8660471616026;01;01;1;3;1;11;0;0;0
5;52;3694609;M001;9.4099263079191;01;01;1;3;2;13;0;0;0
5;52;1819859;M001;13.5831765400115;01;01;1;4;2;17;0;0;1
5;52;6268624;M001;9.9903046023022;01;01;1;4;2;06;0;0;0
5;52;994514;M001;11.6916135969541;01;01;1;4;2;13;0;0;0
5;52;6199323;M001;7.8096145675582;01;01;1;1;2;07;0;0;0
5;52;1637988;M001;15.3614366298007;01;01;1;2;1;12;0;0;0
5;52;1499548;M001;9.0681691825775;01;01;1;3;2;14;0;0;0
5;52;1562012;M001;9.0732121584934;01;01;1;2;2;01;0;0;0
5;52;1562012;M002;9.0732121584934;01;01;1;4;1;01;0;0;0
5;52;2848825;M001;4.5441717354842;01;01;1;4;2;17;0;0;0
5;52;176697;M001;6.8420852328761;01;01;1;4;1;12;0;0;0
5;52;1955249;M001;18.5845443339423;01;01;1;3;1;13;0;0;0
5;52;1550484;M001;12.5120818494831;01;01;1;2;1;09;0;0;0
5;52;2728849;M001;14.2152143180316;01;01;1;3;2;11;0;0;0
5;52;5853196;M001;12.8529377835318;01;01;1;1;1;07;0;0;0
5;52;2106073;M001;16.1225981764399;08;01;2;4;1;12;0;0;0
5;52;477087;M001;8.8173726963794;01;01;1;4;2;13;0;0;0
5;52;601917;M001;9.0985324185377;01;01;1;2;2;15;0;0;0
5;52;6931562;M001;10.5831065258561;01;01;1;3;2;16;0;0;0
5;52;1029752;M001;6.5158497510189;01;01;1;3;2;08;0;0;0
5;52;2739914;M001;10.3484985848647;01;01;1;2;2;17;0;0;0
5;52;4084836;M001;8.6185586031689;01;01;1;3;1;05;0;0;0
5;52;1540133;M001;8.2134417745112;01;01;1;4;1;15;0;0;0
5;52;2978341;M001;8.0996062110889;01;01;1;3;1;15;0;0;0
5;52;5858801;M001;8.3511975920879;01;01;1;2;2;16;0;0;0
5;52;2856929;M001;11.5662941206058;01;01;1;3;2;06;0;0;0
5;52;2164793;M001;9.6148800240882;01;01;1;2;2;13;0;0;0
5;52;193640;M001;5.1344544590323;01;01;1;3;1;10;0;0;0
5;52;5684346;M001;5.0193435753682;01;01;1;4;1;07;0;0;0
5;52;2907584;M001;11.6590558492764;01;01;1;4;1;11;0;0;0
5;52;310594;M001;1.7343158161601;08;01;2;3;1;13;0;0;0
5;52;3504191;M001;12.2194166410858;08;01;2;4;1;15;0;0;0
5;52;3672600;M001;2.0530066395245;02;01;1;1;1;15;0;0;0
5;52;3456438;M001;1.1061152106666;02;01;1;3;1;09;0;0;0
5;52;3562860;M001;1.898246335873;02;01;1;3;2;12;0;0;0
5;52;3747516;M001;1.1791179718356;02;01;1;3;1;15;0;0;0
5;52;7793127;M001;1.9693598703959;02;01;1;3;1;13;0;0;0
5;52;5776230;M001;10.5705297479903;02;01;1;2;1;06;0;0;0
5;52;5837042;M001;6.1561373105489;02;01;1;1;1;14;0;0;0
5;52;305185;M001;9.3415128318677;01;01;1;2;2;17;0;0;0
5;52;2208978;M001;7.3561587315228;01;01;1;3;1;99;0;0;1
5;52;2208978;M002;7.3561587315228;01;01;1;3;1;99;0;0;1
5;52;5993410;M001;9.0656463926255;01;01;1;2;2;15;0;0;0
5;52;5745135;M001;6.4849607792649;01;01;1;2;2;11;0;0;0
5;52;7152255;M001;10.2677537085042;01;01;1;3;1;15;0;0;0
5;52;6429728;M001;10.6691863211038;01;01;1;2;2;12;0;0;0
5;52;1232917;M001;7.6592663938415;01;01;1;1;1;09;0;0;0
5;52;2983319;M001;10.6974659453907;01;01;1;2;1;12;0;0;0
5;52;7663691;M001;10.6297271928524;01;01;1;2;2;12;0;0;0
5;52;6177292;M001;9.0450591045004;01;01;1;1;1;08;0;0;0
5;52;6578413;M001;7.6783224788582;01;01;1;1;2;14;0;0;0
5;52;6516537;M001;2.0694184320584;01;01;1;3;2;13;0;0;0
5;52;1205473;M001;9.2353213267465;01;01;1;4;1;06;0;0;0
5;52;7382336;M001;10.7396191636299;01;01;1;4;1;06;0;0;0
5;52;4800395;M001;10.1867220488718;01;01;1;4;1;17;0;0;0
5;52;5068852;M001;7.0954414017839;01;01;1;1;1;17;0;0;0
5;52;1793914;M001;10.0436603652641;01;01;1;1;1;10;0;0;0
5;52;3039439;M001;9.1007881762501;01;01;1;1;1;16;0;0;0
5;52;3039439;M002;9.1007881762501;01;01;1;2;2;14;0;0;0
5;52;937191;M001;8.5921289905301;01;01;1;2;1;13;0;0;0
5;52;7712850;M001;12.0792907523097;01;01;1;3;1;10;0;0;0
5;52;3181710;M001;11.5279828173777;01;01;1;4;1;16;0;0;0
5;52;6161151;M001;6.3211784892129;01;01;1;1;1;01;0;0;0
5;52;3309069;M001;8.4222344521473;01;01;1;4;2;10;0;0;0
5;52;2416833;M001;18.3616717705762;01;01;1;3;1;11;0;0;0
5;52;2380060;M001;2.1875948047918;02;01;1;2;2;01;0;0;0
5;52;2710492;M001;1.4244959409089;02;01;1;4;1;15;0;0;0
5;52;5092183;M001;2.7530202487555;02;01;1;3;1;08;0;0;0
5;52;3002213;M001;2.6018454393154;02;01;1;2;1;14;0;0;0
5;52;3845509;M001;2.6358726592135;02;01;1;1;1;16;0;0;0
5;52;6147868;M001;1.3047812923969;02;01;1;3;1;17;0;0;0
5;52;2924027;M001;2.4993947985506;02;01;1;4;1;10;0;0;0
5;52;7187472;M001;2.4131225966935;02;01;1;3;1;11;0;0;0
5;52;1593288;M001;6.0437262015477;01;01;1;4;2;09;0;0;0
5;52;5260149;M001;11.3986604224233;01;01;1;3;1;09;0;0;0
5;52;5101446;M001;8.8782573707709;01;01;1;1;1;17;0;0;0
5;52;762858;M001;1.4182003867207;01;01;1;1;2;01;0;0;0
5;52;6736198;M001;2.4084449201261;01;01;1;2;1;12;0;0;0
5;52;5223910;M001;1.5509996189172;01;01;1;3;1;16;0;0;0
5;52;1062723;M001;1.4773140826672;01;01;1;2;1;09;0;0;0
5;52;6316149;M001;2.1063905198256;01;01;1;1;2;09;0;0;0
5;52;3295355;M001;1.5799384599267;01;01;1;1;1;05;0;0;0
5;52;4740109;M001;2.5129039081645;01;01;1;4;1;11;0;0;0
5;52;5396098;M001;11.7566734300343;01;01;1;2;2;10;0;0;0
5;52;2011323;M001;10.822934933493;01;01;1;2;2;13;0;0;0
5;52;4713283;M001;6.562824837437;01;01;1;3;1;12;0;0;0
5;52;1255744;M001;14.6610803286996;01;01;1;1;1;05;0;0;0
5;52;6267573;M001;7.901529957903;01;01;1;1;1;13;0;0;0
5;52;5803487;M001;9.6649568071038;01;01;1;1;1;10;0;0;0
5;52;6043923;M001;11.1449180767505;01;01;1;3;1;04;0;0;0
5;52;4011722;M001;11.7532750031702;01;01;1;4;2;07;0;0;0
5;52;7694971;M001;7.6594422937004;01;01;1;1;1;14;0;0;0
5;52;502436;M001;8.3724207703124;01;01;1;3;2;13;0;0;0
5;52;6653126;M001;13.7258146543014;01;01;1;2;1;15;0;0;0
5;52;7068868;M001;12.7431799274948;01;01;1;3;2;08;0;0;0
5;52;7168951;M001;9.6168536811313;01;01;1;4;1;14;0;0;0
5;52;6805779;M001;10.5487309025071;01;01;1;3;2;04;0;0;0
5;52;5700115;M001;9.136091826643;01;01;1;1;1;14;0;0;0
5;52;7221095;M001;13.0359838979842;01;01;1;4;1;17;0;0;0
5;52;7138426;M001;10.5487309025071;01;01;1;4;1;13;0;0;0
5;52;2345465;M001;9.269355517413;01;01;1;3;2;14;0;0;0
5;52;3631135;M001;9.2061398266908;01;01;1;2;1;04;0;0;0
5;52;1957159;M001;7.1871722726135;01;01;1;4;1;17;0;0;0
5;52;7057102;M001;9.2242367443881;01;01;1;2;1;05;0;0;0
5;52;6400347;M001;6.1237667954844;01;01;1;2;2;17;0;0;0
5;52;1319082;M001;10.791089682878;01;01;1;2;2;10;0;0;0
5;52;6992303;M001;10.1646039750666;01;01;1;1;1;01;0;0;0
5;52;3272059;M001;7.4591737445059;01;01;1;1;2;11;0;0;0
5;52;7199345;M001;5.0868249829241;01;01;1;3;1;17;0;0;0
5;52;75011;M001;7.5812821662146;01;01;1;2;2;17;0;0;0
5;52;4409399;M001;14.4202176333439;01;01;1;4;2;17;0;0;0
5;52;1399690;M001;7.4937367033022;01;01;1;3;1;16;0;0;0
5;52;3782814;M001;15.9072360285377;01;01;1;2;1;17;0;0;0
5;52;958789;M001;6.116904245324;02;01;1;3;2;16;0;0;0
5;52;2522698;M001;8.8845711622977;02;01;1;3;1;12;0;0;0
5;52;4509424;M001;12.0034952154245;01;01;1;3;1;14;0;0;0
5;52;562664;M001;8.2086505910431;01;01;1;4;2;15;0;0;0
5;52;7498861;M001;5.3641042880163;01;01;1;4;1;17;0;0;0
5;52;6010731;M001;10.8449420113662;08;01;2;3;1;15;0;0;0
5;52;6912482;M001;7.5055850585743;08;01;2;4;2;10;0;0;0
5;52;5552374;M001;10.9164520423575;08;01;2;1;1;17;0;0;0
5;52;4098734;M001;10.6291081795911;03;01;1;3;2;15;0;0;0
5;52;6473847;M001;10.8646277729751;08;01;2;3;1;16;0;0;0
5;52;740238;M001;9.0201220781582;08;01;2;3;2;12;0;0;0
5;52;1964304;M001;17.421736766197;08;01;2;3;1;16;0;0;0
5;52;271988;M001;9.9707516075961;01;01;1;1;1;16;0;0;0
5;52;7094353;M001;8.2312331799888;03;01;1;1;1;13;0;0;0
5;52;5350482;M001;9.3634083956618;03;01;1;3;1;17;0;0;0
5;52;1947391;M001;9.8659707970957;03;01;1;2;1;01;0;0;0
5;52;5875076;M001;10.4955836113349;03;01;1;1;2;01;0;0;0
5;52;7769819;M001;9.0118773616105;08;01;2;4;1;12;0;0;0
5;52;7775046;M001;1.8919899877876;03;01;1;2;2;12;0;0;0
5;52;7138522;M001;1.8919899877876;03;01;1;3;2;10;0;0;0
5;52;3816587;M001;1.926456228699;03;01;1;2;2;09;0;0;0
5;52;3816587;M002;1.926456228699;03;01;1;2;1;09;0;0;0
5;52;7481205;M001;1.926456228699;03;01;1;2;1;09;0;0;0
5;52;3088440;M001;2.1173118069744;01;01;1;4;1;17;0;0;0
5;52;4692873;M001;1.8740608078118;01;01;1;3;2;11;0;0;0
5;52;5670344;M001;2.5577209693716;01;01;1;4;2;17;0;0;0
5;52;6287251;M001;1.766162766618;01;01;1;3;1;05;0;0;0
5;52;5988347;M001;2.003278865526;01;01;1;1;1;17;0;0;0
5;52;6195098;M001;1.7624515252527;03;01;1;4;2;17;0;0;0
5;52;7001914;M001;1.926456228699;03;01;1;3;1;13;0;0;0
5;52;7394014;M001;2.0616182022794;03;01;1;2;2;16;0;0;0
5;52;755070;M001;6.6985679280824;01;01;1;3;1;14;0;0;0
5;52;5250028;M001;13.812316759245;01;01;1;1;1;16;0;0;0
5;52;390274;M001;2.6682479703347;01;01;1;4;2;09;0;0;0
5;52;110140;M001;3.3771233544886;01;01;1;4;1;17;0;0;0
5;52;3948566;M001;2.5243621139195;01;01;1;3;1;01;0;0;0
5;52;1333227;M001;2.3726116981;01;01;1;2;1;04;0;0;0
5;52;1333227;M002;2.3726116981;01;01;1;3;1;15;0;0;0
5;52;3121253;M001;3.1747866234635;02;01;1;2;1;07;0;0;0
5;52;5605942;M001;3.0080874690847;02;01;1;3;2;12;0;0;0
5;52;7553324;M001;2.3698874513611;08;01;2;4;1;15;0;0;0
5;52;4986848;M001;3.4435410097387;01;01;1;1;1;16;0;0;0
5;52;146972;M001;1.6546291287029;01;01;1;2;2;14;0;0;0
5;52;7755566;M001;2.8347826578371;01;01;1;3;1;09;0;0;0
5;52;5161812;M001;3.243596678328;01;01;1;2;2;17;0;0;0
5;52;4720660;M001;3.1075229899893;01;01;1;1;1;08;0;0;0
5;52;6495373;M001;3.6412625832523;01;01;1;2;1;15;0;0;0
5;52;299976;M001;3.903737902467;01;01;1;3;2;15;0;0;0
5;52;7110410;M001;1.3736198957092;01;01;1;3;1;01;0;0;0
5;52;1565457;M001;3.094976860419;01;01;1;1;2;17;0;0;0
5;52;3558569;M001;3.9334319020493;08;01;2;2;1;12;0;0;0
5;52;7804434;M001;2.9306126655616;01;01;1;3;2;09;0;0;0
5;52;2945000;M001;2.9497244612891;01;01;1;4;1;17;0;0;0
5;52;1364135;M001;2.5013116418536;01;01;1;4;1;01;0;0;0
5;52;3853474;M001;2.9425213289844;01;01;1;4;1;11;0;0;0
5;52;4828618;M001;2.4938232424027;01;01;1;3;2;13;0;0;0
5;52;1495209;M001;3.963110645673;08;01;2;3;1;17;0;0;0
5;52;5884711;M001;2.4580948679392;08;01;2;3;1;16;0;0;0
5;52;7447294;M002;1.6196474690302;01;01;1;2;1;15;0;0;0
5;52;4729191;M001;2.7215312646784;01;01;1;4;1;17;0;0;0
5;52;2853447;M001;1.6799707623226;01;01;1;2;1;17;0;0;0
5;52;2873496;M001;1.8094147581849;01;01;1;1;1;17;0;0;0
5;52;2748115;M001;1.6600637339954;01;01;1;4;1;16;0;0;0
5;52;1856584;M001;1.5605478687444;01;01;1;3;1;17;0;0;0
5;52;34398;M001;1.5605478687444;01;01;1;2;1;17;0;0;0
5;52;6110960;M001;1.5605478687444;01;01;1;1;1;17;0;0;0
5;52;5050027;M001;1.8094147581849;01;01;1;2;2;17;0;0;0
5;52;6665757;M001;2.3549999137707;01;01;1;4;2;17;0;0;0
5;52;6665757;M002;2.3549999137707;01;01;1;2;2;04;0;0;0
5;52;4713190;M001;1.6979516016737;01;01;1;2;2;15;0;0;0
5;52;617891;M001;1.6732333998394;01;01;1;3;1;09;0;0;0
5;52;60031;M001;2.1280065281483;01;01;1;4;2;12;0;0;0
5;52;7020579;M001;2.2486352610947;01;01;1;3;1;13;0;0;0
5;52;7033498;M001;2.1088267362524;01;01;1;2;1;13;0;0;0
5;52;4210762;M001;2.7627234815382;01;01;1;1;2;13;0;0;0
5;52;3468435;M001;1.8020922314477;01;01;1;1;1;16;0;0;0
5;52;3552362;M001;2.1088267362524;01;01;1;4;1;16;0;0;0
5;52;5738617;M001;1.8248884236544;01;01;1;2;2;10;0;0;0
5;52;1883768;M001;2.2290834632547;01;01;1;4;2;08;0;0;0
5;52;6279486;M001;2.1088267362524;01;01;1;3;1;15;0;0;0
5;52;3840177;M001;2.7129166539665;08;01;2;3;2;16;0;0;0
5;52;4984753;M001;1.9888528563554;08;01;2;2;1;17;0;0;0
5;52;3830647;M001;2.5517762904579;08;01;2;4;1;04;0;0;0
5;52;4591138;M001;1.9246979452183;08;01;2;2;2;11;0;0;0
5;52;6374743;M001;1.6563370715567;08;01;2;2;1;13;0;0;0
5;52;1288247;M001;1.3400719897215;08;01;2;2;2;17;0;0;0
5;52;7649243;M001;2.2283974886051;08;01;2;3;2;16;0;0;0
5;52;4213957;M001;2.3822487775814;08;01;2;3;2;11;0;0;0
5;52;4213957;M002;2.3822487775814;08;01;2;1;2;09;0;0;0
5;52;307763;M001;1.5540061583886;08;01;2;1;1;17;0;0;0
5;52;2804845;M001;4.1459101156714;01;01;1;3;1;08;0;0;0
5;52;6485841;M001;3.6154930169707;01;01;1;1;2;17;0;0;0
5;52;2339524;M001;4.0207036116219;01;01;1;4;2;17;0;0;0
5;52;6087440;M001;3.1969596127091;01;01;1;3;1;13;0;0;0
5;52;4350964;M001;5.9331552960537;01;01;1;1;1;17;0;0;0
5;52;3635336;M001;5.0187525826572;01;01;1;1;1;15;0;0;0
5;52;6598778;M001;5.8733030316596;01;01;1;3;2;13;0;0;0
5;52;6096719;M001;4.1875980465557;01;01;1;4;2;15;0;0;0
5;52;1441228;M001;4.2718681488705;01;01;1;2;2;16;0;0;0
5;52;6550668;M001;4.0207036116219;01;01;1;3;2;17;0;0;0
5;52;7272837;M001;4.2718681488705;01;01;1;3;1;13;0;0;0
5;52;4947132;M001;5.2477308103954;01;01;1;4;1;17;0;0;0
5;52;659107;M001;6.0667070539507;01;01;1;1;2;17;0;0;0
5;52;6863629;M001;5.4635386862062;01;01;1;3;1;10;0;0;0
5;52;7715787;M001;5.7145597251723;02;01;1;4;2;14;0;0;0
5;52;5353271;M001;3.0701191359933;02;01;1;3;2;14;0;0;0
5;52;4006528;M001;5.8103859537049;08;01;2;2;1;17;0;0;0
5;52;6824746;M001;4.7238273018613;05;01;2;3;2;09;0;0;0
5;52;2934463;M001;4.8676833871647;08;01;2;4;2;16;0;0;0
5;52;108503;M001;2.7900228078841;08;01;2;4;1;16;0;0;0
5;52;108503;M002;2.7900228078841;08;01;2;4;2;09;0;0;0
5;52;6220216;M001;5.3348165687332;08;01;2;4;2;12;0;0;0
5;52;5280921;M001;4.3793472740715;08;01;2;3;1;10;0;0;0
5;52;407794;M001;7.7339316255784;08;01;2;3;2;17;0;0;0
5;52;3094575;M001;4.3327618787338;08;01;2;3;2;11;0;0;0
5;52;6539982;M001;5.5385837429132;02;01;1;3;2;14;0;0;0
5;52;274469;M001;4.4706439851624;01;01;1;4;1;16;0;0;0
5;52;7336544;M001;6.0522173501476;01;01;1;3;1;17;0;0;0
5;52;3499716;M001;3.9933325457888;01;01;1;4;2;13;0;0;0
5;52;496981;M001;5.7812134113353;01;01;1;2;1;14;0;0;0
5;52;7102799;M001;4.2016631286759;01;01;1;1;1;13;0;0;0
5;52;1817559;M001;6.3330195047717;08;01;2;4;2;17;0;0;0
5;52;3739064;M001;4.644582343333;02;01;1;4;2;17;0;0;0
5;52;2960423;M001;5.42596571138;02;01;1;1;1;14;0;0;0
5;52;6116193;M001;4.1475440883377;01;01;1;3;2;10;0;0;0
5;52;3958030;M001;8.0895033674538;01;01;1;3;1;14;0;0;0
5;52;6495922;M001;5.42596571138;01;01;1;1;1;14;0;0;0
5;52;478267;M001;5.7937355721789;01;01;1;2;2;16;0;0;0
5;52;478267;M002;5.7937355721789;01;01;1;2;1;17;0;0;0
5;52;3192422;M001;4.4769818297439;01;01;1;2;1;13;0;0;0
5;52;5352410;M001;2.3756671849217;01;01;1;3;2;10;0;0;0
5;52;5385442;M001;4.6492770320949;01;01;1;4;1;12;0;0;0
5;52;5665783;M001;7.6681622435699;01;01;1;3;1;17;0;0;0
5;52;6897941;M001;3.0855051394982;01;01;1;1;1;10;0;0;0
5;52;4907831;M001;4.5415021088743;01;01;1;2;2;17;0;0;0
5;52;5397634;M001;5.3426333344967;01;01;1;2;2;17;0;0;0
5;52;4277838;M001;5.3426333344967;01;01;1;3;2;17;0;0;0
5;52;2279801;M001;4.988822043033;01;01;1;1;1;15;0;0;0
5;52;6695195;M001;4.9386148881093;01;01;1;2;2;15;0;0;0
5;52;2974682;M001;3.7460898013099;01;01;1;4;1;15;0;0;0
5;52;3046538;M001;5.2130940862725;01;01;1;2;1;16;0;0;0
5;52;5194885;M001;3.1997227078348;01;01;1;1;1;15;0;0;0
5;52;4500472;M001;4.6300542830815;01;01;1;3;1;17;0;0;0
5;52;1659976;M001;6.1879082679958;01;01;1;3;2;01;0;0;0
5;52;5710972;M001;5.5561485457655;01;01;1;2;2;16;0;0;0
5;52;3406166;M001;4.7963925098726;01;01;1;1;2;17;0;0;0
5;52;4906111;M001;4.0649023664837;01;01;1;1;1;15;0;0;0
5;52;2682784;M001;4.9319714864132;01;01;1;3;1;14;0;0;0
5;52;5694212;M001;5.1653526173518;01;01;1;3;1;09;0;0;0
5;52;5566061;M001;5.2098965067891;01;01;1;3;1;08;0;0;0
5;52;4906961;M001;3.5350902930762;08;01;2;1;1;17;0;0;0
5;52;1543868;M001;3.8191355015561;08;01;2;4;2;10;0;0;0
5;52;3207741;M001;3.9234575147101;03;01;1;3;1;07;0;0;0
5;52;4696364;M001;3.6649184812621;03;01;1;3;2;16;0;0;0
5;52;4850873;M001;3.8187013760262;01;01;1;4;2;13;0;0;0
5;52;2317380;M001;4.9249177812047;01;01;1;3;1;09;0;0;0
5;52;2317380;M002;4.9249177812047;01;01;1;4;1;14;0;0;0
5;52;1385597;M001;5.8640287899416;01;01;1;4;1;13;0;0;0
5;52;4193523;M001;4.3341193627936;01;01;1;3;1;17;0;0;0
5;52;404882;M001;4.7675823416238;01;01;1;1;1;08;0;0;0
5;52;1889480;M001;4.8318780649441;01;01;1;3;1;08;0;0;0
5;52;416647;M001;4.8178333173643;01;01;1;4;1;17;0;0;0
5;52;131246;M001;4.5895204858541;01;01;1;1;1;08;0;0;0
5;52;3780616;M001;3.1468156070209;01;01;1;1;2;13;0;0;0
5;52;4539855;M001;3.879278250439;01;01;1;1;2;13;0;0;0
5;52;293555;M001;5.479325907349;08;01;2;3;2;15;0;0;0
5;52;293555;M002;5.479325907349;08;01;2;3;2;17;0;0;0
5;52;7023818;M001;5.559963583921;03;01;1;1;2;08;0;0;0
5;52;4141944;M001;4.5781601949496;03;01;1;4;1;16;0;0;0
5;52;3740239;M001;7.9692365044519;01;01;1;3;2;17;0;0;0
5;52;5979882;M001;3.7638726735992;01;01;1;2;1;15;0;0;0
5;52;5282735;M001;10.5197720728052;01;01;1;3;1;02;0;0;0
5;52;3403115;M001;17.1809974387364;01;01;1;3;1;17;0;0;0
5;52;3162312;M001;8.2590566865749;01;01;1;2;2;14;0;0;0
5;52;4445462;M001;7.4402698164562;01;01;1;3;1;16;0;0;0
5;52;847142;M002;14.4673337110272;01;01;1;2;2;14;0;0;0
5;52;4976235;M001;10.9810590567964;01;01;1;3;2;13;0;0;0
5;52;5245716;M001;9.0119879943218;01;01;1;1;1;16;0;0;0
5;52;918313;M001;7.8749681273485;01;01;1;1;1;01;0;0;0
5;52;5986215;M001;13.1105070803402;01;01;1;3;1;13;0;0;0
5;52;3402400;M001;5.9882615250117;01;01;1;2;2;14;0;0;0
5;52;5748332;M001;12.1260945340928;01;01;1;3;1;14;0;0;0
5;52;7044371;M001;11.0107622224462;01;01;1;1;2;10;0;0;0
5;52;804630;M001;10.234559225184;01;01;1;1;2;17;0;0;0
5;52;2258510;M001;14.2815061323829;01;01;1;2;1;15;0;0;0
5;52;5657980;M001;10.8804817345329;01;01;1;4;1;15;0;0;0
5;52;5001205;M001;13.5527516393362;01;01;1;1;1;14;0;0;0
5;52;103661;M001;10.5045364890391;01;01;1;1;2;16;0;0;0
5;52;2408814;M001;8.35793734989;01;01;1;3;1;09;0;0;0
5;52;6053389;M001;7.67730121896;01;01;1;4;1;15;0;0;0
5;52;4180374;M001;4.9219447219457;01;01;1;4;2;17;0;0;0
5;52;5709040;M001;6.68960133263;01;01;1;3;1;04;0;0;0
5;52;4740590;M001;9.9180337285544;01;01;1;2;1;16;0;0;0
5;52;4218168;M001;7.6831006030016;01;01;1;4;1;15;0;0;0
5;52;19715;M001;8.4759453040385;01;01;1;4;1;01;0;0;0
5;52;4569540;M001;10.7634099245729;01;01;1;4;2;13;0;0;0
5;52;2020460;M001;9.5390731824513;01;01;1;3;2;13;0;0;0
5;52;6718710;M001;14.7947352159061;01;01;1;2;1;08;0;0;0
5;52;2194326;M001;4.9219447219457;01;01;1;3;2;14;0;0;0
5;52;1025842;M001;8.901450294968;01;01;1;4;2;17;0;0;0
5;52;7377181;M001;10.4292120391282;01;01;1;2;1;17;0;0;0
5;52;3496229;M001;7.0367402000134;01;01;1;3;2;16;0;0;0
5;52;5377355;M001;13.6220346878965;01;01;1;2;1;01;0;0;0
5;52;1496941;M001;8.8672629366281;01;01;1;3;1;12;0;0;0
5;52;5546581;M001;7.67730121896;01;01;1;3;1;15;0;0;0
5;52;1263610;M001;9.594558734307;08;01;2;3;1;04;0;0;0
5;52;2777009;M001;14.7322066472812;08;01;2;4;2;11;0;0;0
5;52;3791852;M001;8.6712102263589;08;01;2;3;1;13;0;0;0
5;52;2603847;M001;5.8591317157095;05;01;2;4;1;13;0;0;0
5;52;5869361;M001;10.4188617994334;05;01;2;1;2;17;0;0;0
5;52;5904545;M001;9.4585051192947;08;01;2;2;1;05;0;0;0
5;52;7758172;M001;9.8599917094557;08;01;2;2;1;10;0;0;0
5;52;3594657;M001;6.493247927433;08;01;2;2;1;10;0;0;0
5;52;3521593;M001;16.4065898290957;08;01;2;3;2;15;0;0;0
5;52;4181598;M001;13.7108145995064;01;01;1;3;2;15;0;0;0
5;52;6281174;M001;17.6672442132767;01;01;1;3;2;10;0;0;0
5;52;5302243;M001;10.8127256539296;01;01;1;3;1;16;0;0;0
5;52;1206210;M001;10.6308121178616;01;01;1;4;2;01;0;0;0
5;52;4821861;M001;6.0875593233354;01;01;1;2;2;13;0;0;0
5;52;4567668;M001;12.067080405076;01;01;1;3;2;08;0;0;0
5;52;5695558;M001;10.0152174916301;05;01;2;2;2;12;0;0;0
5;52;7386873;M001;5.0136681312672;05;01;2;3;1;08;0;0;0
5;52;3023437;M001;9.0074332597937;01;01;1;2;1;04;0;0;0
5;52;5128250;M001;13.6694075256423;01;01;1;3;1;09;0;0;0
5;52;4384734;M001;7.7011254526878;01;01;1;3;1;08;0;0;0
5;52;2873002;M001;8.2536092270469;01;01;1;1;1;07;0;0;0
5;52;4059532;M001;1.5175225980641;01;01;1;3;1;01;0;0;0
5;52;6097831;M001;2.5188166941884;01;01;1;3;1;16;0;0;0
5;52;1849006;M001;1.635032492514;01;01;1;2;1;14;0;0;0
5;52;2890656;M001;2.0237515411685;01;01;1;1;2;09;0;0;0
5;52;1441292;M001;13.9581916194448;01;01;1;3;1;17;0;0;0
5;52;5667458;M001;1.8203017175596;01;01;1;1;1;08;0;0;0
5;52;2416687;M001;2.3259410325454;01;01;1;3;1;05;0;0;0
5;52;2323559;M001;2.9023251116847;01;01;1;2;1;17;0;0;0
5;52;5129785;M001;2.0533548890877;01;01;1;4;1;13;0;0;0
5;52;5662672;M001;9.454437917611;01;01;1;4;2;01;0;0;0
5;52;7343903;M001;8.2236682661871;01;01;1;3;2;14;0;0;0
5;52;5547188;M001;10.9169448438531;01;01;1;3;2;14;0;0;0
5;52;5130550;M001;7.7015287938785;01;01;1;1;2;11;0;0;0
5;52;2304092;M001;8.0313318437283;01;01;1;3;2;04;0;0;0
5;52;5715332;M001;7.3760442347984;01;01;1;2;2;06;0;0;0
5;52;7501407;M001;9.6232733016668;01;01;1;3;1;14;0;0;0
5;52;7501407;M002;9.6232733016668;01;01;1;4;2;17;0;0;0
5;52;4746043;M001;13.5979384391469;01;01;1;1;1;09;0;0;0
5;52;5904826;M001;9.0489548830837;01;01;1;1;2;14;0;0;0
5;52;6085812;M001;9.8729533629198;01;01;1;4;1;17;0;0;0
5;52;3197851;M001;4.0183417978345;01;01;1;1;2;12;0;0;0
5;52;1531755;M001;8.2532510070546;01;01;1;4;1;17;0;0;0
5;52;5598881;M001;10.9984315916619;01;01;1;4;2;01;0;0;0
5;52;4324800;M001;10.097102361707;01;01;1;4;1;13;0;0;0
5;52;4324800;M002;10.097102361707;01;01;1;1;1;05;0;0;0
5;52;5551946;M001;12.2808626956723;02;01;1;3;1;10;0;0;0
5;52;261291;M001;7.934998513567;02;01;1;4;2;09;0;0;0
5;52;1859738;M001;8.9353195072393;01;01;1;2;2;07;0;0;0
5;52;2349259;M001;11.6271258032389;01;01;1;2;2;04;0;0;0
5;52;635565;M001;7.0604714053636;01;01;1;2;1;05;0;0;0
5;52;1347092;M001;10.586276772866;01;01;1;1;1;12;0;0;0
5;52;6335871;M001;2.4542410325416;01;01;1;3;2;11;0;0;0
5;52;1885549;M001;2.8177234807238;01;01;1;4;1;14;0;0;0
5;52;1187575;M001;2.2644195930485;01;01;1;4;1;15;0;0;0
5;52;7773980;M001;4.601941486849;01;01;1;3;1;11;0;0;0
5;52;5986;M001;2.5529807449372;01;01;1;3;1;17;0;0;0
5;52;268976;M001;2.5275748176176;01;01;1;3;2;17;0;0;0
5;52;607459;M001;3.87390021133;01;01;1;1;1;15;0;0;0
5;52;3438954;M001;2.5545682561546;01;01;1;1;1;12;0;0;0
5;52;3407148;M001;4.2708529565263;01;01;1;1;2;16;0;0;0
5;52;2206847;M001;1.9315893243805;01;01;1;3;2;14;0;0;0
5;52;1928698;M001;3.3342428835582;01;01;1;1;1;15;0;0;0
5;52;7160968;M001;2.9847415237412;01;01;1;3;2;17;0;0;0
5;52;4673330;M001;4.1203532174064;01;01;1;2;2;17;0;0;0
5;52;7605238;M001;3.1368564072462;01;01;1;3;2;14;0;0;0
5;52;2827740;M001;1.6717288814264;01;01;1;4;1;16;0;0;0
5;52;6186372;M001;3.2321745616775;01;01;1;3;2;11;0;0;0
5;52;124839;M001;1.6717288814264;01;01;1;3;2;17;0;0;0
5;52;6651806;M001;2.143884108546;01;01;1;3;2;12;0;0;0
5;52;7200331;M001;3.8357034967023;01;01;1;4;1;04;0;0;0
5;52;7333728;M001;2.6945298476867;08;01;2;3;2;11;0;0;0
5;52;880881;M001;3.1737884486123;08;01;2;1;2;17;0;0;0
5;52;7019102;M001;3.8736317701823;01;01;1;1;2;16;0;0;0
5;52;5741416;M001;2.4970661176249;01;01;1;4;1;13;0;0;0
5;52;150367;M001;4.0318437213064;01;01;1;1;1;16;0;0;0
5;52;3983933;M001;5.7220788196506;01;01;1;4;1;11;0;0;0
5;52;7279222;M001;4.8386231369004;01;01;1;1;1;13;0;0;0
5;52;3282582;M001;5.6162409501176;01;01;1;2;1;16;0;0;0
5;52;2930415;M001;5.3370086000823;01;01;1;4;1;13;0;0;0
5;52;4678699;M001;4.592271457443;01;01;1;4;1;11;0;0;0
5;52;1169075;M001;5.6933481438446;01;01;1;4;1;12;0;0;0
5;52;5725083;M001;5.0852696012029;01;01;1;4;1;16;0;0;0
5;52;7026332;M001;4.8061851404662;01;01;1;3;1;13;0;0;0
5;52;3220476;M001;5.0612333382641;01;01;1;4;1;13;0;0;0
5;52;3220476;M002;5.0612333382641;01;01;1;3;2;12;0;0;0
5;52;961494;M001;5.9174556833741;01;01;1;3;2;15;0;0;0
5;52;6639051;M001;4.204928073461;01;01;1;4;1;05;0;0;0
5;52;1627890;M001;6.5796860429247;01;01;1;1;1;11;0;0;0
5;52;575058;M001;5.5179248635012;01;01;1;1;1;15;0;0;0
5;52;3580935;M001;4.4596479218178;01;01;1;3;2;06;0;0;0
5;52;3916222;M001;5.4342644071949;01;01;1;2;1;14;0;0;0
5;52;6537591;M001;5.6451235674082;01;01;1;4;2;13;0;0;0
5;52;3969127;M001;4.9512198070494;01;01;1;2;1;14;0;0;0
5;52;6885983;M001;5.6153037928357;01;01;1;2;1;08;0;0;0
5;52;5490243;M001;3.7826283490133;01;01;1;2;1;11;0;0;0
5;52;1763923;M001;5.1955047522812;01;01;1;3;1;12;0;0;0
5;52;6346182;M001;7.4233750664666;01;01;1;1;1;16;0;0;0
5;52;7278901;M001;4.6073412450497;01;01;1;1;1;15;0;0;0
5;52;5131232;M001;4.4243236711816;01;01;1;4;1;15;0;0;0
5;52;1054601;M001;3.5405660434058;01;01;1;2;2;16;0;0;0
5;52;1628464;M001;5.1637964197213;01;01;1;3;1;05;0;0;0
5;52;5605815;M001;6.3438057151871;01;01;1;2;1;17;0;0;0
5;52;5969325;M001;5.2736078594293;01;01;1;3;1;17;0;0;0
5;52;4646975;M001;9.3945340441866;08;01;2;2;1;16;0;0;0
5;52;4666667;M001;4.8290578202785;08;01;2;4;2;17;0;0;0
5;52;6019491;M001;6.6707255287017;08;01;2;2;2;08;0;0;0
5;52;3470850;M001;3.0513720216824;08;01;2;1;1;13;0;0;0
5;52;5644355;M001;4.4217478431212;08;01;2;1;1;17;0;0;0
5;52;1140230;M001;5.8417682416164;08;01;2;3;2;12;0;0;0
5;52;4404754;M001;1.0268585131895;08;01;2;2;1;15;0;0;0
5;52;7491694;M001;5.1396057661783;01;01;1;1;1;14;0;0;0
5;52;2959393;M001;5.6153037928357;01;01;1;3;2;12;0;0;0
5;52;5847300;M001;6.2337719016364;01;01;1;3;2;12;0;0;0
5;52;6426522;M001;7.1051917489185;01;01;1;4;1;10;0;0;0
5;52;6583728;M001;6.873082412827;01;01;1;2;2;13;0;0;0
5;52;2931694;M001;4.1034260159135;01;01;1;4;1;16;0;0;0
5;52;4653095;M001;7.3036196389559;01;01;1;3;1;10;0;0;0
5;52;3363855;M001;4.5855162697212;01;01;1;1;1;15;0;0;0
5;52;2656625;M001;6.462095320686;01;01;1;2;2;15;0;0;0
5;52;511499;M001;5.4390999463013;01;01;1;1;2;09;0;0;0
5;52;1535302;M001;10.2098027190539;01;01;1;3;1;07;0;0;0
5;52;6759565;M001;6.6078665713931;01;01;1;3;1;15;0;0;0
5;52;409123;M001;7.1600836915647;08;01;2;1;1;17;0;0;0
5;52;6621937;M001;6.4552305904034;01;01;1;2;2;17;0;0;0
5;52;5927535;M001;6.7900952981093;01;01;1;2;2;17;0;0;0
5;52;3622816;M001;4.7340182007353;01;01;1;4;1;04;0;0;0
5;52;31748;M001;7.0398876761971;01;01;1;4;1;05;0;0;0
5;52;1557731;M001;2.6789746627313;08;01;2;1;2;17;0;0;0
5;52;1538499;M001;5.938537172363;01;01;1;3;1;17;0;0;0
5;52;4650304;M001;6.1098642606354;01;01;1;3;2;14;0;0;0
5;52;6795798;M001;6.7990639107994;01;01;1;2;1;05;0;0;0
5;52;2607811;M001;5.6451235674082;01;01;1;1;2;16;0;0;0
5;52;2618020;M001;5.4902768578338;01;01;1;4;1;11;0;0;0
5;52;5284709;M001;3.7591484298926;01;01;1;3;2;12;0;0;0
5;52;5311503;M001;4.104248853939;01;01;1;3;1;11;0;0;0
5;52;4855997;M001;5.1796415638063;08;01;2;1;1;17;0;0;0
5;52;5446119;M001;6.4574083181036;08;01;2;4;1;12;0;0;0
5;52;5002578;M001;5.2033342970817;08;01;2;3;2;16;0;0;0
5;52;4566144;M001;2.6865823116265;01;01;1;2;2;16;0;0;0
5;52;3975026;M001;3.3091693225633;01;01;1;4;1;12;0;0;0
5;52;7601734;M001;2.9253831453107;01;01;1;4;1;12;0;0;0
5;52;1249099;M001;3.0892237317262;01;01;1;1;1;17;0;0;0
5;52;6392522;M001;2.7371068788308;01;01;1;2;2;17;0;0;0
5;52;1669104;M001;2.9909376756445;01;01;1;2;2;15;0;0;0
5;52;7564879;M001;2.7460589551802;01;01;1;4;1;15;0;0;0
5;52;4802154;M001;3.1585923860295;01;01;1;4;1;01;0;0;0
5;52;999822;M001;2.8594017802231;01;01;1;2;1;09;0;0;0
5;52;7592930;M001;4.049869502701;01;01;1;3;1;13;0;0;0
5;52;6224627;M001;3.216225966645;01;01;1;2;2;17;0;0;0
5;52;5457119;M001;2.9787060465543;01;01;1;2;1;12;0;0;0
5;52;1013838;M001;2.5973872264228;01;01;1;2;1;14;0;0;0
5;52;2537753;M001;2.9674228469966;01;01;1;2;1;17;0;0;0
5;52;1790189;M001;3.1400359517931;01;01;1;3;1;11;0;0;0
5;52;4299077;M001;2.6865823116265;01;01;1;2;2;13;0;0;0
5;52;1279353;M001;3.9655822146149;01;01;1;4;2;10;0;0;0
5;52;5808545;M001;3.0195882802169;01;01;1;3;1;11;0;0;0
5;52;2777082;M001;3.1145558129619;01;01;1;1;1;15;0;0;0
5;52;2777082;M002;3.1145558129619;01;01;1;2;1;17;0;0;0
5;52;3796826;M001;3.1484522730609;05;01;2;2;2;06;0;0;0
5;52;118070;M001;2.6890848787133;08;01;2;3;1;13;0;0;1
5;52;5662355;M001;3.0892237317262;01;01;1;3;1;16;0;0;0
5;52;4428308;M001;2.6707289316714;01;01;1;3;1;04;0;0;0
5;52;1678809;M001;2.9941349966617;02;01;1;4;2;08;0;0;0
5;52;5655771;M001;3.8227588029327;08;01;2;3;1;06;0;0;0
5;52;3412769;M001;2.3379816219893;01;01;1;3;2;15;0;0;0
5;52;5853131;M001;3.3364447938302;01;01;1;2;1;16;0;0;0
5;52;2684255;M001;3.3016063985077;01;01;1;2;2;13;0;0;0
5;52;4119569;M001;2.279210273286;01;01;1;4;1;15;0;0;0
5;52;5395919;M001;2.9745304351605;01;01;1;4;2;04;0;0;0
5;52;1664638;M001;3.0645182567434;01;01;1;3;2;09;0;0;0
5;52;6835910;M001;1.4665620681382;01;01;1;2;2;09;0;0;0
5;52;2139942;M001;3.2148314538432;01;01;1;1;1;16;0;0;1
5;52;4174959;M001;2.8526211984534;01;01;1;3;1;17;0;0;0
5;52;4174959;M002;2.8526211984534;01;01;1;3;1;10;0;0;0
5;52;6332211;M001;2.7211493160851;01;01;1;4;1;09;0;0;0
5;52;1866364;M001;2.4318338381455;01;01;1;1;2;14;0;0;0
5;52;4741983;M001;3.4260631072615;01;01;1;2;2;13;0;0;0
5;52;6704974;M001;2.3079670887453;01;01;1;1;2;09;0;0;0
5;52;2398937;M001;1.6652268730057;01;01;1;2;1;12;0;0;0
5;52;7546079;M001;2.6084842644037;01;01;1;1;1;16;0;0;0
5;52;4817515;M001;3.5364074978202;01;01;1;4;1;16;0;0;0
5;52;3674779;M001;3.5076351612391;01;01;1;3;2;16;0;0;0
5;52;2370127;M001;4.6025763035103;01;01;1;1;1;15;0;0;0
5;52;398956;M001;2.6754066510902;08;01;2;2;1;17;0;0;0
5;52;6954646;M001;4.4044563670909;08;01;2;2;1;17;0;0;0
5;52;1905888;M001;3.5688663550796;08;01;2;4;1;17;0;0;0
5;52;6317662;M001;2.8410708603119;08;01;2;1;2;13;0;0;0
5;52;7802709;M001;3.0170140806608;05;01;2;2;2;17;0;0;0
5;52;6680761;M001;3.2815328978626;05;01;2;2;1;11;0;0;0
5;52;5470499;M001;2.7567070036706;05;01;2;1;1;09;0;0;0
5;52;6095871;M001;3.3612639074055;05;01;2;3;2;15;0;0;0
5;52;4894111;M001;2.6893246379529;08;01;2;3;1;17;0;0;0
5;52;486341;M001;3.4380055251947;08;01;2;1;1;17;0;0;0
5;52;3378743;M001;3.7488067943935;08;01;2;4;1;16;0;0;0
5;52;2406343;M001;3.8581443105388;01;01;1;3;1;17;0;0;0
5;52;3173817;M001;3.2944769668742;01;01;1;1;1;12;0;0;0
5;52;3167016;M001;1.0000000000003;01;01;1;3;2;11;0;0;0
5;52;678078;M001;4.1607331783993;01;01;1;1;1;14;0;0;0
5;52;6622748;M001;2.8361894740287;01;01;1;1;1;15;0;0;0
5;52;7458382;M001;2.0805438314217;01;01;1;4;2;16;0;0;0
5;52;6130028;M001;3.3928856024497;01;01;1;2;1;07;0;0;0
5;52;5209753;M001;3.228379440219;01;01;1;2;2;07;0;0;0
5;52;5781001;M001;3.1408964830636;01;01;1;2;1;16;0;0;0
5;52;6881432;M001;1.5558296967802;01;01;1;1;1;10;0;0;0
5;52;817167;M001;2.5626594663383;01;01;1;3;1;17;0;0;0
5;52;5885216;M001;3.38415095585;01;01;1;2;1;17;0;0;0
5;52;2784621;M001;2.0306366837954;01;01;1;3;2;07;0;0;0
5;52;1462935;M001;2.0684807537116;01;01;1;4;2;17;0;0;0
5;52;2203112;M001;3.1587076035486;01;01;1;3;2;07;0;0;0
5;52;5564384;M001;4.0279968001808;01;01;1;3;1;17;0;0;0
5;52;67806;M001;3.2409554302114;01;01;1;4;2;15;0;0;0
5;52;6533262;M001;1.9701013267044;08;01;2;4;1;17;0;0;0
5;52;7194972;M001;1.6853225813132;08;01;2;1;1;01;0;0;0
5;52;4993582;M001;3.1540637207613;01;01;1;4;2;15;0;0;0
5;52;4350403;M001;3.0670303741878;01;01;1;3;2;14;0;0;0
5;52;4585461;M001;2.6125950246374;01;01;1;2;1;13;0;0;0
5;52;3632125;M001;2.7244094945429;01;01;1;3;1;15;0;0;0
5;52;7301237;M001;2.5626594663383;01;01;1;2;1;17;0;0;0
5;52;909729;M001;3.1799159653999;01;01;1;3;2;12;0;0;0
5;52;6232192;M001;2.8849846486113;01;01;1;2;1;04;0;0;0
5;52;5171558;M001;4.0720963637656;08;01;2;4;2;17;0;0;0
5;52;6058901;M001;2.1886734952905;01;01;1;3;1;17;0;0;0
5;52;419645;M001;2.1129554378943;01;01;1;2;2;16;0;0;0
5;52;3210718;M001;1.4449646277463;01;01;1;3;2;15;0;0;0
5;52;4835648;M001;1.8914349063773;01;01;1;1;1;17;0;0;0
5;52;5897172;M001;1.8219462679292;01;01;1;1;2;17;0;0;0
5;52;1221553;M001;2.4571568950274;01;01;1;4;1;05;0;0;0
5;52;6224792;M001;1.1999367183831;01;01;1;2;2;16;0;0;0
5;52;6959754;M001;2.5953960751447;08;01;2;1;1;14;0;0;0
5;52;2438914;M001;2.2429374172489;08;01;2;4;1;17;0;0;0
5;52;5213217;M001;2.4264724577885;01;01;1;3;1;16;0;0;0
5;52;6730396;M001;2.6279632217388;01;01;1;1;1;10;0;0;0
5;52;6730396;M002;2.6279632217388;01;01;1;1;2;16;0;0;0
5;52;3424991;M001;1.0000000000002;01;01;1;4;1;01;0;0;0
5;52;5261494;M001;2.1210461912467;01;01;1;3;2;14;0;0;0
5;52;3185219;M001;1.7428851130625;01;01;1;1;1;11;0;0;0
5;52;1646569;M001;1.7399922410711;01;01;1;3;2;15;0;0;0
5;52;3564739;M001;1.9669246711;01;01;1;4;2;17;0;0;0
5;52;4347612;M001;1.3734863591496;01;01;1;3;2;05;0;0;0
5;52;773750;M001;2.1580296414758;01;01;1;1;2;13;0;0;0
5;52;1219942;M001;2.868188621848;01;01;1;2;1;17;0;0;0
5;52;7701428;M001;1.9890603165967;01;01;1;3;2;17;0;0;0
5;52;781270;M001;1.338126764186;01;01;1;1;2;09;0;0;0
5;52;167384;M001;2.8160531625253;01;01;1;3;1;10;0;0;0
5;52;2658912;M001;1.8179605948403;01;01;1;3;2;09;0;0;0
5;52;5669311;M001;1.5763589182131;01;01;1;2;1;14;0;0;0
5;52;1287653;M001;1.690470807828;01;01;1;4;1;13;0;0;0
5;52;1033615;M001;1.3734863591496;01;01;1;3;2;11;0;0;0
5;52;3785425;M001;1.6153362059407;01;01;1;3;2;16;0;0;0
5;52;7550564;M001;1.6653289314311;01;01;1;2;1;16;0;0;0
5;52;4060938;M001;1.7246477228044;01;01;1;2;1;09;0;0;0
5;52;4174856;M001;1.4598043765496;01;01;1;2;1;14;0;0;0
5;52;3742929;M001;1.7246477228044;01;01;1;3;2;11;0;0;0
5;52;5866827;M001;1.619043978197;08;01;2;1;1;17;0;0;0
5;52;5109261;M001;2.2383367249518;02;01;1;4;2;13;0;0;0
5;52;5299067;M001;2.410832389268;02;01;1;4;1;16;0;0;0
5;52;4537791;M001;3.7816812571371;01;01;1;1;1;14;0;0;0
5;52;6951142;M001;2.3549488085677;01;01;1;4;1;16;0;0;0
5;52;4401863;M001;2.928629619832;01;01;1;3;1;14;0;0;0
5;52;4591133;M001;2.7994285029596;01;01;1;1;2;17;0;0;0
5;52;904832;M001;2.8975526808044;01;01;1;3;1;17;0;0;0
5;52;6112936;M001;3.5777707986402;01;01;1;4;2;99;0;0;1
5;52;2848201;M001;3.5777707986402;01;01;1;3;1;99;0;0;1
5;52;6382233;M001;2.593511685414;01;01;1;4;2;01;0;0;0
5;52;5938681;M001;2.8865499397994;01;01;1;3;2;99;0;0;1
5;52;1656322;M001;2.3182093527574;01;01;1;2;1;17;0;0;0
5;52;6645517;M001;2.9825548905321;01;01;1;3;1;11;0;0;0
5;52;5175091;M001;3.2707978286389;01;01;1;1;1;11;0;0;0
5;52;674168;M001;3.8248765840556;01;01;1;3;2;12;0;0;0
5;52;5304739;M001;2.5590244047134;01;01;1;4;1;17;0;0;0
5;52;628886;M001;4.0920568112083;01;01;1;2;2;16;0;0;0
5;52;7561592;M001;3.7723925696498;01;01;1;4;2;01;0;0;0
5;52;2484469;M001;2.8138922758106;01;01;1;3;1;16;0;0;0
5;52;891677;M001;3.0975734564289;01;01;1;1;1;16;0;0;0
5;52;7714857;M001;2.891798283105;01;01;1;1;2;15;0;0;0
5;52;3822918;M001;3.1324992325073;01;01;1;1;1;17;0;0;0
5;52;3094468;M001;4.2054426274381;01;01;1;3;1;13;0;0;0
5;52;1769667;M001;2.6301243875616;01;01;1;1;2;16;0;0;0
5;52;718666;M001;2.8610467744119;01;01;1;1;1;15;0;0;0
5;52;1174090;M001;1.9350896370691;01;01;1;3;2;01;0;0;0
5;52;1315110;M001;2.4849277670654;01;01;1;3;2;01;0;0;0
5;52;173070;M001;2.9825920396296;01;01;1;1;1;17;0;0;0
5;52;5541986;M001;3.3076083037831;08;01;2;4;1;16;0;0;0
5;52;1399682;M001;3.2218651018537;08;01;2;2;1;07;0;0;0
5;52;1357759;M001;3.2607248895033;08;01;2;2;1;11;0;0;0
5;52;2444531;M001;2.9725015454089;08;01;2;4;1;16;0;0;0
5;52;3868005;M001;2.9575440511457;08;01;2;3;1;16;0;0;0
5;52;7229202;M001;3.1953851988815;01;01;1;3;1;04;0;0;0
5;52;6130746;M001;2.1058725751778;01;01;1;2;2;17;0;0;0
5;52;6727219;M001;3.2731376200909;01;01;1;2;2;17;0;0;0
5;52;2030962;M001;2.7461254122501;08;01;2;1;2;17;0;0;0
5;52;3922377;M001;2.8705437353252;08;01;2;3;2;17;0;0;0
5;52;5829941;M001;3.1258701156033;01;01;1;3;1;04;0;0;0
5;52;902480;M001;3.4697369616489;01;01;1;1;2;15;0;0;0
5;52;2595710;M001;4.3808506521281;01;01;1;3;1;05;0;0;0
5;52;2434665;M001;2.2167075410559;01;01;1;2;2;14;0;0;0
5;52;59864;M001;2.8628856834778;01;01;1;2;1;14;0;0;0
5;52;5700542;M001;2.8753015938111;01;01;1;3;2;14;0;0;0
5;52;3709434;M001;3.3149379756807;01;01;1;3;2;14;0;0;0
5;52;1767595;M001;3.110823327655;01;01;1;2;2;12;0;0;0
5;52;1727851;M001;2.2932435177377;01;01;1;2;1;17;0;0;0
5;52;5928081;M001;2.8316333798691;01;01;1;4;1;17;0;0;0
5;52;5826672;M001;2.2473577399053;01;01;1;3;1;10;0;0;0
5;52;1463002;M001;2.6975714696408;01;01;1;2;1;08;0;0;0
5;52;1463002;M002;2.6975714696408;01;01;1;2;2;07;0;0;0
5;52;290462;M001;3.1055869434107;01;01;1;4;1;16;0;0;0
5;52;6297363;M001;2.6944234632737;01;01;1;3;1;10;0;0;0
5;52;1735112;M001;2.6091656243026;01;01;1;4;2;15;0;0;0
5;52;17457;M001;3.7544401099757;01;01;1;3;1;15;0;0;0
5;52;1997102;M001;3.6993553241903;01;01;1;3;2;14;0;0;0
5;52;4596561;M001;4.3768142139967;01;01;1;2;2;15;0;0;0
5;52;4575438;M001;2.0057385245561;01;01;1;1;2;17;0;0;0
5;52;3620200;M001;2.6746786949491;01;01;1;3;1;09;0;0;0
5;52;500217;M001;3.110823327655;01;01;1;2;2;17;0;0;0
5;52;1120355;M001;3.1283605539063;01;01;1;2;1;14;0;0;0
5;52;2202879;M001;2.1472414495243;01;01;1;2;2;17;0;0;0
5;52;1977336;M001;2.8628856834778;01;01;1;1;2;17;0;0;0
5;52;1568569;M001;3.6493476672643;01;01;1;3;1;17;0;0;0
5;52;1837535;M001;4.3768142139967;01;01;1;1;2;17;0;0;0
5;52;2681406;M001;2.6122648654827;01;01;1;3;1;11;0;0;0
5;52;3476414;M001;4.8668685510116;08;01;2;4;1;15;0;0;0
5;52;2785563;M001;3.3243028123365;08;01;2;3;2;17;0;0;0
5;52;4795086;M001;2.187857352633;01;01;1;2;2;17;0;0;0
5;52;5105560;M001;1.5852887847909;01;01;1;2;1;11;0;0;0
5;52;3765042;M001;3.8177310167658;01;01;1;3;2;14;0;0;0
5;52;6295001;M001;2.8578835565354;01;01;1;4;2;16;0;0;0
5;52;6731366;M001;3.7618888076512;08;01;2;1;2;12;0;0;0
5;52;6417245;M001;5.4765797908176;01;01;1;1;1;12;0;0;0
5;52;7406760;M001;5.479386677922;01;01;1;2;2;08;0;0;0
5;52;6253041;M001;5.3139152237284;01;01;1;2;2;09;0;0;0
5;52;1345579;M001;4.0996783295549;01;01;1;4;2;17;0;0;0
5;52;3449231;M001;4.1144891888792;01;01;1;3;2;16;0;0;0
5;52;6428489;M001;5.479386677922;01;01;1;4;2;17;0;0;0
5;52;802668;M001;5.5326725712503;01;01;1;3;2;09;0;0;0
5;52;1702124;M001;4.2001988509523;01;01;1;3;1;10;0;0;0
5;52;3543865;M001;3.1573411207303;01;01;1;1;2;15;0;0;0
5;52;55504;M001;4.0996783295549;01;01;1;2;1;14;0;0;0
5;52;5392296;M001;5.4232938974893;01;01;1;1;1;15;0;0;0
5;52;2873706;M001;5.479386677922;01;01;1;3;1;14;0;0;0
5;52;3028718;M001;5.5354794583547;01;01;1;1;2;17;0;0;0
5;52;1369005;M001;5.7542368058765;01;01;1;2;1;15;0;0;0
5;52;5845493;M001;5.3672011170567;01;01;1;3;1;16;0;0;0
5;52;7568949;M001;5.4232938974893;01;01;1;1;1;15;0;0;0
5;52;6954934;M001;5.7542368058765;01;01;1;4;1;11;0;0;0
5;52;3160243;M001;5.9169013729657;01;01;1;3;1;08;0;0;0
5;52;4920959;M001;5.4232938974893;01;01;1;2;1;12;0;0;0
5;52;7061110;M001;5.3711271800884;08;01;2;4;1;16;0;0;0
5;52;4609503;M001;8.8154697954835;08;01;2;1;2;17;0;0;0
5;52;6376964;M001;4.9822431662621;08;01;2;2;1;10;0;0;0
5;52;4580795;M001;5.9852120034289;08;01;2;3;2;12;0;0;0
5;52;3389937;M001;5.3492567514341;08;01;2;4;2;08;0;0;0
5;52;7416287;M001;4.1832898231455;08;01;2;4;1;15;0;0;0
5;52;1013664;M001;7.2457701016082;08;01;2;2;1;05;0;0;0
5;52;7364063;M001;5.6420512450112;01;01;1;2;1;13;0;0;0
5;52;4476860;M001;6.12957626572;01;01;1;2;2;17;0;0;0
5;52;4712494;M001;4.2660250721766;01;01;1;4;1;17;0;0;0
5;52;3667937;M001;6.380054192832;01;01;1;4;2;08;0;0;0
5;52;4667536;M001;4.0996783295549;01;01;1;4;1;07;0;0;0
5;52;5052430;M001;5.5859584645785;01;01;1;1;2;17;0;0;0
5;52;4176789;M001;3.1968078068966;01;01;1;2;1;17;0;0;0
5;52;7746250;M001;3.2059860182734;01;01;1;1;2;15;0;0;0
5;52;4498423;M001;2.7930049974998;01;01;1;4;1;11;0;0;0
5;52;4543879;M001;2.467096933127;01;01;1;4;1;17;0;0;0
5;52;7449215;M001;3.385223835745;01;01;1;2;1;14;0;0;0
5;52;3069101;M001;3.3460216287129;01;01;1;1;2;15;0;0;0
5;52;3611198;M001;3.0790047454189;01;01;1;3;1;13;0;0;0
5;52;1328604;M001;2.7494024439416;01;01;1;4;1;11;0;0;0
5;52;1570535;M001;3.6400564395389;01;01;1;2;2;10;0;0;0
5;52;3341728;M001;3.2171851701151;01;01;1;3;1;10;0;0;0
5;52;2399671;M001;4.5881643075781;01;01;1;2;1;17;0;0;0
5;52;2399671;M002;4.5881643075781;01;01;1;3;2;17;0;0;0
5;52;5559131;M001;2.53208514335;01;01;1;4;1;13;0;0;0
5;52;3495640;M001;3.4379010715614;01;01;1;3;1;15;0;0;0
5;52;2316171;M001;2.8472819687577;01;01;1;4;1;14;0;0;0
5;52;1057176;M001;2.8961734016493;01;01;1;3;1;17;0;0;0
5;52;4795520;M001;2.8786113706241;01;01;1;4;2;17;0;0;0
5;52;2436827;M001;3.6296899783643;08;01;2;3;1;11;0;0;0
5;52;2436827;M002;3.6296899783643;08;01;2;4;1;16;0;0;0
5;52;897290;M001;3.0467846490479;01;01;1;3;1;16;0;0;0
5;52;2641348;M001;2.8254254813544;01;01;1;3;1;10;0;0;0
5;52;6822107;M001;2.7063436500096;01;01;1;1;1;02;0;0;0
5;52;6002633;M001;3.6721948512693;01;01;1;3;1;14;0;0;0
5;52;2028720;M001;3.0651524286521;01;01;1;2;2;07;0;0;0
5;52;4741418;M001;2.6582274968014;01;01;1;4;2;10;0;0;0
5;52;1091186;M001;2.2165761694241;01;01;1;2;1;17;0;0;0
5;52;2625703;M001;2.9565809605319;01;01;1;2;2;09;0;0;0
5;52;407923;M001;3.6130752613099;01;01;1;3;2;09;0;0;0
5;52;2431434;M001;3.702010163347;01;01;1;4;2;16;0;0;0
5;52;3123856;M001;2.5101393426934;01;01;1;4;1;14;0;0;0
5;52;3123856;M002;2.5101393426934;01;01;1;4;2;15;0;0;0
5;52;6562932;M001;2.0943935151072;01;01;1;2;1;17;0;0;0
5;52;2376070;M001;1.2624540165136;01;01;1;3;2;10;0;0;0
5;52;145794;M001;4.9031086123684;01;01;1;3;1;17;0;0;0
5;52;4423359;M001;3.1433267616983;01;01;1;4;1;11;0;0;0
5;52;4003642;M001;3.1518160277661;01;01;1;2;2;11;0;0;0
5;52;22522;M001;2.7369080560774;01;01;1;3;2;14;0;0;0
5;52;5202326;M001;1.7338667203492;01;01;1;2;2;17;0;0;0
5;52;2436731;M001;3.5144652857932;01;01;1;2;1;12;0;0;0
5;52;127280;M001;2.6822471961191;01;01;1;2;1;08;0;0;0
5;52;4255726;M001;3.0136510863006;01;01;1;2;1;17;0;0;0
5;52;3370967;M001;3.1681892227873;01;01;1;1;1;16;0;0;0
5;52;6648653;M001;3.0455539686512;01;01;1;2;2;17;0;0;0
5;52;7275304;M001;3.6424517552149;01;01;1;1;2;09;0;0;0
5;52;7019965;M001;1.2943743561686;01;01;1;1;1;14;0;0;0
5;52;2658281;M001;3.0663527001526;01;01;1;1;2;14;0;0;0
5;52;3203864;M001;3.1681892227873;01;01;1;2;1;06;0;0;0
5;52;1090050;M001;2.895846060056;01;01;1;3;2;11;0;0;0
5;52;520041;M001;3.5800158892284;01;01;1;2;1;10;0;0;0
5;52;1829817;M001;2.0552713200456;01;01;1;3;2;17;0;0;0
5;52;4237374;M001;2.4563017185436;01;01;1;1;1;17;0;0;0
5;52;4237374;M002;2.4563017185436;01;01;1;4;1;11;0;0;0
5;52;1608390;M001;3.4849524776054;01;01;1;1;2;08;0;0;0
5;52;6650723;M001;3.2370250683202;01;01;1;1;2;17;0;0;0
5;52;2456431;M001;2.6165483726843;01;01;1;2;2;17;0;0;0
5;52;7669247;M001;2.9575982051985;08;01;2;2;2;13;0;0;0
5;52;7379238;M001;3.2515196019452;08;01;2;3;1;16;0;0;0
5;52;746122;M001;2.6219438172767;01;01;1;3;1;16;0;0;0
5;52;6444445;M001;3.5208578505274;01;01;1;3;1;01;0;0;0
5;52;7334426;M001;2.3680656767456;01;01;1;3;1;17;0;0;0
5;52;6268693;M001;2.8858519111781;08;01;2;3;1;13;0;0;0
5;52;4647285;M001;3.2980861336088;08;01;2;3;1;10;0;0;0
5;52;6435272;M001;2.5578442324651;08;01;2;3;1;17;0;0;0
5;52;850705;M001;3.5438663237858;08;01;2;1;2;16;0;0;0
5;52;7239577;M001;3.5943764067783;08;01;2;3;1;01;0;0;0
5;52;2771237;M001;4.5859686701905;08;01;2;3;1;13;0;0;0
5;52;6476095;M001;2.7596448793205;08;01;2;1;2;17;0;0;0
5;52;5134277;M001;3.9903146698981;01;01;1;3;1;13;0;0;0
5;52;388419;M001;2.9832299157819;01;01;1;4;2;16;0;0;0
5;52;5816085;M001;3.1814984686785;08;01;2;4;1;01;0;0;0
5;52;5541342;M001;3.4219997645629;08;01;2;1;1;16;0;0;0
5;52;5541342;M002;3.4219997645629;08;01;2;2;2;16;0;0;0
5;52;6780515;M001;4.1997849606229;08;01;2;3;2;12;0;0;0
5;52;7532092;M001;2.1821748222885;08;01;2;2;1;14;0;0;0
5;52;2513552;M002;2.0893021981115;08;01;2;1;2;10;0;0;0
5;52;3859177;M001;3.1777217379777;01;01;1;3;1;15;0;0;0
5;52;1638487;M001;1.8024034541311;01;01;1;4;1;17;0;0;0
5;52;2939775;M001;2.6682460419085;01;01;1;2;2;17;0;0;0
5;52;4432809;M001;2.1498625314567;01;01;1;3;1;09;0;0;0
5;52;6099722;M001;2.9426343298263;08;01;2;3;1;16;0;0;0
5;52;6862702;M001;2.7611649271627;08;01;2;2;1;16;0;0;0
5;52;7407483;M001;3.2757044569897;08;01;2;3;1;13;0;0;0
5;52;2740300;M001;3.4782454408009;08;01;2;4;2;17;0;0;0
5;52;4448268;M001;1.7144105598331;08;01;2;2;1;01;0;0;0
5;52;4568515;M001;3.1926632674631;08;01;2;4;1;15;0;0;0
5;52;3868136;M001;3.4553136871409;08;01;2;3;2;12;0;0;0
5;52;3649985;M001;3.3508813825679;08;01;2;1;1;17;0;0;0
5;52;5032315;M001;2.4923919714369;08;01;2;3;1;16;0;0;0
5;52;7665414;M001;2.9479034032485;01;01;1;4;1;17;0;0;0
5;52;7348836;M001;2.8572137852921;01;01;1;1;1;09;0;0;0
5;52;5121782;M001;2.8279771029418;01;01;1;3;1;11;0;0;0
5;52;3139830;M001;1.9062714411058;01;01;1;4;1;14;0;0;0
5;52;1245817;M001;2.6294343188946;01;01;1;1;1;14;0;0;0
5;52;4431102;M001;2.7295105095283;01;01;1;3;1;17;0;0;0
5;52;6280057;M001;3.7339102624151;01;01;1;4;1;11;0;0;0
5;52;6231631;M001;2.8482931058271;01;01;1;1;2;17;0;0;0
5;52;2331329;M001;3.1991744486844;01;01;1;3;1;14;0;0;0
5;52;2374182;M001;3.0584626839539;01;01;1;2;1;17;0;0;0
5;52;6111257;M001;4.4311811317076;01;01;1;3;1;13;0;0;0
5;52;6666678;M001;3.1991744486844;01;01;1;3;1;14;0;0;0
5;52;4040117;M001;4.1359906826657;01;01;1;2;1;17;0;0;0
5;52;2262363;M001;2.9954723161766;01;01;1;4;2;14;0;0;0
5;52;2549229;M001;3.14915511611;01;01;1;4;1;13;0;0;0
5;52;7620759;M001;3.0384156392635;01;01;1;4;1;14;0;0;0
5;52;1679846;M001;3.6956194659233;01;01;1;3;2;17;0;0;0
5;52;3743979;M001;1.8956323969982;01;01;1;2;1;16;0;0;0
5;52;6060946;M001;2.8265420520129;01;01;1;2;2;17;0;0;0
5;52;7501713;M001;5.6591406183725;01;01;1;2;1;11;0;0;0
5;52;3762003;M001;3.8192494573213;01;01;1;1;2;16;0;0;0
5;52;6726298;M001;3.0428276537031;01;01;1;1;1;15;0;0;0
5;52;4247546;M001;1.8956323969982;01;01;1;4;1;17;0;0;0
5;52;3810720;M001;3.6340820128968;01;01;1;1;1;14;0;0;0
5;52;5113889;M001;2.9479034032485;01;01;1;3;2;16;0;0;0
5;52;3603156;M001;2.898420597969;01;01;1;1;2;14;0;0;0
5;52;3936914;M001;4.1776499864873;01;01;1;3;2;16;0;0;0
5;52;7015657;M001;3.6703242764515;01;01;1;3;2;16;0;0;0
5;52;4758968;M001;2.6190096249166;01;01;1;1;2;08;0;0;0
5;52;2551550;M001;3.1653559061185;08;01;2;3;1;17;0;0;0
5;52;7279419;M001;1.9451328919093;08;01;2;4;1;17;0;0;0
5;52;5861135;M001;3.2337659503217;08;01;2;1;1;12;0;0;0
5;52;3301743;M001;2.9396411898913;08;01;2;3;1;06;0;0;0
5;52;189525;M001;2.2793457760908;08;01;2;4;2;17;0;0;0
5;52;3765402;M001;2.8616701710084;08;01;2;3;2;17;0;0;0
5;52;3765402;M002;2.8616701710084;08;01;2;4;1;05;0;0;0
5;52;6739490;M001;3.4235797351944;08;01;2;3;2;14;0;0;0
5;52;1488711;M001;2.5383033794296;01;01;1;1;2;07;0;0;0
5;52;2287718;M001;2.6589801801733;01;01;1;2;2;17;0;0;0
5;52;5892428;M001;5.0609345188983;01;01;1;1;1;15;0;0;0
5;52;7650176;M001;3.3359651119434;01;01;1;1;2;15;0;0;0
5;52;4805634;M001;3.9426889864626;01;01;1;2;1;17;0;0;0
5;52;3248173;M001;1.9679819668118;01;01;1;2;2;14;0;0;0
5;52;6519495;M001;3.6415190423339;01;01;1;4;1;13;0;0;0
5;52;1243889;M001;1.6992869500664;01;01;1;3;1;14;0;0;0
5;52;7194610;M001;4.4648311820218;02;01;1;2;1;15;0;0;0
5;52;1263562;M001;3.2835641549759;02;01;1;1;1;01;0;0;0
5;52;5127700;M001;1.8256952198449;01;01;1;1;1;16;0;0;0
5;52;6311984;M001;2.5265221509207;08;01;2;3;2;14;0;0;0
5;52;3989416;M001;3.3695622206744;08;01;2;1;2;17;0;0;0
5;52;3344249;M001;4.7991089445847;01;01;1;3;2;13;0;0;0
5;52;5083621;M001;4.7541801319914;01;01;1;4;1;17;0;0;0
5;52;2430861;M001;4.7541801319914;01;01;1;1;2;17;0;0;0
5;52;4382951;M001;5.1795409572206;01;01;1;1;2;10;0;0;0
5;52;4147799;M002;4.8672297675414;01;01;1;2;1;12;0;0;0
5;52;1198537;M001;5.9857485355711;01;01;1;2;2;13;0;0;0
5;52;6510776;M001;4.6378178141488;01;01;1;2;1;17;0;0;0
5;52;241690;M001;5.6005873434472;01;01;1;3;1;13;0;0;0
5;52;2139686;M001;5.4720935618258;01;01;1;2;2;14;0;0;0
5;52;4960140;M001;5.9160058412992;01;01;1;3;1;17;0;0;0
5;52;406392;M001;4.7699555573462;01;01;1;2;1;12;0;0;0
5;52;2515096;M001;5.3522377546139;01;01;1;2;1;13;0;0;0
5;52;3888054;M001;5.660879328558;01;01;1;3;2;14;0;0;0
5;52;1551752;M001;5.3299115129778;01;01;1;4;2;17;0;0;0
5;52;3401972;M001;6.547845889602;01;01;1;3;1;14;0;0;0
5;52;6672042;M001;5.340152015861;01;01;1;4;2;16;0;0;0
5;52;2255524;M001;4.7298944856093;01;01;1;3;2;10;0;0;0
5;52;3539480;M001;4.5809221519312;01;01;1;3;1;13;0;0;0
5;52;3698760;M001;4.7500855164716;01;01;1;3;1;14;0;0;0
5;52;5385347;M001;2.1891560343408;01;01;1;3;1;15;0;0;0
5;52;6353028;M001;7.0574372968189;01;01;1;3;1;11;0;0;1
5;52;2824340;M001;4.0219442910704;01;01;1;2;1;14;0;0;0
5;52;1214844;M001;4.8850916652835;01;01;1;2;2;15;0;0;0
5;52;6363275;M001;5.8697213329867;01;01;1;3;2;15;0;0;0
5;52;1056675;M001;5.0957941900384;01;01;1;2;1;14;0;0;0
5;52;7257042;M001;4.0897962256754;01;01;1;3;1;12;0;0;0
5;52;2181079;M001;6.0332523710499;01;01;1;3;1;11;0;0;0
5;52;1840474;M001;6.1819461851729;01;01;1;3;2;17;0;0;0
5;52;460767;M001;3.7345149404755;01;01;1;3;1;17;0;0;0
5;52;6628528;M001;5.1622809936569;01;01;1;2;2;17;0;0;0
5;52;6770649;M001;4.7301009441603;01;01;1;3;1;15;0;0;0
5;52;6406256;M001;4.9331624561681;01;01;1;2;1;06;0;0;0
5;52;3809039;M001;4.3888231990873;08;01;2;4;2;13;0;0;0
5;52;7662841;M001;5.8882705792316;08;01;2;2;2;12;0;0;0
5;52;1077249;M001;6.648406152703;05;01;2;2;1;15;0;0;0
5;52;6940529;M001;3.0099598742393;02;01;1;3;2;13;0;0;0
5;52;4702599;M001;5.1512371020622;02;01;1;2;1;08;0;0;0
5;52;2171417;M001;5.2619028565852;02;01;1;2;1;13;0;0;0
5;52;2813805;M001;5.5359670895461;05;01;2;3;1;11;0;0;0
5;52;1663514;M001;4.1437394553706;08;01;2;2;2;15;0;0;0
5;52;4176660;M001;4.3712882286961;01;01;1;2;1;15;0;0;0
5;52;1674070;M001;4.830219274134;01;01;1;1;1;17;0;0;0
5;52;2012990;M001;4.695233355708;01;01;1;4;2;13;0;0;0
5;52;1118729;M001;4.3712882286961;01;01;1;1;1;15;0;0;0
5;52;1118729;M002;4.3712882286961;01;01;1;4;1;10;0;0;0
5;52;5763550;M001;5.7480813650096;01;01;1;2;1;08;0;0;0
5;52;2095868;M001;4.695233355708;01;01;1;3;2;17;0;0;0
5;52;3967150;M001;4.830219274134;01;01;1;4;1;09;0;0;0
5;52;2722158;M001;4.3712882286961;01;01;1;2;1;16;0;0;0
5;52;1403080;M001;5.5591221564237;01;01;1;3;2;17;0;0;0
5;52;6674499;M001;4.830219274134;01;01;1;3;1;08;0;0;0
5;52;500078;M001;6.0180532018616;01;01;1;1;1;14;0;0;0
5;52;3383317;M001;4.9697360771106;08;01;2;2;2;17;0;0;0
5;52;4621469;M001;4.2999297916664;08;01;2;3;2;12;0;0;0
5;52;15402;M001;4.2481510985303;08;01;2;3;2;08;0;0;0
5;52;7689634;M001;8.8466396476697;08;05;2;3;2;14;0;0;0
5;52;6430673;M001;4.2363023102702;08;01;2;1;2;14;0;0;0
5;52;4818276;M001;6.6119701657254;08;01;2;3;2;01;0;0;0
5;52;3841733;M001;4.2363023102702;08;01;2;3;2;15;0;0;0
5;52;646596;M001;2.7970367085531;08;01;2;4;2;09;0;0;0
5;52;6892617;M001;6.363546470243;08;01;2;2;1;17;0;0;0
5;52;1549196;M001;5.8237275901791;08;01;2;3;1;15;0;0;0
5;52;871546;M001;4.2968202909632;08;01;2;2;2;11;0;0;0
5;52;6987170;M001;4.4582698867536;08;01;2;1;1;16;0;0;0
5;52;842712;M001;3.8749958789732;08;01;2;2;2;15;0;0;0
5;52;3994684;M001;4.2363023102702;01;01;1;1;2;09;0;0;0
5;52;5035928;M001;7.2598604197491;08;01;2;3;1;06;0;0;0
5;52;4307382;M001;5.3348075102419;08;01;2;1;1;14;0;0;0
5;52;5259614;M001;5.6064894310601;08;01;2;4;1;15;0;0;0
5;52;2566855;M001;6.1068260492425;08;01;2;2;1;15;0;0;0
5;52;1997906;M001;5.9575277099575;08;01;2;1;1;15;0;0;0
5;52;1997906;M002;5.9575277099575;08;01;2;1;2;08;0;0;0
5;52;4627956;M001;5.9243007299513;08;01;2;4;2;01;0;0;0
5;52;17294;M001;3.5387641282545;01;01;1;1;2;08;0;0;0
5;52;6954182;M001;3.8226115420642;01;01;1;3;1;08;0;0;0
5;52;1328673;M001;5.3744962069921;08;01;2;3;1;17;0;0;0
5;52;5382070;M001;4.404874215049;08;01;2;2;2;17;0;0;0
5;52;1417953;M001;6.0180532018616;08;01;2;3;2;15;0;0;0
5;52;6392726;M001;4.830219274134;08;01;2;2;2;13;0;0;0
5;52;5809021;M001;4.3712882286961;08;01;2;4;1;16;0;0;0
5;52;260012;M001;4.2363023102702;08;01;2;4;1;12;0;0;0
5;52;4387400;M001;15.8347806364678;01;01;1;2;2;13;0;0;0
5;52;7523479;M001;8.4246314525036;01;01;1;2;1;17;0;0;0
5;52;2144039;M001;11.1590742060208;01;01;1;2;2;14;0;0;0
5;52;6127386;M001;8.4291411067434;01;01;1;2;2;12;0;0;0
5;52;7781642;M001;13.9009037526557;01;01;1;3;2;15;0;0;0
5;52;3470160;M001;4.234863861323;01;01;1;1;2;15;0;0;0
5;52;2927375;M001;11.3774096560841;01;01;1;3;2;17;0;0;0
5;52;7206679;M001;12.3850873100833;01;01;1;4;1;17;0;0;0
5;52;765575;M001;11.4576545071529;01;01;1;1;1;13;0;0;0
5;52;2687208;M001;14.030301859188;01;01;1;4;2;16;0;0;0
5;52;2608232;M001;12.3382633296164;01;01;1;2;2;15;0;0;0
5;52;2608232;M002;12.3382633296164;01;01;1;3;1;13;0;0;0
5;52;2327100;M001;8.5495339880849;01;01;1;2;1;17;0;0;0
5;52;7117813;M001;11.8133202518524;01;01;1;1;1;17;0;0;0
5;52;2767858;M001;16.6814828585867;01;01;1;2;1;10;0;0;0
5;52;7040880;M001;8.5576976750271;01;01;1;1;1;16;0;0;0
5;52;4728584;M001;10.3444427928341;01;01;1;4;2;17;0;0;0
5;52;467660;M001;14.2833387929161;01;01;1;1;1;16;0;0;0
5;52;1677772;M001;11.4035215892263;01;01;1;4;2;17;0;0;0
5;52;2518442;M001;8.1650565308572;01;01;1;1;1;17;0;0;0
5;52;2518442;M002;8.1650565308572;01;01;1;1;2;15;0;0;0
5;52;6996103;M001;7.7971206991523;01;01;1;1;1;13;0;0;0
5;52;1887865;M001;13.4467382762111;01;01;1;3;1;10;0;0;0
5;52;5275656;M001;7.7795453814543;01;01;1;1;1;17;0;0;0
5;52;2872010;M001;8.1086489399028;01;01;1;2;1;08;0;0;0
5;52;1167436;M001;8.5098008856158;01;01;1;3;1;17;0;0;0
5;52;2482124;M001;4.5968286619176;01;01;1;4;2;10;0;0;0
5;52;5005144;M001;16.198185438315;01;01;1;3;2;13;0;0;0
5;52;5353066;M001;11.7414029693526;01;01;1;4;1;05;0;0;0
5;52;3653031;M001;8.6420383077794;01;01;1;4;2;17;0;0;0
5;52;1321417;M001;12.5769439468818;01;01;1;1;1;10;0;0;0
5;52;6679988;M001;12.602138886156;01;01;1;1;1;13;0;0;0
5;52;1038271;M001;9.3699371725024;01;01;1;2;1;13;0;0;0
5;52;7678642;M001;7.781263354298;01;01;1;3;1;11;0;0;0
5;52;1053784;M001;10.6783835297939;01;01;1;3;1;01;0;0;0
5;52;6531706;M001;9.5505180529753;01;01;1;3;2;16;0;0;0
5;52;68627;M001;10.1483759119634;01;01;1;1;2;17;0;0;0
5;52;683405;M001;8.4014128115336;01;01;1;4;2;07;0;0;0
5;52;172673;M001;12.3511790778951;01;01;1;4;1;14;0;0;0
5;52;2661926;M001;4.1550062819427;01;01;1;2;1;12;0;0;0
5;52;5305756;M001;8.3453435869376;01;01;1;1;1;17;0;0;0
5;52;4264642;M001;9.7027427820702;01;01;1;4;1;14;0;0;0
5;52;5338859;M001;7.508993419627;01;01;1;1;2;05;0;0;0
5;52;3129785;M001;15.6600106388927;01;01;1;1;1;16;0;0;0
5;52;2719754;M001;7.2613269210072;01;01;1;4;1;17;0;0;0
5;52;4418361;M001;5.6021942152867;01;01;1;4;2;17;0;0;0
5;52;2651058;M001;6.5544773375048;01;01;1;2;2;16;0;0;0
5;52;2756432;M001;6.1997045690282;01;01;1;4;2;16;0;0;0
5;52;5899350;M001;10.6590811020584;01;01;1;2;2;17;0;0;0
5;52;1916459;M001;10.7641820898304;01;01;1;4;2;11;0;0;0
5;52;6202716;M001;13.8887614886441;01;01;1;1;2;12;0;0;0
5;52;3039789;M001;7.5088122213523;01;01;1;3;1;11;0;0;0
5;52;5477998;M001;10.7705749878629;01;01;1;4;1;05;0;0;0
5;52;5504548;M001;10.1164961485569;01;01;1;3;1;17;0;0;0
5;52;5692371;M001;12.0040669651787;01;01;1;1;1;15;0;0;0
5;52;2112477;M001;8.7005815153006;01;01;1;2;1;13;0;0;0
5;52;758959;M001;11.4557268206492;01;01;1;3;2;08;0;0;0
5;52;3665640;M001;8.616165630719;01;01;1;4;1;13;0;0;0
5;52;3836;M001;10.940751876602;01;01;1;3;2;11;0;0;0
5;52;2163862;M001;9.584443173554;01;01;1;4;2;09;0;0;0
5;52;7669922;M001;8.8686884949438;01;01;1;3;2;12;0;0;0
5;52;615664;M001;10.378118640033;01;01;1;4;1;09;0;0;0
5;52;5905528;M001;8.1244174423656;01;01;1;2;1;05;0;0;0
5;52;2016456;M001;14.1960351823782;01;01;1;2;1;06;0;0;0
5;52;2244097;M001;10.3007129506783;01;01;1;3;1;08;0;0;0
5;52;451192;M001;8.4030485811126;01;01;1;2;2;07;0;0;0
5;52;5619778;M001;11.2550563304728;01;01;1;3;1;17;0;0;0
5;52;7610463;M001;17.2175860583049;01;01;1;2;2;17;0;0;0
5;52;4852295;M001;14.1895654034356;01;01;1;3;1;17;0;0;0
5;52;5976906;M001;6.5208918143833;01;01;1;1;1;09;0;0;0
5;52;4638761;M001;14.1895654034356;01;01;1;2;2;15;0;0;0
5;52;4961748;M001;6.8069005232433;01;01;1;4;2;17;0;0;0
5;52;4698482;M001;9.2738943290648;01;01;1;2;2;14;0;0;0
5;52;6758899;M001;14.920917277908;01;01;1;1;1;05;0;0;0
5;52;4018767;M001;13.3558150042049;01;01;1;1;1;09;0;0;0
5;52;4430663;M001;9.9168030291297;01;01;1;1;1;15;0;0;0
5;52;6154014;M001;9.3911732729557;01;01;1;1;2;17;0;0;0
5;52;4607915;M001;7.7669956771606;01;01;1;1;1;16;0;0;0
5;52;4552872;M001;19.6656959955592;01;01;1;3;2;15;0;0;0
5;52;7099280;M001;8.2109446355327;01;01;1;3;2;14;0;0;0
5;52;6065779;M001;8.7507376079245;01;01;1;4;2;17;0;0;0
5;52;2333666;M001;16.8794062007074;01;01;1;3;1;14;0;0;0
5;52;4316213;M001;8.8133855281426;01;01;1;3;1;07;0;0;0
5;52;5520158;M001;8.9502664317988;01;01;1;4;1;09;0;0;0
5;52;1411948;M001;12.0723160064442;01;01;1;2;1;99;0;0;1
5;52;1391551;M001;7.8181531271306;01;01;1;2;2;99;0;0;1
5;52;1909032;M001;11.1185295027144;01;01;1;3;2;10;0;0;0
5;52;6669235;M001;7.7669956771606;01;01;1;4;1;17;0;0;0
5;52;4627755;M001;10.1621206361852;01;01;1;4;2;13;0;0;0
5;52;3293236;M001;7.8561222837035;01;01;1;2;1;09;0;0;0
5;52;1902823;M001;7.4297756959634;01;01;1;3;2;10;0;0;0
5;52;6777673;M001;6.2695287350757;01;01;1;2;2;11;0;0;0
5;52;4809234;M001;9.0054629393481;01;01;1;4;1;16;0;0;0
5;52;6199864;M001;7.2744518836992;01;01;1;1;1;16;0;0;0
5;52;669613;M001;8.6980203118138;01;01;1;1;1;14;0;0;0
5;52;5949005;M001;8.5214246464434;08;01;2;3;1;16;0;0;0
5;52;7109465;M001;9.2005498269322;01;01;1;2;1;09;0;0;0
5;52;4614244;M001;16.5419666819488;08;01;2;4;2;17;0;0;0
5;52;1071452;M001;13.6681297402684;01;01;1;2;2;12;0;0;0
5;52;953029;M001;10.5130226973767;01;01;1;3;1;11;0;0;0
5;52;4082147;M001;16.1887214783918;08;01;2;2;1;17;0;0;0
5;52;3689790;M001;11.4099655672313;01;01;1;3;2;16;0;0;0
5;52;5967444;M001;10.3137367443806;01;01;1;4;1;12;0;0;0
5;52;6396140;M001;13.259992898886;01;01;1;1;2;10;0;0;0
5;52;2725198;M001;10.747106824875;01;01;1;1;1;17;0;0;0
5;52;2326736;M001;13.5937613847087;01;01;1;1;2;15;0;0;0
5;52;824281;M001;19.2657447751588;01;01;1;3;1;15;0;0;0
5;52;6565456;M001;11.2289204157507;01;01;1;1;1;17;0;0;0
5;52;7012153;M001;7.5435381046526;01;01;1;3;2;09;0;0;0
5;52;4265633;M001;8.9198257436263;01;01;1;4;2;10;0;0;0
5;52;3113782;M001;8.9903422523776;01;01;1;1;2;16;0;0;0
5;52;873836;M001;7.6897743098898;01;01;1;2;2;10;0;0;0
5;52;2531680;M001;14.073505737618;01;01;1;2;1;06;0;0;0
5;52;32296;M001;9.9490899589673;01;01;1;4;1;13;0;0;0
5;52;3141710;M001;7.4636103963508;01;01;1;1;1;11;0;0;0
5;52;4101641;M001;10.3137367443806;01;01;1;3;2;11;0;0;0
5;52;6643393;M001;9.9490899589673;01;01;1;3;1;15;0;0;0
5;52;1013721;M001;3.8275356213792;01;01;1;1;1;14;0;0;0
5;52;2368401;M001;15.6938198217532;01;01;1;1;2;07;0;0;0
5;52;6370628;M001;11.9782646507268;01;01;1;2;1;17;0;0;0
5;52;2230736;M001;10.0367221558184;01;01;1;4;2;12;0;0;0
5;52;3402451;M001;13.0489192485558;01;01;1;1;1;14;0;0;0
5;52;5010855;M001;9.6967203047802;01;01;1;1;1;16;0;0;0
5;52;2240954;M001;9.1319521755504;01;01;1;2;2;11;0;0;0
5;52;3477115;M001;11.45454581407;01;01;1;3;1;13;0;0;0
5;52;4289698;M001;11.913007090225;01;01;1;3;1;13;0;0;0
5;52;5056182;M001;11.6145317806644;01;01;1;4;1;05;0;0;0
5;52;2000718;M001;9.0193515382288;01;01;1;1;1;14;0;0;0
5;52;1807852;M001;11.6150865337706;01;01;1;1;2;17;0;0;0
5;52;3504893;M001;9.0140509063109;01;01;1;3;2;09;0;0;0
5;52;2454384;M001;10.9064336754126;01;01;1;3;1;13;0;0;0
5;52;3066586;M001;9.9490899589673;01;01;1;3;1;14;0;0;0
5;52;4546348;M001;5.4093150559889;01;01;1;2;1;17;0;0;0
5;52;6038259;M001;6.7805997723425;01;01;1;1;2;01;0;0;0
5;52;6207661;M001;10.3137367443806;01;01;1;1;2;03;0;0;0
5;52;2407098;M001;9.2337617448722;01;01;1;3;1;05;0;0;0
5;52;1429349;M001;10.1483759119634;01;01;1;3;2;06;0;0;0
5;52;5693002;M001;10.3959981271046;01;01;1;2;1;11;0;0;0
5;52;5035413;M001;14.7128817989571;01;01;1;3;1;01;0;0;0
5;52;7799702;M001;10.6783835297939;01;01;1;3;1;14;0;0;0
5;52;3524207;M001;10.8430074118545;01;01;1;1;2;08;0;0;0
5;52;6992973;M001;10.1483759119634;01;01;1;1;1;11;0;0;0
5;52;6938704;M001;10.1863923916032;01;01;1;2;2;09;0;0;0
5;52;4358724;M001;13.0035333076016;01;01;1;1;2;09;0;0;0
5;52;5777328;M001;8.5639985464822;01;01;1;3;1;10;0;0;0
5;52;2279101;M001;13.0048525663142;01;01;1;4;2;11;0;0;0
5;52;1018713;M001;10.7981699715206;01;01;1;2;1;04;0;0;0
5;52;519068;M001;11.5286581117772;01;01;1;4;1;05;0;0;0
5;52;3405061;M001;12.7326652964914;01;01;1;3;2;17;0;0;0
5;52;2591150;M001;15.1860651849569;01;01;1;4;2;12;0;0;0
5;52;7384232;M001;12.4796685307842;01;01;1;1;1;11;0;0;0
5;52;736246;M001;9.2231253588807;01;01;1;3;2;17;0;0;0
5;52;6418491;M001;15.8670777862895;08;01;2;1;2;11;0;0;0
5;52;6842094;M001;12.4796685307842;01;01;1;3;2;17;0;0;0
5;52;2514855;M001;10.4826792371334;01;01;1;3;1;16;0;0;0
5;52;4881090;M001;7.4928165272841;01;01;1;1;1;13;0;0;0
5;52;376467;M001;6.6219641208018;01;01;1;2;1;07;0;0;0
5;52;518664;M001;8.4260866241718;01;01;1;4;2;17;0;0;0
5;52;341492;M001;8.7430709617787;01;01;1;3;1;16;0;0;0
5;52;422172;M001;8.6579853860514;01;01;1;1;1;16;0;0;0
5;52;5664999;M001;16.7638909077124;08;01;2;4;1;14;0;0;0
5;52;3485140;M001;8.0137726039854;01;01;1;4;1;10;0;0;0
5;52;6970446;M001;14.2420295836055;08;01;2;3;2;17;0;0;0
5;52;6837535;M001;3.7977003713586;01;01;1;1;2;17;0;0;0
5;52;3890391;M001;2.5166122854564;01;01;1;4;2;17;0;0;0
5;52;5915271;M001;3.6675941262462;01;01;1;1;1;15;0;0;0
5;52;3420950;M001;3.7167610457305;01;01;1;4;1;17;0;0;0
5;52;6591287;M001;2.0190280639364;01;01;1;2;2;17;0;0;0
5;52;994806;M001;1.6816997954954;01;01;1;3;1;08;0;0;0
5;52;5676829;M001;2.572907450506;01;01;1;1;1;09;0;0;0
5;52;5274732;M001;4.0186133578373;01;01;1;1;1;15;0;0;0
5;52;1051268;M001;3.2051758560896;01;01;1;2;1;15;0;0;0
5;52;3069087;M001;3.7899670749545;01;01;1;2;2;15;0;0;0
5;52;6476466;M001;2.5511576299801;01;01;1;1;2;17;0;0;0
5;52;5372143;M001;2.693109698898;01;01;1;3;1;15;0;0;0
5;52;1362010;M001;2.401156473612;01;01;1;3;1;17;0;0;0
5;52;4936694;M001;1.9039453300092;01;01;1;1;2;15;0;0;0
5;52;2859250;M001;2.6342169499831;01;01;1;1;1;12;0;0;0
5;52;4954859;M001;2.6666258094715;01;01;1;2;2;17;0;0;0
5;52;5955629;M001;3.3779171875309;01;01;1;3;2;11;0;0;0
5;52;4135731;M001;3.0198987581563;01;01;1;4;1;17;0;0;0
5;52;4135731;M002;3.0198987581563;01;01;1;4;1;12;0;0;0
5;52;91914;M001;2.2465417424393;01;01;1;2;1;17;0;0;0
5;52;6113492;M001;1.9163424897288;01;01;1;2;1;16;0;0;0
5;52;6321220;M001;2.7603286640231;01;01;1;2;2;15;0;0;0
5;52;1146525;M001;2.9901384757033;01;01;1;1;1;09;0;0;0
5;52;5190788;M001;4.0030671771196;01;01;1;2;1;14;0;0;0
5;52;4156167;M001;4.0408195328724;01;01;1;3;1;07;0;0;0
5;52;2123690;M001;3.5118234974848;01;01;1;2;2;17;0;0;0
5;52;5786606;M001;2.6356247189667;01;01;1;4;2;15;0;0;0
5;52;2716722;M001;3.3934633682487;01;01;1;3;1;16;0;0;0
5;52;6245340;M001;1.6358969426004;01;01;1;2;2;13;0;0;0
5;52;5783232;M001;4.5089312675706;01;01;1;2;2;14;0;0;0
5;52;7109640;M001;3.056027057632;01;01;1;3;1;10;0;0;0
5;52;3056153;M001;2.5356114492623;01;01;1;4;1;16;0;0;0
5;52;6388246;M001;2.8019219958595;01;01;1;1;1;14;0;0;0
5;52;2019349;M001;2.9996143611642;08;01;2;3;1;15;0;0;0
5;52;6302974;M001;3.4852198362258;08;01;2;4;1;17;0;0;0
5;52;2887178;M001;3.3090104993304;08;01;2;1;1;17;0;0;0
5;52;6557023;M001;3.3212278345655;08;01;2;3;1;11;0;0;0
5;52;5077266;M001;3.8440580725046;08;01;2;3;1;07;0;0;0
5;52;6181615;M001;3.4394360096093;08;01;2;2;2;17;0;0;0
5;52;340438;M001;4.8149935745238;08;01;2;2;1;11;0;0;0
5;52;7492106;M001;3.2987381786351;08;01;2;3;1;14;0;0;0
5;52;6227364;M001;2.8677387015215;08;01;2;3;2;11;0;0;0
5;52;6227364;M002;2.8677387015215;08;01;2;3;2;17;0;0;0
5;52;5324545;M001;2.8152335267171;08;01;2;2;2;16;0;0;0
5;52;5426425;M001;3.2797885889452;08;01;2;2;1;17;0;0;0
5;52;4261035;M001;4.7376200903223;08;01;2;3;2;14;0;0;0
5;52;506281;M001;3.592621243469;02;01;1;2;2;13;0;0;0
5;52;2504713;M001;1.9600016954634;02;01;1;1;1;15;0;0;0
5;52;1510564;M001;2.2009248094307;01;01;1;2;2;12;0;0;0
5;52;3965582;M001;2.4103775613845;01;01;1;3;1;10;0;0;0
5;52;130511;M001;2.4114795488179;01;01;1;1;1;17;0;0;0
5;52;1656713;M001;3.4513592696999;02;01;1;3;2;15;0;0;0
5;52;2973765;M001;3.307870292161;01;01;1;4;1;11;0;0;0
5;52;7709004;M001;3.5626137281346;01;01;1;3;1;17;0;0;0
5;52;3895579;M001;3.8502297625536;08;01;2;3;1;14;0;0;0
5;52;4978062;M001;3.3055163774435;08;01;2;3;2;17;0;0;0
5;52;4170013;M001;3.8204192708841;08;01;2;2;2;09;0;0;0
5;52;2763851;M001;3.4893475729015;08;01;2;1;2;14;0;0;0
5;52;4640628;M001;2.7273124924091;08;01;2;3;1;06;0;0;0
5;52;5455733;M001;4.6949703603312;08;01;2;2;2;17;0;0;0
5;52;6027663;M001;3.2281830311304;05;01;2;3;2;12;0;0;0
5;52;4010293;M001;3.8587923620281;05;01;2;4;1;17;0;0;0
5;52;3394691;M001;2.918377133919;01;01;1;2;2;13;0;0;0
5;52;1512743;M001;1.8077658475514;01;01;1;4;1;17;0;0;0
5;52;592831;M001;2.6678983553673;01;01;1;3;2;12;0;0;0
5;52;7716180;M001;2.6533536240616;01;01;1;2;1;13;0;0;0
5;52;1294497;M001;2.8331349434947;01;01;1;3;2;12;0;0;0
5;52;7668612;M001;1.6400080155213;01;01;1;3;2;15;0;0;0
5;52;1526802;M001;3.4319125410305;08;01;2;1;2;13;0;0;0
5;52;7063620;M001;2.822469412639;08;01;2;4;2;17;0;0;0
5;52;4498309;M001;2.9446341877914;08;01;2;3;2;14;0;0;0
5;52;4691765;M001;3.3403330761511;08;01;2;2;2;17;0;0;0
5;52;4163893;M001;2.1769548673223;01;01;1;2;1;17;0;0;0
5;52;4947430;M001;3.1630032478567;01;01;1;1;2;10;0;0;0
5;52;2990957;M001;2.7364534030403;01;01;1;4;2;12;0;0;0
5;52;6443836;M001;4.2361957811275;01;01;1;1;1;14;0;0;0
5;52;7136280;M001;3.2801644184967;01;01;1;1;1;17;0;0;0
5;52;1169459;M001;4.0516050043342;01;01;1;3;1;17;0;0;0
5;52;1305874;M001;2.887275968675;01;01;1;3;1;16;0;0;0
5;52;6747209;M001;2.8639068524052;01;01;1;3;2;14;0;0;0
5;52;43436;M001;3.4928530962655;01;01;1;3;1;16;0;0;0
5;52;5503139;M001;3.3814415295201;01;01;1;2;1;13;0;0;0
5;52;3384021;M001;2.8103963762297;01;01;1;1;1;16;0;0;0
5;52;59508;M001;2.6301448104527;01;01;1;1;2;10;0;0;0
5;52;6203129;M001;3.513044149905;08;01;2;1;2;16;0;0;0
5;52;2549575;M001;3.2700671389206;05;01;2;4;1;17;0;0;0
5;52;7391695;M001;2.8052197924761;05;01;2;1;1;10;0;0;0
5;52;1863090;M001;4.9052766670011;08;01;2;1;1;17;0;0;0
5;52;3551611;M001;3.1200936560244;08;01;2;4;1;12;0;0;0
5;52;6057558;M001;3.2592436435265;08;01;2;3;1;11;0;0;0
5;52;371414;M001;4.159801182063;01;01;1;4;1;05;0;0;0
5;52;5913452;M001;3.0151394999776;01;01;1;4;2;12;0;0;0
5;52;4708337;M001;2.2801697710678;01;01;1;1;1;01;0;0;0
5;52;1645471;M001;4.978294756011;01;01;1;3;1;17;0;0;0
5;52;1708265;M001;7.6077032190062;01;01;1;1;1;14;0;0;0
5;52;203295;M001;4.9700610216932;01;01;1;4;2;16;0;0;0
5;52;5857986;M001;6.1003381302543;01;01;1;1;1;15;0;0;0
5;52;7402820;M001;7.7616909906676;01;01;1;3;2;14;0;0;0
5;52;2184367;M001;9.9113407564431;01;01;1;2;2;14;0;0;0
5;52;4911786;M001;4.4080603611136;01;01;1;3;2;13;0;0;0
5;52;4569041;M001;4.8465020749422;01;01;1;3;2;15;0;0;0
5;52;4789828;M001;4.8153690145906;01;01;1;3;2;09;0;0;0
5;52;7419061;M001;4.0572431265926;01;01;1;4;1;13;0;0;0
5;52;7107266;M001;4.3427179541907;01;01;1;4;1;10;0;0;0
5;52;5789580;M001;4.4268008208559;01;01;1;2;2;10;0;0;0
5;52;2015524;M001;3.3965904878048;01;01;1;3;1;13;0;0;0
5;52;3825264;M001;4.3142491701004;01;01;1;4;1;14;0;0;0
5;52;2865208;M001;2.279610576413;01;01;1;1;1;11;0;0;0
5;52;7349827;M001;8.0279972500502;01;01;1;1;1;16;0;0;0
5;52;6235636;M001;7.2621146908261;01;01;1;2;1;07;0;0;0
5;52;5028448;M001;2.591611445809;01;01;1;1;2;14;0;0;0
5;52;5618267;M001;4.5070695652644;01;01;1;4;1;17;0;0;0
5;52;1130228;M001;5.5463622997187;01;01;1;1;2;15;0;0;0
5;52;1962928;M001;6.7984102426002;08;01;2;4;2;17;0;0;0
5;52;829149;M001;5.1582308622856;01;01;1;2;1;16;0;0;0
5;52;5718745;M001;7.3712528223516;01;01;1;4;2;11;0;0;0
5;52;6920197;M001;4.9930689754517;01;01;1;4;2;01;0;0;0
5;52;6658747;M001;8.4095991834672;01;01;1;4;2;12;0;0;0
5;52;5770392;M001;4.2393650085072;01;01;1;2;2;16;0;0;0
5;52;1543041;M001;4.4194771270541;01;01;1;1;2;13;0;0;0
5;52;7287644;M001;5.2323482334598;01;01;1;3;2;12;0;0;0
5;52;3104119;M001;6.0554207877452;01;01;1;3;2;15;0;0;0
5;52;367007;M001;7.4006126867653;01;01;1;4;2;17;0;0;0
5;52;55660;M001;5.2022486022719;01;01;1;3;1;15;0;0;0
5;52;4523203;M001;3.2710645471932;01;01;1;1;1;16;0;0;0
5;52;6180274;M001;3.1170511569716;01;01;1;3;2;17;0;0;0
5;52;6288024;M001;2.6165538842574;01;01;1;4;1;16;0;0;0
5;52;6918004;M001;2.9605200442723;01;01;1;3;1;14;0;0;0
5;52;4006536;M001;2.4367558487241;01;01;1;2;2;15;0;0;0
5;52;6747744;M001;2.5885237368076;01;01;1;2;1;09;0;0;0
5;52;1946787;M001;3.4584363584041;01;01;1;4;2;16;0;0;0
5;52;7087412;M001;2.8957107395035;01;01;1;1;1;14;0;0;0
5;52;3322736;M001;3.5033086319034;01;01;1;1;2;17;0;0;0
5;52;5624730;M001;2.5697557038016;01;01;1;1;2;17;0;0;0
5;52;2901841;M001;2.6209751647198;01;01;1;2;2;17;0;0;0
5;52;7804771;M001;2.8362357810137;01;01;1;4;1;14;0;0;0
5;52;4757925;M001;2.1059995811403;01;01;1;1;1;12;0;0;0
5;52;3298859;M001;3.69414324481;01;01;1;3;1;16;0;0;0
5;52;487887;M001;3.0695692057054;01;01;1;4;2;11;0;0;0
5;52;7532350;M001;2.9733063743032;01;01;1;3;2;17;0;0;0
5;52;6287021;M001;2.4796315553871;01;01;1;2;2;13;0;0;0
5;52;2231679;M001;3.69414324481;01;01;1;1;1;17;0;0;0
5;52;7224859;M001;3.4717960677012;01;01;1;2;2;17;0;0;0
5;52;2778115;M001;2.9991910969472;01;01;1;2;1;13;0;0;0
5;52;3211152;M001;3.5356522026077;08;01;2;3;2;09;0;0;0
5;52;5808067;M001;2.8279562214804;02;01;1;4;2;17;0;0;0
5;52;3347282;M001;8.7126418610203;01;01;1;4;2;13;0;0;0
5;52;6464813;M001;11.9104375900377;01;01;1;2;1;17;0;0;0
5;52;1865778;M001;15.0706228092738;01;01;1;2;2;17;0;0;0
5;52;4296876;M001;8.4426541909914;01;01;1;3;1;12;0;0;0
5;52;6334289;M001;6.7524718649288;01;01;1;2;2;17;0;0;0
5;52;3660736;M001;11.7737012101572;01;01;1;4;1;13;0;0;0
5;52;2676653;M001;7.8780575700602;01;01;1;3;1;10;0;0;0
5;52;6766539;M001;6.8358886891293;01;01;1;2;2;14;0;0;0
5;52;6414410;M001;9.2275522750691;01;01;1;2;1;12;0;0;0
5;52;5465175;M001;12.8394326514573;01;01;1;4;1;16;0;0;0
5;52;6550286;M001;11.0319551135781;01;01;1;1;2;16;0;0;0
5;52;1925801;M001;5.5746367524853;01;01;1;1;2;14;0;0;0
5;52;3724156;M001;11.2691814209469;01;01;1;1;1;16;0;0;0
5;52;1684536;M001;7.5807841187097;01;01;1;2;2;11;0;0;0
5;52;1854772;M001;3.1640834586571;01;01;1;1;1;17;0;0;0
5;52;529079;M001;16.671771242208;01;01;1;3;2;14;0;0;0
5;52;4731457;M001;6.6260316864098;01;01;1;4;1;16;0;0;0
5;52;4702863;M001;16.9932300601368;01;01;1;3;2;10;0;0;0
5;52;1860021;M001;7.6314840916471;01;01;1;4;2;17;0;0;0
5;52;6891889;M001;14.545630231774;01;01;1;3;2;14;0;0;0
5;52;6178722;M001;10.5052163817045;01;01;1;2;1;14;0;0;0
5;52;7687083;M001;10.854450637317;01;01;1;4;1;17;0;0;0
5;52;5373760;M001;10.1559821260919;01;01;1;1;1;15;0;0;0
5;52;6300059;M001;4.7689685258246;01;01;1;2;1;06;0;0;0
5;52;2168943;M001;10.1559821260919;01;01;1;3;1;12;0;0;0
5;52;3271341;M001;10.5052163817045;01;01;1;1;1;04;0;0;0
5;52;2476322;M001;7.3278463436737;01;01;1;2;1;12;0;0;0
5;52;5265741;M001;11.7413834704197;01;01;1;2;1;12;0;0;0
5;52;6807685;M001;12.3997269075281;01;01;1;3;1;13;0;0;0
5;52;2366505;M001;9.213987036759;01;01;1;3;2;13;0;0;0
5;52;4528997;M001;14.1254058046507;01;01;1;3;1;11;0;0;0
5;52;4841206;M001;8.9257940014781;01;01;1;4;1;05;0;0;0
5;52;6866336;M001;9.6238653132351;01;01;1;2;1;13;0;0;0
5;52;175286;M001;9.060338261937;01;01;1;2;2;09;0;0;0
5;52;3973423;M001;8.3349744711765;01;01;1;2;1;13;0;0;0
5;52;5602642;M001;19.7642301554332;01;01;1;1;1;11;0;0;0
5;52;3976083;M001;11.7737012101572;01;01;1;1;1;17;0;0;0
5;52;3976083;M002;11.7737012101572;01;01;1;3;2;17;0;0;0
5;52;5903988;M001;12.4504620549036;01;01;1;2;1;11;0;0;0
5;52;634167;M001;10.2541308790915;01;01;1;3;2;16;0;0;0
5;52;3687684;M001;10.8080575016513;01;01;1;1;2;14;0;0;0
5;52;5291855;M001;8.5645241518541;01;01;1;1;1;15;0;0;0
5;52;2375960;M001;6.0140362230654;01;01;1;3;2;17;0;0;0
5;52;7478680;M001;9.961008297527;01;01;1;4;2;17;0;0;0
5;52;900005;M001;9.5737460723295;01;01;1;2;1;17;0;0;0
5;52;4095762;M001;14.471927676568;01;01;1;3;1;17;0;0;0
5;52;6272716;M001;8.6169735999803;01;01;1;2;1;17;0;0;0
5;52;2043745;M001;12.3348983909204;01;01;1;3;1;12;0;0;0
5;52;3329795;M001;11.4640215944804;01;01;1;1;2;11;0;0;0
5;52;4329249;M001;11.1147873388678;01;01;1;1;1;17;0;0;0
5;52;6180034;M001;10.5052163817045;01;01;1;3;1;13;0;0;0
5;52;4740342;M001;10.2254952006948;01;01;1;2;1;12;0;0;0
5;52;6904423;M001;15.2696400077431;01;01;1;2;2;06;0;0;0
5;52;170685;M001;8.685051434243;01;01;1;2;1;09;0;0;0
5;52;170685;M002;8.685051434243;01;01;1;1;1;17;0;0;0
5;52;355902;M001;10.2343061110999;01;01;1;2;1;17;0;0;0
5;52;7739357;M001;6.3725464342452;01;01;1;1;1;17;0;0;0
5;52;3625854;M001;9.6518048438998;01;01;1;1;1;14;0;0;0
5;52;687531;M001;6.1701985474086;01;01;1;1;1;15;0;0;0
5;52;7038140;M001;10.3972425706593;08;01;2;3;1;17;0;0;0
5;52;7368120;M001;8.4570275799885;08;01;2;1;1;17;0;0;0
5;52;3525113;M001;11.4920407288082;08;01;2;4;1;14;0;0;0
5;52;1576935;M001;9.0603418927277;08;01;2;3;2;17;0;0;0
5;52;3266253;M001;10.5052163817045;01;01;1;4;2;13;0;0;0
5;52;5419026;M001;11.7243582960312;01;01;1;3;2;17;0;0;0
5;52;547935;M001;10.1559821260919;01;01;1;3;1;15;0;0;0
5;52;6076274;M001;6.7847896046663;01;01;1;3;1;06;0;0;0
5;52;6927569;M001;11.0258897848061;01;01;1;2;1;09;0;0;0
5;52;374204;M001;9.0199210204725;01;01;1;4;2;15;0;0;1
5;52;2383504;M001;10.3380253243828;01;01;1;4;2;12;0;0;0
5;52;828799;M001;10.2640213603601;01;01;1;3;2;17;0;0;0
5;52;493538;M001;11.1329221914316;01;01;1;3;2;01;0;0;0
5;52;6695411;M001;9.6908554318216;01;01;1;4;1;14;0;0;0
5;52;5292439;M001;10.2448796801537;01;01;1;3;2;15;0;0;0
5;52;1156992;M001;10.2448796801537;01;01;1;1;2;17;0;0;0
5;52;4747596;M001;6.5352464104412;01;01;1;2;2;10;0;0;0
5;52;6994464;M001;9.5302858878101;01;01;1;2;1;05;0;0;0
5;52;609770;M001;11.5867690300001;01;01;1;3;1;13;0;0;0
5;52;360462;M001;12.2565485097294;01;01;1;4;2;08;0;0;0
5;52;5807507;M001;20.4908618912747;01;01;1;2;2;14;0;0;0
5;52;1026318;M001;10.2448796801537;01;01;1;2;2;13;0;0;0
5;52;3976938;M001;10.5052163817045;01;01;1;3;1;08;0;0;0
5;52;5374768;M001;12.6576901572933;01;01;1;3;1;09;0;0;0
5;52;542998;M001;6.4050859938251;01;01;1;2;2;17;0;0;0
5;52;4681563;M001;11.7528768639723;02;01;1;3;1;13;0;0;0
5;52;4681563;M002;11.7528768639723;02;01;1;3;2;11;0;0;0
5;52;4014900;M001;11.2644221395899;01;01;1;2;2;13;0;0;0
5;52;2690247;M001;8.5552032331554;01;01;1;2;1;17;0;0;0
5;52;5163297;M001;10.3452708417007;01;01;1;3;1;15;0;0;0
5;52;962641;M001;9.0425637631182;02;01;1;4;1;08;0;0;0
5;52;4440873;M001;8.1242722940843;02;01;1;1;2;17;0;0;0
5;52;4886813;M001;9.7105656351462;01;01;1;3;1;13;0;0;0
5;52;6259785;M001;9.2842262984305;01;01;1;1;2;17;0;0;0
5;52;7467299;M001;10.0012745566821;01;01;1;3;1;01;0;0;0
5;52;2223199;M001;13.5593396592565;01;01;1;1;1;17;0;0;0
5;52;3569237;M001;7.4979552585883;01;01;1;1;1;16;0;0;0
5;52;3072803;M001;10.0585630228061;01;01;1;1;1;07;0;0;0
5;52;2935063;M001;9.540056620288;01;01;1;4;1;13;0;0;0
5;52;1972578;M001;5.7608439717149;01;01;1;2;1;17;0;0;0
5;52;155588;M001;10.5052163817045;01;01;1;3;1;15;0;0;0
5;52;2357134;M001;13.0179367565854;01;01;1;4;1;08;0;0;0
5;52;2931654;M001;14.4319462723066;01;01;1;4;1;10;0;0;0
5;52;3908172;M001;10.0440597193326;01;01;1;4;2;02;0;0;0
5;52;3240233;M001;19.4036357169951;01;01;1;3;2;17;0;0;0
5;52;4715308;M001;16.8682014090482;01;01;1;1;2;17;0;0;0
5;52;3810859;M001;23.633251648472;01;01;1;1;2;17;0;0;0
5;52;5174478;M001;19.9506873731555;01;01;1;2;2;16;0;0;0
5;52;990550;M001;10.9763800199074;01;01;1;2;2;17;0;0;0
5;52;4601472;M001;14.985893426825;01;01;1;3;2;17;0;0;0
5;52;4601472;M002;14.985893426825;01;01;1;1;2;17;0;0;0
5;52;5566884;M001;15.2130666976466;01;01;1;1;2;11;0;0;0
5;52;5260762;M001;23.960200780073;01;01;1;3;1;17;0;0;0
5;52;474743;M001;14.6306762822988;01;01;1;3;2;17;0;0;0
5;52;3662186;M001;22.4968740644124;01;01;1;1;1;16;0;0;0
5;52;4157804;M001;22.4531645810985;01;01;1;1;1;05;0;0;0
5;52;4157804;M002;22.4531645810985;01;01;1;2;1;07;0;0;0
5;52;3494273;M001;22.0344285800182;01;01;1;2;2;15;0;0;0
5;52;4964731;M001;21.6938641881163;01;01;1;2;1;12;0;0;0
5;52;4225678;M001;22.7203522822166;01;01;1;3;2;17;0;0;0
5;52;3618591;M001;21.0613389039939;01;01;1;1;1;17;0;0;0
5;52;7124735;M001;19.2553382987592;01;01;1;3;2;17;0;0;0
5;52;1998094;M001;21.0272481280409;01;01;1;2;1;15;0;0;0
5;52;5780913;M001;13.3220660984242;01;01;1;2;1;17;0;0;0
5;52;3381954;M001;12.5473675374679;01;01;1;3;2;17;0;0;0
5;52;1618556;M001;24.8383914559375;01;01;1;4;1;16;0;0;0
5;52;7735542;M001;18.5046709206408;01;01;1;4;2;15;0;0;0
5;52;4811691;M001;18.9013752851045;01;01;1;2;1;13;0;0;1
5;52;6479539;M001;23.7092958986578;01;01;1;4;1;09;0;0;0
5;52;2963569;M001;21.0143545440311;01;01;1;4;1;17;0;0;0
5;52;5889149;M001;20.6595417248401;01;01;1;2;1;10;0;0;0
5;52;2348128;M001;20.7914827754951;01;01;1;4;2;17;0;0;0
5;52;3486544;M001;20.8574533008227;01;01;1;1;2;17;0;0;0
5;52;5365320;M001;21.0143545440311;01;01;1;2;1;17;0;0;0
5;52;624562;M001;20.7914827754951;01;01;1;2;2;17;0;0;0
5;52;6719380;M001;20.7914827754951;01;01;1;3;2;17;0;0;0
5;52;1469547;M001;20.5935711995125;01;01;1;4;1;17;0;0;0
5;52;1982685;M001;20.9483840187035;01;01;1;1;1;17;0;0;0
5;52;1749719;M001;20.5935711995125;01;01;1;2;1;15;0;0;0
5;52;5752877;M001;20.7914827754951;01;01;1;3;2;17;0;0;0
5;52;6159449;M001;20.7255122501676;01;01;1;1;1;17;0;0;0
5;52;900753;M001;20.7255122501676;01;01;1;1;2;15;0;0;0
5;52;4212136;M001;20.7914827754951;01;01;1;3;1;15;0;0;0
5;52;5692874;M001;20.5686110069592;01;01;1;2;2;17;0;0;0
5;52;272361;M001;20.5686110069592;01;01;1;2;2;17;0;0;0
5;52;4987750;M001;20.5686110069592;01;01;1;3;2;08;0;0;0
5;52;3113051;M001;20.7914827754951;01;01;1;3;2;17;0;0;0
5;52;2822955;M001;21.0143545440311;01;01;1;3;2;09;0;0;0
5;52;5673727;M001;20.3706994309766;01;01;1;4;1;16;0;0;0
5;52;6282463;M001;26.0651751684805;01;01;1;4;2;17;0;0;0
5;52;7121537;M001;13.5399660133735;01;01;1;2;2;17;0;0;0
5;52;3505147;M001;18.3279779969482;01;01;1;1;2;16;0;0;0
5;52;4065763;M001;20.1785333400644;01;01;1;4;2;17;0;0;0
5;52;803409;M001;16.5150143971597;01;01;1;2;1;17;0;0;0
5;52;5864436;M001;19.2766312357073;01;01;1;1;1;17;0;0;0
5;52;5085776;M001;16.3930530313627;01;01;1;1;2;17;0;0;0
5;52;261330;M001;11.0909654278965;01;01;1;3;1;08;0;0;0
5;52;1816934;M001;16.3568081653651;01;01;1;3;2;17;0;0;0
5;52;6243976;M001;13.2574506042288;01;01;1;2;1;17;0;0;0
5;52;3528491;M001;15.1457022767556;01;01;1;4;1;17;0;0;0
5;52;6335098;M001;28.4948369254507;01;01;1;2;1;14;0;0;0
5;52;3523087;M001;18.2523959628615;01;01;1;2;2;14;0;0;0
5;52;3523087;M002;18.2523959628615;01;01;1;2;2;09;0;0;0
5;52;341322;M001;23.8202831229362;01;01;1;2;1;17;0;0;0
5;52;2166078;M001;24.7621718363096;01;01;1;1;2;17;0;0;0
5;52;7697642;M001;23.8202831229362;01;01;1;3;1;17;0;0;0
5;52;1971984;M001;16.5150143971597;01;01;1;3;1;17;0;0;0
5;52;4644720;M001;16.3930530313627;01;01;1;3;1;16;0;0;0
5;52;5225558;M001;21.2580157002122;01;01;1;1;1;16;0;0;0
5;52;5225558;M002;21.2580157002122;01;01;1;1;2;16;0;0;0
5;52;2712592;M001;16.3930530313627;01;01;1;3;1;07;0;0;0
5;52;3926458;M001;19.1546698699103;01;01;1;3;1;15;0;0;0
5;52;1552861;M001;30.8479795476976;01;01;1;2;2;17;0;0;0
5;52;5049822;M001;23.9058172144496;01;01;1;1;1;17;0;0;0
5;52;7587259;M001;19.1426233047389;01;01;1;2;1;14;0;0;0
5;52;7587259;M002;19.1426233047389;01;01;1;3;2;17;0;0;0
5;52;610290;M001;19.1426233047389;01;01;1;1;2;17;0;0;0
5;52;5840124;M001;25.9589769921456;01;01;1;3;2;17;0;0;0
5;52;5840124;M002;25.9589769921456;01;01;1;4;2;17;0;0;0
5;52;1901654;M001;21.9042401432865;01;01;1;3;1;15;0;0;0
5;52;6090184;M001;11.4970877297363;01;01;1;4;1;17;0;0;0
5;52;6563105;M001;16.3930530313627;01;01;1;4;1;16;0;0;0
5;52;6444123;M001;15.5430850529686;01;01;1;3;1;15;0;0;0
5;52;1079285;M001;25.1734368091767;01;01;1;1;1;16;0;0;0
5;52;2462119;M001;21.390103896156;01;01;1;4;2;17;0;0;0
5;52;6204371;M001;19.5822874303602;01;01;1;4;2;17;0;0;0
5;52;6996199;M001;23.5627482267231;01;01;1;3;1;11;0;0;0
5;52;6307691;M001;18.1785337472591;01;01;1;4;2;17;0;0;0
5;52;4986055;M001;18.4528289877927;01;01;1;4;1;13;0;0;0
5;52;2341342;M001;22.5735205914686;01;01;1;3;2;17;0;0;0
5;52;36852;M001;18.4529776368584;01;01;1;4;1;11;0;0;0
5;52;3188192;M001;23.4379977257438;01;01;1;1;1;11;0;0;0
5;52;3188192;M002;23.4379977257438;01;01;1;3;2;17;0;0;0
5;52;5921871;M001;15.1405835288888;01;01;1;1;1;06;0;0;0
5;52;5134291;M001;16.0444790310383;01;01;1;1;1;17;0;0;0
5;52;3004239;M001;18.1016940749744;01;01;1;3;2;15;0;0;0
5;52;637015;M001;23.4379977257438;01;01;1;4;1;17;0;0;0
5;52;4187899;M001;12.7216011768079;01;01;1;1;1;08;0;0;0
5;52;6165244;M001;18.8939595452741;01;01;1;4;1;16;0;0;0
5;52;3455727;M001;14.6895134522785;01;01;1;4;2;11;0;0;0
5;52;2619499;M001;7.1556842052023;01;01;1;2;2;09;0;0;0
5;52;3724264;M001;21.5016079886852;01;01;1;3;1;09;0;0;0
5;52;1680513;M001;21.6510180584583;01;01;1;3;1;17;0;0;0
5;52;3100321;M001;19.6132189017953;01;01;1;3;1;15;0;0;0
5;52;4499665;M001;3.8744094488189;01;01;1;2;1;16;0;0;0
5;52;2258708;M001;10.270820838055;01;01;1;3;1;13;0;0;0
5;52;3722110;M001;19.6701121624575;01;01;1;3;2;17;0;0;0
5;52;3722110;M002;19.6701121624575;01;01;1;3;2;16;0;0;0
5;52;5094384;M001;15.019950578607;01;01;1;4;2;17;0;0;0
5;52;1993950;M001;19.4446040006715;01;01;1;3;2;03;0;0;0
5;52;5353779;M001;8.3094986322926;01;01;1;4;2;15;0;0;0
5;52;5863657;M001;22.5480783237325;01;01;1;3;2;14;0;0;0
5;52;1213646;M001;17.644696681922;01;01;1;4;1;14;0;0;0
5;52;1759460;M001;31.301360433655;01;01;1;3;1;14;0;0;0
5;52;5830444;M001;14.644970189055;01;01;1;3;2;14;0;0;0
5;52;1884107;M001;15.8523324955263;01;01;1;4;2;17;0;0;0
5;52;2415036;M001;30.1927013560806;01;01;1;3;1;10;0;0;0
5;52;7328092;M001;22.7443889972865;01;01;1;4;1;11;0;0;0
5;52;7385893;M001;11.4399797436453;01;01;1;3;1;14;0;0;0
5;52;3137427;M001;20.902147449982;01;01;1;2;2;15;0;0;0
5;52;266890;M001;24.2031002170923;01;01;1;2;1;14;0;0;0
5;52;2326283;M001;22.3102958515433;01;01;1;2;2;15;0;0;0
5;52;1712157;M001;19.6532138837876;01;01;1;1;1;15;0;0;0
5;52;5806973;M001;20.9472952929348;01;01;1;2;2;16;0;0;0
5;52;144724;M001;8.1262903305033;01;01;1;3;1;17;0;0;0
5;52;148381;M001;14.8953713504592;01;01;1;2;1;16;0;0;0
5;52;2706922;M001;27.5136564171034;01;01;1;1;1;17;0;0;0
5;52;5681230;M001;25.3282553076997;01;01;1;2;2;09;0;0;0
5;52;5950812;M001;19.3046399319597;01;01;1;4;1;04;0;0;0
5;52;401315;M001;19.2006683385712;01;01;1;1;2;15;0;0;0
5;52;4075138;M001;22.7318846407564;01;01;1;3;1;17;0;0;0
5;52;6319035;M001;18.7847367987773;01;01;1;3;1;15;0;0;0
5;52;2384528;M001;15.2880497881098;01;01;1;2;2;17;0;0;0
5;52;3987597;M002;14.9333766184638;01;01;1;3;1;13;0;0;0
5;52;3423557;M001;26.3002195887818;01;01;1;3;2;17;0;0;0
5;52;5955597;M001;13.7697173898088;01;01;1;4;1;06;0;0;0
5;52;1366407;M001;24.3471958086775;01;01;1;1;1;16;0;0;0
5;52;976871;M001;23.6887568929701;01;01;1;4;1;14;0;0;0
5;52;6660314;M001;22.4055606223824;01;01;1;3;2;01;0;0;0
5;52;2442026;M001;22.1860759509908;01;01;1;3;1;15;0;0;0
5;52;7561848;M001;20.5717552864638;01;01;1;3;2;15;0;0;0
5;52;416939;M001;18.7847367987773;01;01;1;1;1;17;0;0;0
5;52;756005;M001;25.2652222957425;01;01;1;4;1;13;0;0;0
5;52;4269421;M001;19.9074647711057;01;01;1;4;2;08;0;0;0
5;52;7644239;M001;13.8728084091506;01;01;1;1;1;16;0;0;0
5;52;2861173;M001;17.7859642707888;01;01;1;3;2;17;0;0;0
5;52;333262;M001;22.0428593416933;01;01;1;1;2;16;0;0;0
5;52;1816841;M001;28.2504868010348;01;01;1;3;2;10;0;0;0
5;52;2793513;M001;24.0224816480044;01;01;1;2;1;15;0;0;0
5;52;1315016;M001;15.5743392594969;01;01;1;3;2;07;0;0;0
5;52;3940941;M001;29.2819145455007;01;01;1;3;1;12;0;0;0
5;52;2825488;M001;17.9603594457847;01;01;1;4;2;08;0;0;0
5;52;5165606;M001;23.6721131001717;01;01;1;1;1;15;0;0;0
5;52;6635224;M001;16.7248633438813;01;01;1;3;2;15;0;0;0
5;52;6448015;M001;18.1682506861132;01;01;1;1;1;06;0;0;0
5;52;6582051;M001;16.4073256176799;01;01;1;1;2;17;0;0;0
5;52;3610293;M001;19.9978694750063;01;01;1;3;2;14;0;0;0
5;52;536791;M001;23.1099040240796;01;01;1;2;1;17;0;0;0
5;52;3093193;M001;24.2888564426521;01;01;1;3;2;17;0;0;0
5;52;2534542;M001;20.4383077949448;01;01;1;1;2;17;0;0;0
5;52;5588292;M001;19.0423676655844;01;01;1;2;2;17;0;0;0
5;52;5798156;M001;23.815468787476;01;01;1;1;2;12;0;0;0
5;52;3882892;M001;15.1422238462164;01;01;1;4;1;10;0;0;0
5;52;2538720;M001;15.7076467305063;01;01;1;1;1;09;0;0;0
5;52;2538720;M002;15.7076467305063;01;01;1;1;2;15;0;0;0
5;52;2538720;M003;15.7076467305063;01;01;1;1;1;13;0;0;0
5;52;583650;M001;16.0564246420758;01;01;1;2;2;10;0;0;0
5;52;7343678;M001;20.4567873993053;01;01;1;1;2;16;0;0;0
5;52;6875757;M001;29.7340943632242;01;01;1;2;1;17;0;0;0
5;52;6875757;M002;29.7340943632242;01;01;1;3;1;01;0;0;0
5;52;6068768;M001;16.8324783551939;01;01;1;2;1;15;0;0;0
5;52;1831766;M001;18.1897137439544;01;01;1;1;2;17;0;0;0
5;52;4067158;M001;16.0514844175361;01;01;1;1;2;11;0;0;0
5;52;1400628;M001;32.7803979602144;01;01;1;2;2;17;0;0;0
5;52;550846;M001;15.4929511750982;01;01;1;3;1;13;0;0;0
5;52;1246545;M001;26.2444923054885;01;01;1;1;1;13;0;0;0
5;52;5798818;M001;19.5948958735932;01;01;1;4;2;15;0;0;0
5;52;5831077;M001;22.5351049395878;01;01;1;1;2;15;0;0;0
5;52;2634141;M001;18.6359437470311;01;01;1;3;1;13;0;0;0
5;52;3592600;M001;21.0514086912399;01;01;1;4;2;17;0;0;0
5;52;2120691;M001;21.4666269591569;01;01;1;2;2;15;0;0;0
5;52;4599392;M001;17.598860331;01;01;1;4;1;16;0;0;0
5;52;7599681;M001;22.044592977959;01;01;1;1;2;11;0;0;0
5;52;213475;M001;20.5437720536724;01;01;1;3;2;17;0;0;0
5;52;7020404;M001;24.9748033136599;01;01;1;1;1;13;0;0;0
5;52;6479157;M001;15.6589052410049;01;01;1;3;2;05;0;0;0
5;52;888815;M001;24.9628048402468;01;01;1;2;1;16;0;0;0
5;52;1782643;M001;16.1205494746528;01;01;1;3;1;15;0;0;0
5;52;4587705;M001;23.1784838343351;01;01;1;3;1;13;0;0;0
5;52;7235594;M001;21.3791122282068;01;01;1;1;2;10;0;0;0
5;52;6720615;M001;21.3791122282068;01;01;1;1;2;13;0;0;0
5;52;1722607;M001;20.4397229871118;01;01;1;2;1;15;0;0;0
5;52;3575648;M001;22.3185014693018;01;01;1;2;2;15;0;0;0
5;52;5646943;M001;20.5027015296657;01;01;1;1;1;14;0;0;0
5;52;5161972;M001;21.3791122282068;01;01;1;3;1;07;0;0;0
5;52;4354677;M001;21.4420907707607;01;01;1;4;2;17;0;0;0
5;52;3126497;M001;23.4031692905737;01;01;1;2;1;17;0;0;0
5;52;1894522;M001;27.0450106598106;01;01;1;2;2;17;0;0;0
5;52;2100749;M001;21.4504045788826;01;01;1;2;1;14;0;0;0
5;52;5928372;M001;29.7313222490916;01;01;1;2;2;17;0;0;0
5;52;4783556;M001;15.9192624915576;01;01;1;4;2;17;0;0;0
5;52;5594508;M001;22.1925443841938;01;01;1;3;1;17;0;0;0
5;52;4226307;M001;21.3791122282068;01;01;1;2;1;13;0;0;0
5;52;4565887;M001;21.4420907707607;01;01;1;3;2;14;0;0;0
5;52;1801671;M001;26.4094408218625;01;01;1;3;2;09;0;0;0
5;52;5552380;M001;21.1850537814248;01;01;1;3;1;16;0;0;0
5;52;851669;M001;21.1850537814248;01;01;1;3;1;17;0;0;0
5;52;4271866;M001;20.5027015296657;01;01;1;1;1;17;0;0;0
5;52;4271866;M002;20.5027015296657;01;01;1;2;2;17;0;0;0
5;52;5182049;M001;21.4420907707607;01;01;1;3;1;13;0;0;0
5;52;7231551;M001;21.4420907707607;01;01;1;2;2;17;0;0;0
5;52;209164;M001;21.5225569366734;01;01;1;3;1;15;0;0;0
5;52;5515099;M001;21.5225569366734;01;01;1;1;1;16;0;0;0
5;52;2580881;M001;21.3791122282068;01;01;1;3;1;01;0;0;0
5;52;1551721;M001;20.5027015296657;01;01;1;2;1;17;0;0;0
5;52;399725;M001;20.4397229871118;01;01;1;3;1;17;0;0;0
5;52;4186148;M001;21.4420907707607;01;01;1;3;2;16;0;0;0
5;52;97675;M001;19.4753565019525;01;01;1;2;1;15;0;0;0
5;52;6796644;M001;24.926035432857;01;01;1;4;1;17;0;0;0
5;52;4865074;M001;24.926035432857;01;01;1;3;1;12;0;0;0
5;52;2437436;M001;18.3902657239828;01;01;1;3;2;01;0;0;0
5;52;483598;M001;20.4274096938684;01;01;1;2;1;16;0;0;0
5;52;7720382;M001;29.3672480580843;01;01;1;4;1;11;0;0;0
5;52;4940981;M001;23.0811310167601;01;01;1;3;2;15;0;0;0
5;52;520711;M001;24.8286852868135;01;01;1;4;1;06;0;0;0
5;52;4500909;M001;27.3690209421598;01;01;1;4;1;05;0;0;0
5;52;1479096;M001;16.584988628516;01;01;1;1;1;12;0;0;0
5;52;4768004;M001;22.6308377976304;01;01;1;3;2;13;0;0;0
5;52;5574213;M001;13.9142894912611;01;01;1;2;1;10;0;0;0
5;52;3296572;M001;8.7661265712742;01;01;1;2;2;17;0;0;0
5;52;3128584;M001;18.5637697330562;01;01;1;3;2;17;0;0;0
5;52;3690365;M001;27.6809561825443;01;01;1;1;1;17;0;0;0
5;52;6934782;M001;31.4814149019757;01;01;1;3;2;17;0;0;0
5;52;3466336;M001;22.3754842073781;01;01;1;4;2;17;0;0;0
5;52;2412205;M001;17.867840440356;01;01;1;4;2;16;0;0;0
5;52;6558317;M001;15.8160276956342;01;01;1;2;2;15;0;0;0
5;52;5725530;M001;19.8157828583725;01;01;1;2;1;09;0;0;0
5;52;3628345;M001;19.2111335998167;01;01;1;3;2;10;0;0;0
5;52;1997808;M001;32.8758202999202;01;01;1;3;2;16;0;0;0
5;52;5463545;M001;20.6993264365108;01;01;1;1;2;10;0;0;0
5;52;5197571;M001;33.4259810816149;01;01;1;3;2;13;0;0;0
5;52;5197571;M002;33.4259810816149;01;01;1;3;1;08;0;0;0
5;52;508597;M001;27.2242130957197;01;01;1;2;2;16;0;0;0
5;52;358274;M001;21.766295163251;01;01;1;3;2;11;0;0;0
5;52;3888018;M001;19.9901543760776;01;01;1;4;2;16;0;0;0
5;52;5276150;M001;20.5180603732779;01;01;1;1;2;11;0;0;0
5;52;5111603;M001;9.4241598877168;01;01;1;2;1;12;0;0;0
5;52;1083292;M001;22.9895972719968;01;01;1;2;2;07;0;0;0
5;52;7005745;M001;25.8494263327647;01;01;1;3;1;11;0;0;0
5;52;2438604;M001;24.4393325073218;01;01;1;1;1;17;0;0;0
5;52;7221777;M001;17.0343961644681;01;01;1;3;1;11;0;0;0
5;52;6115607;M001;9.8669602171325;01;01;1;2;1;07;0;0;0
5;52;5953027;M001;18.8089808224808;01;01;1;1;1;13;0;0;0
5;52;2366964;M001;28.384976788948;01;01;1;1;1;13;0;0;0
5;52;2975990;M001;21.6061928353269;01;01;1;2;1;17;0;0;0
5;52;1419028;M001;24.5089948554803;01;01;1;2;1;17;0;0;0
5;52;1302511;M001;30.8007871861686;01;01;1;4;1;08;0;0;0
5;52;616477;M001;22.8876501390524;01;01;1;2;2;17;0;0;0
5;52;3734835;M001;23.3109727295871;01;01;1;2;1;17;0;0;0
5;52;2224563;M001;12.6861414552695;01;01;1;3;1;12;0;0;0
5;52;398687;M001;15.5352177758879;01;01;1;1;2;17;0;0;0
5;52;5367499;M001;13.7165249844854;01;01;1;4;2;17;0;0;0
5;52;4754282;M001;29.0065947733056;01;01;1;4;1;16;0;0;0
5;52;2102412;M001;12.5848260521346;01;01;1;2;1;17;0;0;0
5;52;5060786;M001;18.5853949785998;01;01;1;3;1;17;0;0;0
5;52;708565;M001;19.5146816960371;01;01;1;3;2;17;0;0;0
5;52;493262;M001;17.919274415801;01;01;1;2;2;13;0;0;0
5;52;3980251;M001;33.949910823332;01;01;1;4;2;17;0;0;0
5;52;6360818;M001;24.133066458945;01;01;1;3;2;17;0;0;0
5;52;7198383;M001;19.1258971489326;01;01;1;4;1;15;0;0;0
5;52;263112;M001;24.4447276068171;01;01;1;2;1;16;0;0;0
5;52;1201186;M001;17.9529702190979;01;01;1;2;1;14;0;0;0
5;52;4446770;M001;12.6861414552695;01;01;1;1;2;16;0;0;0
5;52;7531783;M001;19.7279428418518;01;01;1;1;1;17;0;0;0
5;52;4746619;M001;31.8730502059587;01;01;1;3;2;14;0;0;0
5;52;5446011;M001;14.5006293810428;01;01;1;3;1;03;0;0;0
5;52;518550;M001;20.2520048032604;01;01;1;1;2;17;0;0;0
5;52;1738377;M002;13.6704459041016;01;01;1;3;2;13;0;0;0
5;52;6358909;M001;22.2839314065993;01;01;1;3;2;17;0;0;0
5;52;5785138;M001;21.9369269402572;01;01;1;1;2;13;0;0;0
5;52;4003112;M001;8.2727134077248;01;01;1;3;2;14;0;0;0
5;52;242276;M001;23.8269246975552;01;01;1;3;1;10;0;0;0
5;52;327335;M001;21.6489114650204;01;01;1;3;1;10;0;0;0
5;52;5126926;M001;20.4167207313286;01;01;1;3;1;13;0;0;0
5;52;3865308;M001;29.2800845420778;01;01;1;3;1;11;0;0;0
5;52;5091083;M001;13.857805606628;01;01;1;3;1;15;0;0;0
5;52;1439616;M001;19.0495101905574;01;01;1;3;2;01;0;0;1
5;52;5650237;M001;31.2023920220191;01;01;1;3;1;17;0;0;0
5;52;5120187;M001;19.1258971489326;01;01;1;4;2;17;0;0;0
5;52;5997358;M001;16.2484738016095;01;01;1;2;2;13;0;0;0
5;52;6173401;M001;13.9555753409441;01;01;1;2;2;12;0;0;0
5;52;6203444;M001;12.6861414552695;01;01;1;3;2;10;0;0;0
5;52;5401160;M001;20.376279379488;01;01;1;2;2;13;0;0;0
5;52;1150760;M001;25.1363467434558;01;01;1;2;2;15;0;0;0
5;52;6015398;M001;18.7189076000589;01;01;1;3;2;17;0;0;0
5;52;3384904;M001;22.0550240725388;01;01;1;4;2;14;0;0;0
5;52;4075599;M001;17.3830155648183;01;01;1;3;1;17;0;0;0
5;52;6435338;M001;20.0493425182081;01;01;1;4;1;17;0;0;0
5;52;646847;M001;20.9574678874506;01;01;1;3;2;17;0;0;0
5;52;1366732;M001;18.8123386822127;01;01;1;2;1;17;0;0;0
5;52;4341632;M001;21.1377272756449;01;01;1;4;2;05;0;0;0
5;52;2329238;M001;8.4750844948156;01;01;1;1;1;09;0;0;0
5;52;5669505;M001;21.7908680209742;01;01;1;2;2;14;0;0;0
5;52;7602677;M001;26.3215072566209;01;01;1;3;2;10;0;0;0
5;52;7774982;M001;23.0468766505472;01;01;1;1;1;11;0;0;0
5;52;989049;M001;18.7603271936227;01;01;1;4;2;14;0;0;0
5;52;299984;M001;19.5172033589965;01;01;1;2;2;17;0;0;0
5;52;4512777;M001;17.7978850762023;01;01;1;4;1;17;0;0;0
5;52;4932568;M001;32.2150119498859;01;01;1;3;2;16;0;0;0
5;52;600640;M001;13.0401219084977;01;01;1;3;1;15;0;0;0
5;52;4944949;M001;23.0504160267341;01;01;1;3;2;17;0;0;0
5;52;958860;M001;23.262667539337;01;01;1;3;1;15;0;0;0
5;52;5249733;M001;27.9228870540521;01;01;1;4;1;15;0;0;0
5;52;7565076;M001;20.5448938623796;01;01;1;3;2;10;0;0;0
5;52;2593016;M001;20.7957453719551;01;01;1;2;1;12;0;0;0
5;52;5254215;M001;20.9574678874506;01;01;1;4;2;15;0;0;0
5;52;6743756;M001;27.2296326258634;01;01;1;1;2;14;0;0;0
5;52;4662930;M001;18.3521266338539;01;01;1;1;1;17;0;0;0
5;52;7151769;M001;30.894928693394;01;01;1;4;1;14;0;0;0
5;52;2417994;M001;23.8092537012722;01;01;1;3;1;09;0;0;0
5;52;7534900;M001;27.468522392357;01;01;1;1;1;13;0;0;0
5;52;1954164;M001;26.0164564271899;01;01;1;2;1;13;0;0;0
5;52;7596113;M001;23.8774115074735;01;01;1;4;1;15;0;0;0
5;52;1979754;M001;26.2645056056558;01;01;1;1;1;17;0;0;0
5;52;287574;M001;22.1808265708844;01;01;1;2;1;15;0;0;0
5;52;6108321;M001;21.5450846490915;01;01;1;1;2;16;0;0;0
5;52;6450547;M001;23.9262619596517;01;01;1;4;1;16;0;0;0
5;52;828605;M001;23.9262619596517;01;01;1;1;1;17;0;0;0
5;52;1095234;M001;29.7308887499912;01;01;1;1;1;07;0;0;0
5;52;1417982;M001;20.4066897771034;01;01;1;4;1;14;0;0;0
5;52;1500747;M001;28.3977245649062;01;01;1;1;2;17;0;0;0
5;52;3828299;M001;25.8995984978982;01;01;1;3;1;16;0;0;0
5;52;2158949;M001;26.6522891761389;01;01;1;3;2;16;0;0;0
5;52;4237627;M001;23.2620563955385;01;01;1;3;2;16;0;0;0
5;52;119737;M001;26.8169825624843;01;01;1;4;1;17;0;0;0
5;52;6340313;M001;25.8995984978982;01;01;1;1;1;16;0;0;0
5;52;1405818;M001;32.2343955586586;01;01;1;3;1;09;0;0;0
5;52;2066149;M001;32.6931295077378;01;01;1;4;2;17;0;0;0
5;52;4404581;M001;27.7218480109861;01;01;1;2;2;11;0;0;0
5;52;2939859;M001;27.8065777251231;01;01;1;1;2;15;0;0;0
5;52;4266358;M001;31.4163887849072;01;01;1;4;1;10;0;0;0
5;52;7056623;M001;27.6526887953554;01;01;1;4;2;10;0;0;0
5;52;1690282;M001;24.5335481229354;01;01;1;2;2;11;0;0;0
5;52;6147393;M001;20.4077994100079;01;01;1;1;1;17;0;0;0
5;52;6147393;M002;20.4077994100079;01;01;1;1;2;17;0;0;0
5;52;5079211;M001;27.912647377716;01;01;1;2;2;17;0;0;0
5;52;6717109;M001;21.4796179074701;01;01;1;4;1;17;0;0;0
5;52;903940;M001;16.9223020633837;01;01;1;3;2;17;0;0;0
5;52;1679723;M001;20.8352400363931;01;01;1;3;2;16;0;0;0
5;52;7420178;M001;22.010237773005;01;01;1;2;2;17;0;0;0
5;52;2187095;M001;21.957385897028;01;01;1;2;1;16;0;0;0
5;52;6107250;M001;20.8880919123701;01;01;1;4;2;17;0;0;0
5;52;5526182;M001;20.3767444445578;01;01;1;4;1;14;0;0;0
5;52;6131905;M001;20.5027015296657;01;01;1;2;1;16;0;0;0
5;52;4751578;M001;21.9838118350165;01;01;1;2;2;15;0;0;0
5;52;3162202;M001;20.8616659743816;01;01;1;4;1;17;0;0;0
5;52;4126535;M001;20.8880919123701;01;01;1;3;1;15;0;0;0
5;52;5755873;M001;19.7659460517352;01;01;1;4;1;15;0;0;0
5;52;4633813;M001;21.957385897028;01;01;1;4;2;17;0;0;0
5;52;855849;M001;19.8452238657007;01;01;1;1;1;16;0;0;0
5;52;7520421;M001;20.8880919123701;01;01;1;3;1;03;0;0;0
5;52;7620119;M001;20.8352400363931;01;01;1;3;1;15;0;0;0
5;52;83923;M001;26.4544000273991;01;01;1;3;1;17;0;0;0
5;52;4421116;M001;20.8352400363931;01;01;1;4;2;17;0;0;0
5;52;6561686;M001;23.0795317576629;01;01;1;1;1;14;0;0;0
5;52;7042818;M001;25.7443399507326;01;01;1;4;1;17;0;0;0
5;52;7414324;M001;13.7381016204674;01;01;1;4;1;05;0;0;0
5;52;4262668;M001;20.8352400363931;01;01;1;1;2;17;0;0;0
5;52;1367055;M001;22.010237773005;01;01;1;1;2;16;0;0;0
5;52;7080895;M001;20.8616659743816;01;01;1;4;1;15;0;0;0
5;52;7149846;M001;21.3228163461513;01;01;1;3;2;14;0;0;0
5;52;7149846;M002;21.3228163461513;01;01;1;1;1;10;0;0;0
5;52;1632404;M001;23.8593061013876;01;01;1;2;2;14;0;0;0
5;52;1632404;M002;23.8593061013876;01;01;1;3;1;12;0;0;0
5;52;6924941;M001;23.0531058196744;01;01;1;3;1;14;0;0;0
5;52;2665822;M001;20.8352400363931;01;01;1;2;1;17;0;0;0
5;52;1773684;M001;20.9409437883471;01;01;1;3;1;17;0;0;0
5;52;4408299;M001;6.8229546231239;01;01;1;3;1;16;0;0;0
5;52;1294771;M001;19.5575446589275;01;01;1;3;2;16;0;0;0
5;52;31864;M001;29.9380167239374;01;01;1;2;1;13;0;0;0
5;52;6986318;M001;30.7696664208813;01;01;1;4;1;17;0;0;0
5;52;3305958;M001;15.9282512804722;01;01;1;2;2;17;0;0;0
5;52;1825248;M001;20.8352400363931;01;01;1;3;2;13;0;0;0
5;52;4232012;M001;20.8352400363931;01;01;1;2;2;16;0;0;0
5;52;4691766;M001;21.9309599590395;01;01;1;3;2;17;0;0;0
5;52;286504;M001;20.8616659743816;01;01;1;4;2;16;0;0;0
5;52;3783507;M001;19.7659460517352;01;01;1;3;2;10;0;0;0
5;52;1635763;M001;19.7659460517352;01;01;1;2;1;15;0;0;0
5;52;1635763;M002;19.7659460517352;01;01;1;3;2;10;0;0;0
5;52;1681529;M001;20.8616659743816;01;01;1;3;2;17;0;0;0
5;52;2348008;M001;20.8616659743816;01;01;1;4;1;17;0;0;0
5;52;953724;M001;26.0164564271899;01;01;1;3;1;10;0;0;0
5;52;7043422;M001;29.598816001967;01;01;1;3;1;15;0;0;0
5;52;3978806;M001;19.7923719897237;01;01;1;3;1;09;0;0;0
5;52;6559112;M001;20.9145178503586;01;01;1;3;1;15;0;0;0
5;52;2156248;M001;28.0795776431792;01;01;1;3;2;13;0;0;0
5;52;5961560;M001;20.851399362483;01;01;1;4;2;13;0;0;0
5;52;5026341;M001;18.0918533090972;01;01;1;1;1;17;0;0;0
5;52;130708;M001;21.7904186705689;01;01;1;1;1;17;0;0;0
5;52;3190610;M001;15.4861950733608;01;01;1;3;2;17;0;0;0
5;52;2231634;M001;25.4087656847817;01;01;1;2;2;13;0;0;0
5;52;3380853;M001;32.2733746671054;01;01;1;2;1;13;0;0;0
5;52;5361496;M001;24.484433292136;01;01;1;1;2;17;0;0;0
5;52;720713;M001;14.1543848788825;01;01;1;4;2;13;0;0;0
5;52;3263981;M001;23.8870084043161;01;01;1;4;1;17;0;0;0
5;52;2733164;M001;14.5619014121646;01;01;1;4;1;17;0;0;0
5;52;405849;M001;16.9714517637182;01;01;1;3;1;17;0;0;0
5;52;6813563;M001;22.3044021573502;01;01;1;3;2;14;0;0;0
5;52;4758415;M001;17.2651941966183;01;01;1;3;2;17;0;0;0
5;52;812558;M001;19.8945507313261;01;01;1;3;1;13;0;0;0
5;52;7302267;M001;24.2647005214281;01;01;1;3;1;01;0;0;0
5;52;984627;M001;28.0795776431792;01;01;1;1;2;17;0;0;0
5;52;624125;M001;27.5759924167105;01;01;1;3;2;17;0;0;0
5;52;4973118;M001;17.9518926397494;01;01;1;3;1;14;0;0;0
5;52;3005572;M001;21.9540443411218;01;01;1;3;1;15;0;0;0
5;52;232754;M001;22.7841319327001;01;01;1;1;1;17;0;0;0
5;52;2674280;M001;18.0114214161895;01;01;1;3;1;16;0;0;0
5;52;2876746;M001;24.1752516803093;01;01;1;2;1;17;0;0;0
5;52;5041524;M001;20.8352400363931;01;01;1;4;1;14;0;0;0
5;52;1272822;M001;20.8880919123701;01;01;1;2;1;13;0;0;0
5;52;7570665;M001;20.8616659743816;01;01;1;2;1;17;0;0;0
5;52;1082124;M001;20.9145178503586;01;01;1;1;2;13;0;0;0
5;52;465404;M001;19.4427047365323;01;01;1;1;2;10;0;0;0
5;52;856643;M001;23.0286048466581;01;01;1;2;1;12;0;0;0
5;52;3571376;M001;12.0318508953708;01;01;1;4;2;11;0;0;0
5;52;7528660;M001;27.5892947549771;01;01;1;3;2;15;0;0;0
5;52;7528660;M002;27.5892947549771;01;01;1;3;1;17;0;0;0
5;52;605147;M001;32.535319266262;01;01;1;2;1;15;0;0;0
5;52;4341136;M001;22.6472401225902;01;01;1;2;2;14;0;0;0
5;52;979927;M001;29.9450708690934;01;01;1;2;1;13;0;0;0
5;52;183710;M001;19.2425672064066;01;01;1;2;1;17;0;0;0
5;52;6978208;M001;19.2299207410323;01;01;1;4;2;13;0;0;0
5;52;1012456;M001;18.2069849460851;01;01;1;1;1;15;0;0;0
5;52;1179848;M001;21.836066031802;01;01;1;1;1;14;0;0;0
5;52;1524531;M001;22.9943738010509;01;01;1;4;2;16;0;0;0
5;52;5178239;M001;13.2230709161648;01;01;1;1;1;05;0;0;0
5;52;4954544;M001;17.5391733225185;01;01;1;1;2;17;0;0;0
5;52;1863884;M001;12.8902606562546;01;01;1;2;2;17;0;0;0
5;52;2134907;M001;21.6908424115338;01;01;1;3;2;12;0;0;0
5;52;6962050;M001;20.8906375301883;01;01;1;3;1;17;0;0;0
5;52;5494242;M001;20.3979574892678;01;01;1;2;1;08;0;0;0
5;52;5847453;M001;20.7233656055192;01;01;1;3;1;16;0;0;0
5;52;4055871;M001;16.6213288095448;01;01;1;2;2;14;0;0;0
5;52;5448219;M001;14.664801108731;01;01;1;4;2;11;0;0;0
5;52;5709251;M001;16.2322682374699;01;01;1;2;1;13;0;0;0
5;52;941693;M001;18.8939595452741;01;01;1;3;2;14;0;0;0
5;52;1652490;M001;17.8173361910367;01;01;1;4;1;17;0;0;0
5;52;6958360;M001;16.8044884054267;01;01;1;2;2;14;0;0;0
5;52;4820666;M001;22.496730276825;01;01;1;3;2;16;0;0;0
5;52;3310943;M001;17.6424783818085;01;01;1;1;2;17;0;0;0
5;52;3310943;M002;17.6424783818085;01;01;1;2;1;17;0;0;0
5;52;3100679;M001;27.0850487304382;01;01;1;4;2;17;0;0;0
5;52;1669701;M001;20.0935459497162;01;01;1;4;1;15;0;0;0
5;52;3814307;M001;14.4616846703563;01;01;1;3;1;13;0;0;0
5;52;3814307;M002;14.4616846703563;01;01;1;3;2;13;0;0;0
5;52;564315;M001;11.8217836167817;01;01;1;4;2;14;0;0;0
5;52;2630407;M001;21.5623230860753;01;01;1;2;2;17;0;0;0
5;52;6296554;M001;34.8451932131016;01;01;1;3;2;17;0;0;0
5;52;4416427;M001;26.4450660532144;01;01;1;2;2;15;0;0;0
5;52;7233289;M001;13.8057845255015;01;01;1;4;1;17;0;0;0
5;52;129711;M001;20.7164475368415;01;01;1;2;2;17;0;0;0
5;52;3716556;M001;20.698806052266;01;01;1;3;1;17;0;0;0
5;52;6045148;M001;22.142481474621;01;01;1;3;2;17;0;0;0
5;52;2976217;M001;23.3581206190107;01;01;1;2;2;13;0;0;0
5;52;4888438;M001;29.7965718513001;01;01;1;3;1;14;0;0;0
5;52;6850800;M001;15.5705632413715;01;01;1;3;1;15;0;0;0
5;52;1127011;M001;29.3393814751286;01;01;1;4;1;12;0;0;0
5;52;6778459;M001;21.7156681602792;01;01;1;3;1;11;0;0;0
5;52;7536696;M001;10.5038007426625;01;01;1;1;2;11;0;0;0
5;52;6094789;M001;15.6449744315341;01;01;1;2;2;01;0;0;0
5;52;3235143;M001;18.7289635933081;01;01;1;4;1;16;0;0;0
5;52;6966633;M001;19.5715363149792;01;01;1;2;2;17;0;0;0
5;52;3104533;M001;18.6380821488821;01;01;1;4;1;15;0;0;0
5;52;4271632;M001;25.6355116043111;01;01;1;3;1;08;0;0;0
5;52;7527410;M001;20.5947211834595;01;01;1;2;2;15;0;0;0
5;52;2275759;M001;19.9443514208226;01;01;1;3;1;09;0;0;0
5;52;4247281;M001;31.1250774887377;01;01;1;3;2;11;0;0;0
5;52;5644142;M001;16.017113004915;01;01;1;3;1;13;0;0;0
5;52;7769245;M001;10.920606819717;01;01;1;4;1;09;0;0;0
5;52;1566912;M001;15.5705632413715;01;01;1;2;1;15;0;0;0
5;52;2271462;M001;33.2113484739587;01;01;1;3;1;05;0;0;0
5;52;6795121;M001;21.5988739518445;01;01;1;2;2;17;0;0;0
5;52;4654329;M001;23.3504597845429;01;01;1;2;1;13;0;0;0
5;52;4623444;M001;17.1888706566188;01;01;1;3;1;17;0;0;0
5;52;1351192;M001;17.1494861756367;01;01;1;3;1;12;0;0;0
5;52;1088060;M001;17.7117095447866;01;01;1;3;1;07;0;0;0
5;52;3722501;M001;22.9232593255727;01;01;1;2;1;14;0;0;0
5;52;6235730;M001;18.813888029203;01;01;1;2;1;10;0;0;0
5;52;4302987;M001;23.4659450276888;01;01;1;1;2;10;0;0;0
5;52;3184693;M001;18.4268766620828;01;01;1;3;1;17;0;0;0
5;52;5191097;M001;20.8953433141097;01;01;1;3;1;13;0;0;0
5;52;786400;M001;12.8526408006195;01;01;1;3;2;01;0;0;0
5;52;7346595;M001;18.0505046945448;01;01;1;4;1;17;0;0;0
5;52;793729;M001;22.7699145919084;01;01;1;3;1;16;0;0;0
5;52;4313306;M001;26.2419324327007;01;01;1;2;1;17;0;0;0
5;52;99441;M001;16.5497482251509;01;01;1;3;2;17;0;0;0
5;52;6217396;M001;22.3684211225013;01;01;1;1;1;04;0;0;0
5;52;6217396;M002;22.3684211225013;01;01;1;1;1;09;0;0;0
5;52;738048;M001;17.4620878112482;01;01;1;1;1;08;0;0;0
5;52;4005102;M001;17.2702250458997;01;01;1;3;1;14;0;0;0
5;52;3015326;M001;14.6525700455349;01;01;1;3;1;08;0;0;0
5;52;629717;M001;17.8477843261625;01;01;1;3;1;17;0;0;0
5;52;834420;M001;26.0621069837227;01;01;1;4;2;14;0;0;0
5;52;7068650;M001;19.244582982376;01;01;1;1;1;12;0;0;0
5;52;6436232;M001;19.6778057779368;01;01;1;1;1;11;0;0;0
5;52;2700288;M001;22.15694581062;01;01;1;1;2;16;0;0;0
5;52;1898363;M001;18.9516258793361;01;01;1;2;1;13;0;0;0
5;52;4681069;M001;21.2325630277962;01;01;1;3;1;11;0;0;0
5;52;1283554;M001;24.5646789784756;01;01;1;3;2;17;0;0;0
5;52;425438;M001;13.3200607153576;01;01;1;2;1;15;0;0;0
5;52;1055907;M001;19.7837685840199;01;01;1;3;2;17;0;0;0
5;52;3309000;M001;14.1895428101993;01;01;1;4;1;15;0;0;0
5;52;5628384;M001;18.9989911120777;01;01;1;3;2;16;0;0;0
5;52;7564993;M001;22.0314823580405;01;01;1;3;2;15;0;0;0
5;52;5983021;M001;18.8656710248519;01;01;1;2;1;15;0;0;0
5;52;1515302;M001;20.4325202654955;01;01;1;4;1;15;0;0;0
5;52;6849267;M001;17.4935591635287;01;01;1;2;1;17;0;0;0
5;52;4480852;M001;17.564828406223;01;01;1;2;1;14;0;0;0
5;52;157414;M001;22.0826542271356;01;01;1;4;2;15;0;0;0
5;52;1911748;M001;14.5290274917872;01;01;1;1;1;14;0;0;0
5;52;1696967;M001;11.5195182817408;01;01;1;3;2;17;0;0;0
5;52;4366387;M001;17.218553066459;01;01;1;1;1;16;0;0;0
5;52;6962878;M001;18.9069302921365;01;01;1;4;1;15;0;0;0
5;52;7268984;M001;23.6458623722937;01;01;1;3;1;14;0;0;0
5;52;2849246;M001;10.0904891388449;01;01;1;4;1;11;0;0;0
5;52;6610709;M001;14.9481790217725;01;01;1;1;1;09;0;0;0
5;52;5901013;M001;21.6135636481308;01;01;1;4;2;16;0;0;0
5;52;2045644;M001;12.9654360624594;01;01;1;2;1;17;0;0;0
5;52;2045644;M002;12.9654360624594;01;01;1;1;1;10;0;0;0
5;52;3737534;M001;20.4557799692354;01;01;1;3;1;05;0;0;0
5;52;1469037;M001;7.9852855341371;01;01;1;4;2;17;0;0;0
5;52;6554190;M001;38.7385453023895;01;01;1;3;2;12;0;0;0
5;52;625398;M001;14.2350572287392;01;01;1;2;1;13;0;0;0
5;52;5450443;M001;14.6543304142287;01;01;1;1;2;16;0;0;0
5;52;1430806;M001;20.3989770960028;01;01;1;1;2;15;0;0;0
5;52;4969276;M001;24.1757810508862;01;01;1;2;2;10;0;0;0
5;52;4969276;M002;24.1757810508862;01;01;1;2;2;14;0;0;0
5;52;327541;M001;12.7534024937936;01;01;1;4;1;17;0;0;0
5;52;1939248;M001;19.208268218354;01;01;1;2;1;13;0;0;0
5;52;4759902;M001;15.1511289174333;01;01;1;2;1;16;0;0;0
5;52;3852577;M001;21.9723971893747;01;01;1;2;1;15;0;0;0
5;52;4477436;M001;29.1401958242976;01;01;1;2;1;15;0;0;0
5;52;5872063;M001;15.5104030300684;01;01;1;2;2;16;0;0;0
5;52;3747409;M001;21.0722750591468;01;01;1;2;1;15;0;0;0
5;52;5583459;M001;20.2115526850628;01;01;1;2;2;08;0;0;0
5;52;3269785;M001;7.2077921842993;01;01;1;1;1;17;0;0;0
5;52;5036782;M001;24.1819110940748;01;01;1;2;1;17;0;0;0
5;52;3752618;M001;11.5224972969241;01;01;1;3;1;12;0;0;0
5;52;1775448;M001;21.3158182268475;01;01;1;2;1;04;0;0;0
5;52;2864792;M001;29.4884180809217;01;01;1;2;2;09;0;0;0
5;52;6993587;M001;19.7902064713541;01;01;1;1;2;17;0;0;0
5;52;486277;M001;15.6809925680842;01;01;1;2;2;15;0;0;0
5;52;2590598;M001;18.9973044505998;01;01;1;1;1;09;0;0;0
5;52;5894146;M001;20.5594827779929;01;01;1;3;2;13;0;0;0
5;52;5942714;M001;17.9867961518847;01;01;1;4;1;04;0;0;0
5;52;5717580;M001;21.4106675804027;01;01;1;4;2;17;0;0;0
5;52;5559933;M001;19.2999940191596;01;01;1;1;2;17;0;0;0
5;52;5654225;M001;18.1674999059205;01;01;1;2;2;15;0;0;0
5;52;1936939;M001;36.3652387954955;01;01;1;1;2;17;0;0;0
5;52;7049701;M001;9.4529061508701;01;01;1;2;2;12;0;0;0
5;52;4188993;M001;14.926168562853;01;01;1;3;1;17;0;0;1
5;52;6137545;M001;22.0803811565768;01;01;1;2;1;06;0;0;0
5;52;7348242;M001;19.8278488420434;01;01;1;3;2;17;0;0;0
5;52;2250900;M001;12.2939331068187;01;01;1;4;2;10;0;0;0
5;52;7747806;M001;19.3239391491684;01;01;1;4;1;09;0;0;0
5;52;4385419;M001;22.1990277082111;01;01;1;2;1;12;0;0;0
5;52;5571785;M001;20.2135918838682;01;01;1;3;1;07;0;0;0
5;52;3415620;M001;14.3994798847859;01;01;1;2;2;13;0;0;0
5;52;4135103;M001;13.3840872085384;01;01;1;3;1;15;0;0;0
5;52;2995515;M001;18.8982875431073;01;01;1;3;2;11;0;0;0
5;52;6590229;M001;15.8424964195344;01;01;1;3;1;14;0;0;0
5;52;7058750;M001;17.2951314546517;01;01;1;4;2;17;0;0;0
5;52;1401321;M001;10.358376816213;01;01;1;2;2;14;0;0;0
5;52;6883898;M001;23.6227570872055;01;01;1;3;1;13;0;0;0
5;52;2881979;M001;22.1990277082111;01;01;1;4;2;01;0;0;0
5;52;3453644;M001;25.2527900766554;01;01;1;3;2;11;0;0;0
5;52;2197687;M001;23.1821010123352;01;01;1;2;1;05;0;0;0
5;52;1034057;M001;30.291740009389;01;01;1;4;1;17;0;0;0
5;52;4266462;M001;19.5154711481676;01;01;1;3;2;12;0;0;0
5;52;7598298;M001;18.8165008383039;01;01;1;2;2;13;0;0;0
5;52;3320813;M001;3.9251724137931;01;01;1;3;2;13;0;0;0
5;52;4520356;M001;21.1907582661385;01;01;1;1;1;09;0;0;0
5;52;212085;M001;19.7587152573222;01;01;1;4;1;16;0;0;0
5;52;6526115;M001;18.8442270727915;01;01;1;1;1;14;0;0;0
5;52;3289440;M002;15.4367954550384;01;01;1;3;1;14;0;0;0
5;52;6059215;M001;13.6886546775449;01;01;1;3;2;16;0;0;0
5;52;3206044;M001;17.9631761930488;01;01;1;2;1;11;0;0;0
5;52;5748952;M001;19.7708806802677;01;01;1;2;1;07;0;0;0
5;52;293530;M001;31.7032275414119;01;01;1;3;2;16;0;0;0
5;52;5183433;M001;12.9147078770888;01;01;1;4;1;17;0;0;0
5;52;4506490;M001;21.6954512823091;01;01;1;3;1;09;0;0;0
5;52;3413016;M001;6.3964155734174;01;01;1;3;1;12;0;0;0
5;52;5585990;M001;38.1490284522641;01;01;1;3;2;17;0;0;0
5;52;5596192;M001;19.6616108665854;01;01;1;3;1;13;0;0;0
5;52;2108497;M001;21.5692304947962;01;01;1;2;1;17;0;0;0
5;52;5526275;M001;12.0942798916619;01;01;1;2;1;12;0;0;0
5;52;3347904;M001;17.2471599167865;01;01;1;4;2;16;0;0;0
5;52;2142244;M001;23.4827420057089;01;01;1;2;2;17;0;0;0
5;52;3383132;M001;20.8049338714935;01;01;1;3;1;17;0;0;0
5;52;3333799;M001;14.2149632545244;01;01;1;2;1;07;0;0;0
5;52;3190560;M001;16.736895191654;01;01;1;2;1;15;0;0;0
5;52;3190560;M002;16.736895191654;01;01;1;3;2;15;0;0;0
5;52;348642;M001;14.6347704632956;01;01;1;1;1;17;0;0;0
5;52;2736438;M001;14.8727999539938;01;01;1;1;1;04;0;0;0
5;52;1830163;M001;26.4981162289157;01;01;1;2;1;11;0;0;0
5;52;6440385;M001;16.9227310240389;01;01;1;3;1;15;0;0;0
5;52;87015;M002;14.6414661192931;01;01;1;2;2;17;0;0;0
5;52;3696204;M001;25.1093163707874;01;01;1;1;2;10;0;0;0
5;52;2305010;M001;37.8230879666572;01;01;1;1;2;04;0;0;0
5;52;1095752;M001;24.0820062564532;01;01;1;3;2;15;0;0;0
5;52;6492091;M001;20.7215418116355;01;01;1;3;2;17;0;0;0
5;52;5657163;M001;27.4209729083747;01;01;1;3;1;17;0;0;0
5;52;5657163;M002;27.4209729083747;01;01;1;4;1;17;0;0;0
5;52;5657163;M003;27.4209729083747;01;01;1;3;1;14;0;0;0
5;52;4927148;M002;16.9522649038725;01;01;1;1;2;14;0;0;0
5;52;1438266;M001;15.8408510428584;01;01;1;3;1;17;0;0;0
5;52;579147;M001;20.858370633252;01;01;1;1;2;16;0;0;0
5;52;3781801;M001;39.7454339734437;01;01;1;4;1;17;0;0;0
5;52;4054129;M001;27.2153906698503;01;01;1;1;1;17;0;0;0
5;52;2622620;M001;28.3418838669619;01;01;1;4;2;01;0;0;0
5;52;5657565;M001;22.3113863927096;01;01;1;2;2;16;0;0;0
5;52;2785691;M001;30.3242991153212;01;01;1;3;1;08;0;0;0
5;52;6101493;M001;15.2157680987876;01;01;1;2;2;17;0;0;0
5;52;154500;M001;14.6414661192931;01;01;1;2;1;13;0;0;0
5;52;4461551;M001;11.771790985703;01;01;1;3;1;99;0;0;1
5;52;6695640;M001;17.6388049479668;01;01;1;1;1;06;0;0;0
5;52;5456441;M001;26.7312892238862;01;01;1;4;1;01;0;0;0
5;52;7133589;M001;20.1849830332752;01;01;1;1;2;17;0;0;0
5;52;1850133;M001;20.4423034276387;01;01;1;3;2;17;0;0;0
5;52;6672874;M001;20.1849830332752;01;01;1;4;2;01;0;0;0
5;52;7143351;M001;20.722959092251;01;01;1;1;1;14;0;0;0
5;52;2379316;M001;20.4423034276387;01;01;1;4;2;04;0;0;0
5;52;2979432;M001;22.999567086819;01;01;1;1;1;10;0;0;0
5;52;648768;M001;23.6612284884727;01;01;1;1;1;15;0;0;0
5;52;1911050;M001;21.7852479212407;01;01;1;4;2;09;0;0;0
5;52;7805083;M001;21.7489133753309;01;01;1;3;1;13;0;0;0
5;52;1329539;M001;21.7852479212407;01;01;1;1;1;14;0;0;0
5;52;3189474;M001;20.9802794866145;01;01;1;4;2;15;0;0;0
5;52;7549655;M001;20.8516192894327;01;01;1;2;2;16;0;0;0
5;52;6141373;M001;23.6612284884727;01;01;1;1;1;12;0;0;0
5;52;6660530;M001;22.999567086819;01;01;1;2;2;02;0;0;0
5;52;6940819;M001;23.6975630343824;01;01;1;3;2;14;0;0;0
5;52;6198123;M001;20.1849830332752;01;01;1;2;2;05;0;0;0
5;52;6891589;M001;20.1849830332752;01;01;1;1;2;09;0;0;0
5;52;1041860;M001;20.5709636248204;01;01;1;3;1;09;0;0;0
5;52;5182472;M001;23.6612284884727;01;01;1;2;1;14;0;0;0
5;52;6116551;M001;24.4389522333682;01;01;1;3;2;17;0;0;0
5;52;6851363;M001;16.971183571516;01;01;1;4;2;14;0;0;0
5;52;7618829;M001;24.7292308888037;01;01;1;2;1;17;0;0;0
5;52;5688425;M001;20.1849830332752;01;01;1;3;1;17;0;0;0
5;52;5688425;M002;20.1849830332752;01;01;1;3;1;17;0;0;0
5;52;4412308;M001;19.9043273686629;01;01;1;4;2;09;0;0;0
5;52;7526023;M001;20.5942988950692;01;01;1;2;1;10;0;0;0
5;52;3771116;M001;20.722959092251;01;01;1;3;2;15;0;0;0
5;52;5945456;M001;23.6612284884727;01;01;1;1;1;11;0;0;0
5;52;1206002;M001;19.1749368605354;01;01;1;2;1;04;0;0;0
5;52;3070449;M001;21.7489133753309;01;01;1;2;1;14;0;0;0
5;52;5995500;M001;22.374240231075;01;01;1;4;2;12;0;0;0
5;52;5589020;M001;23.7518022247667;01;01;1;2;2;11;0;0;0
5;52;5994256;M001;20.722959092251;01;01;1;2;2;17;0;0;0
5;52;3030210;M001;21.2609351512267;01;01;1;4;1;17;0;0;0
5;52;6567192;M001;20.8516192894327;01;01;1;3;2;15;0;0;0
5;52;6977852;M001;12.819296910245;01;01;1;2;1;08;0;0;0
5;52;340934;M001;15.2805350399018;01;01;1;3;1;14;0;0;0
5;52;2259110;M001;25.2383026053846;01;01;1;4;2;15;0;0;0
5;52;3126856;M001;21.2507144383405;01;01;1;2;1;11;0;0;0
5;52;6409473;M001;27.6715733959442;01;01;1;1;2;17;0;0;0
5;52;6409473;M002;27.6715733959442;01;01;1;3;1;17;0;0;0
5;52;1065996;M001;14.3397547412486;01;01;1;4;2;11;0;0;0
5;52;5195519;M001;21.5490495159072;01;01;1;1;2;17;0;0;0
5;52;7465297;M001;20.4476589127161;01;01;1;2;2;17;0;0;0
5;52;1275076;M001;12.9337734106897;01;01;1;3;1;12;0;0;0
5;52;1331960;M001;17.9252061548014;01;01;1;3;1;13;0;0;1
5;52;1121685;M001;14.970579817318;01;01;1;3;1;17;0;0;1
5;52;6881952;M001;23.544936283782;01;01;1;4;1;16;0;0;0
5;52;2842436;M001;13.8556001517693;01;01;1;3;1;12;0;0;0
5;52;5540980;M001;16.2053372659886;01;01;1;2;2;14;0;0;0
5;52;3391536;M001;30.8524398382678;01;01;1;3;1;10;0;0;0
5;52;7313851;M001;19.0993879478578;01;01;1;4;2;14;0;0;0
5;52;4039942;M001;14.970579817318;01;01;1;1;1;15;0;0;0
5;52;5256601;M001;25.6583726491896;01;01;1;4;2;12;0;0;0
5;52;3488779;M001;15.259689582295;01;01;1;2;2;17;0;0;0
5;52;4889614;M001;25.369595228464;01;01;1;3;2;12;0;0;0
5;52;3176505;M001;23.6855525968743;01;01;1;1;2;17;0;0;0
5;52;3305001;M001;12.4068284693756;01;01;1;2;1;11;0;0;0
5;52;6556371;M001;25.6119310813952;01;01;1;3;1;05;0;0;0
5;52;625737;M001;28.6904894948324;01;01;1;2;1;13;0;0;0
5;52;3103555;M001;25.3912723953081;01;01;1;1;1;16;0;0;0
5;52;2412390;M001;25.0456311844728;01;01;1;2;1;15;0;0;0
5;52;6962941;M001;29.0422252159981;01;01;1;1;2;08;0;0;0
5;52;3771691;M001;33.4440291324878;01;01;1;3;2;13;0;0;0
5;52;3171564;M001;23.1026351384836;01;01;1;2;2;10;0;0;0
5;52;2614947;M001;28.5101424985108;01;01;1;3;2;17;0;0;0
5;52;6275226;M001;16.0060525570729;01;01;1;4;2;17;0;0;0
5;52;6275226;M002;16.0060525570729;01;01;1;4;2;13;0;0;0
5;52;2523591;M001;34.6129912720225;01;01;1;3;2;10;0;0;0
5;52;346221;M001;19.4365239012515;01;01;1;1;2;16;0;0;0
5;52;1399338;M001;16.0789214995649;01;01;1;3;2;13;0;0;0
5;52;5267809;M001;26.4568463132065;01;01;1;2;2;12;0;0;0
5;52;3199387;M001;16.8740664332633;01;01;1;2;1;05;0;0;0
5;52;3199387;M002;16.8740664332633;01;01;1;2;1;11;0;0;0
5;52;861234;M001;16.933379560305;01;01;1;3;2;17;0;0;0
5;52;6899144;M001;21.5540440349826;01;01;1;4;2;17;0;0;0
5;52;7024400;M001;20.7952771915958;01;01;1;4;1;13;0;0;0
5;52;5407921;M001;16.4588231592751;01;01;1;4;2;17;0;0;0
5;52;6533973;M001;30.297538800388;01;01;1;4;2;13;0;0;0
5;52;4475230;M001;29.6969101085833;01;01;1;2;2;06;0;0;0
5;52;3517944;M001;15.4603057893954;01;01;1;3;1;11;0;0;0
5;52;2863876;M001;16.3818916834824;01;01;1;3;1;12;0;0;0
5;52;395359;M001;37.146580730432;01;01;1;4;1;16;0;0;0
5;52;4733080;M001;23.0359016327287;01;01;1;2;1;06;0;0;0
5;52;6447818;M001;24.4198683731731;01;01;1;3;2;11;0;0;0
5;52;823902;M001;32.7002968310356;01;01;1;2;1;12;0;0;0
5;52;1593696;M001;15.3290280506336;01;01;1;4;1;08;0;0;0
5;52;1698979;M001;8.3672069306073;01;01;1;1;1;01;0;0;0
5;52;6524337;M001;20.6770088290104;01;01;1;4;1;10;0;0;0
5;52;6545013;M001;23.9557125185848;01;01;1;4;2;12;0;0;0
5;52;6545013;M002;23.9557125185848;01;01;1;4;1;13;0;0;0
5;52;2936551;M001;23.0359016327287;01;01;1;3;1;04;0;0;0
5;52;3104252;M001;16.8788968016176;01;01;1;3;1;17;0;0;0
5;52;3570608;M001;21.1159114239574;01;01;1;2;1;03;0;0;0
5;52;6001986;M001;18.5298749938641;01;01;1;1;1;12;0;0;0
5;52;744409;M001;18.8885448793995;01;01;1;4;1;08;0;0;0
5;52;4539138;M001;22.4042375016653;01;01;1;3;2;12;0;0;0
5;52;3075401;M001;12.2423610093795;01;01;1;3;2;10;0;0;0
5;52;2751853;M001;17.3614224793565;01;01;1;4;2;17;0;0;0
5;52;252617;M001;21.5829043814552;01;01;1;3;1;12;0;0;0
5;52;7322462;M001;24.2550785255005;01;01;1;3;2;17;0;0;0
5;52;589007;M001;5.1140478232751;01;01;1;4;1;09;0;0;0
5;52;5846211;M001;15.9682943822861;01;01;1;4;1;14;0;0;0
5;52;2638469;M001;21.0872519736772;01;01;1;3;1;11;0;0;0
5;52;4452045;M001;21.4108864259498;01;01;1;2;2;13;0;0;1
5;52;6400768;M001;21.6773875179821;01;01;1;2;1;07;0;0;0
5;52;2497639;M001;29.8101508172125;01;01;1;1;2;14;0;0;0
5;52;1582725;M001;10.2056329468491;01;01;1;1;2;13;0;0;0
5;52;4367599;M001;28.4658128811816;01;01;1;3;1;16;0;0;0
5;52;112014;M001;28.3018486908779;01;01;1;2;2;12;0;0;0
5;52;4369401;M001;20.1849830332752;01;01;1;2;2;17;0;0;0
5;52;2612239;M001;21.541590815839;01;01;1;2;2;14;0;0;0
5;52;7125940;M001;21.7364714649011;01;01;1;3;1;15;0;0;0
5;52;3488333;M001;24.8567108885442;01;01;1;2;1;17;0;0;0
5;52;7392683;M001;20.4920092094479;01;01;1;2;2;13;0;0;0
5;52;761551;M001;18.3088406442489;01;01;1;4;2;13;0;0;0
5;52;5710627;M001;23.0623810842131;01;01;1;4;1;05;0;0;0
5;52;2406392;M001;17.5876043764061;01;01;1;1;1;17;0;0;0
5;52;2406392;M002;17.5876043764061;01;01;1;2;2;15;0;0;0
5;52;594542;M001;19.2298779082918;01;01;1;4;1;14;0;0;0
5;52;3019185;M001;23.6510528972374;01;01;1;3;1;11;0;0;0
5;52;4339791;M001;31.0058190115799;01;01;1;4;1;17;0;0;0
5;52;5630309;M001;26.1027508761885;01;01;1;3;1;17;0;0;0
5;52;656733;M001;30.41049377291;01;01;1;3;1;09;0;0;0
5;52;6603724;M001;24.0743978383996;01;01;1;3;1;09;0;0;0
5;52;4900181;M001;14.8607231610154;01;01;1;1;1;14;0;0;0
5;52;4307241;M001;25.3515518443642;01;01;1;1;1;17;0;0;0
5;52;5507117;M001;23.5568641748758;01;01;1;2;2;12;0;0;0
5;52;6378072;M001;18.93325729476;01;01;1;4;2;14;0;0;0
5;52;1913385;M001;22.0174599443891;01;01;1;2;2;14;0;0;0
5;52;1734805;M001;18.0355306885656;01;01;1;4;2;15;0;0;0
5;52;3675012;M001;17.0542854466267;01;01;1;3;1;09;0;0;0
5;52;7337793;M001;20.9898408829624;01;01;1;3;2;11;0;0;0
5;52;1607201;M001;22.8544057339426;01;01;1;2;2;13;0;0;0
5;52;5155977;M001;19.3851504653789;01;01;1;2;1;13;0;0;0
5;52;7129146;M001;16.8186580204271;01;01;1;1;1;08;0;0;0
5;52;4755316;M001;17.5876043764061;01;01;1;3;1;13;0;0;0
5;52;273685;M001;25.1692230121206;01;01;1;1;1;10;0;0;0
5;52;2110516;M001;19.3396188810748;01;01;1;4;2;09;0;0;0
5;52;4946050;M001;14.4107033799551;01;01;1;4;2;14;0;0;0
5;52;361233;M001;18.1726392818228;01;01;1;2;2;15;0;0;0
5;52;4122508;M001;20.1104390423922;01;01;1;1;1;01;0;0;0
5;52;2971287;M001;9.7606329748362;01;01;1;1;2;16;0;0;0
5;52;1198082;M001;14.90162223208;01;01;1;4;2;08;0;0;0
5;52;2116489;M001;19.5196387909229;01;01;1;3;1;06;0;0;0
5;52;1235174;M001;19.4054665156705;01;01;1;2;1;16;0;0;0
5;52;3422684;M001;16.7013764510624;01;01;1;3;2;17;0;0;0
5;52;6243745;M001;19.3923812121298;01;01;1;2;2;15;0;0;0
5;52;2584463;M001;32.6955779293268;01;01;1;3;1;10;0;0;0
5;52;5053521;M001;19.3951680973458;01;01;1;3;2;17;0;0;0
5;52;324397;M001;25.7218127191005;01;01;1;1;2;16;0;0;0
5;52;5158745;M001;23.4707814405775;01;01;1;4;1;15;0;0;0
5;52;4494919;M001;25.4952072546129;01;01;1;3;2;15;0;0;0
5;52;3120981;M001;19.3685886653417;01;01;1;2;1;11;0;0;0
5;52;3632014;M001;19.7749694998342;01;01;1;2;1;01;0;0;1
5;52;2919961;M001;19.5884912287023;01;01;1;4;1;17;0;0;0
5;52;1545092;M001;16.8490865554622;01;01;1;3;1;16;0;0;0
5;52;2183305;M001;26.1105644598076;01;01;1;3;2;16;0;0;0
5;52;2183305;M002;26.1105644598076;01;01;1;4;1;16;0;0;0
5;52;962027;M001;16.5821209302911;01;01;1;4;2;15;0;0;0
5;52;7376379;M001;17.1588227897551;01;01;1;4;2;13;0;0;0
5;52;7798433;M001;31.3440178692087;01;01;1;2;2;16;0;0;0
5;52;5266996;M001;14.4069329572944;01;01;1;2;1;17;0;0;0
5;52;2921744;M001;22.1373375066303;01;01;1;2;1;04;0;0;0
5;52;7548437;M001;27.7827051035534;01;01;1;1;2;17;0;0;0
5;52;1799952;M001;14.7847796503326;01;01;1;2;1;13;0;0;0
5;52;6060820;M001;20.7935931142752;01;01;1;3;1;13;0;0;0
5;52;3128759;M001;7.6272302667795;01;01;1;3;2;17;0;0;0
5;52;7606514;M001;41.1240588967431;01;01;1;3;1;17;0;0;0
5;52;322376;M001;18.5712117975589;01;01;1;2;1;16;0;0;0
5;52;1965159;M001;21.747073356031;01;01;1;3;2;17;0;0;0
5;52;5738521;M002;14.8326216263978;01;01;1;2;1;13;0;0;0
5;52;1002218;M001;13.8182089681562;01;01;1;2;1;13;0;0;0
5;52;1544731;M001;22.7433986291525;01;01;1;2;1;11;0;0;0
5;52;5539636;M001;42.3604922295115;01;01;1;2;1;17;0;0;0
5;52;7231460;M001;34.2669001436211;01;01;1;3;2;13;0;0;0
5;52;5171744;M001;29.3286446280239;01;01;1;1;2;17;0;0;0
5;52;3384655;M001;17.9993412488891;01;01;1;1;2;11;0;0;0
5;52;3384655;M002;17.9993412488891;01;01;1;2;2;15;0;0;0
5;52;204951;M001;14.8190793380905;01;01;1;2;2;13;0;0;0
5;52;6849654;M001;18.2835765665437;01;01;1;2;1;11;0;0;0
5;52;4075536;M001;19.4231474360138;01;01;1;3;2;14;0;0;0
5;52;6267981;M001;22.8907955502949;01;01;1;3;1;09;0;0;0
5;52;7418888;M001;9.0679462345482;01;01;1;3;1;07;0;0;0
5;52;3798302;M001;16.7795101203232;01;01;1;2;2;14;0;0;0
5;52;6253742;M001;27.5429010099637;01;01;1;4;1;13;0;0;0
5;52;4368836;M001;15.8837050693633;01;01;1;1;2;15;0;0;0
5;52;753490;M001;27.2400560976951;01;01;1;3;2;13;0;0;0
5;52;2006226;M001;21.9600809919587;01;01;1;3;1;16;0;0;0
5;52;1219450;M001;16.5187782246935;01;01;1;1;1;11;0;0;0
5;52;5363062;M001;17.6357557545164;01;01;1;2;1;17;0;0;0
5;52;6766907;M001;22.6427670358057;01;01;1;2;1;17;0;0;0
5;52;1442878;M001;21.1346737949475;01;01;1;3;1;15;0;0;0
5;52;2658819;M001;21.4860113262592;01;01;1;4;2;14;0;0;0
5;52;2169799;M001;20.2058934232339;01;01;1;3;1;05;0;0;0
5;52;1649548;M001;17.2458385874822;01;01;1;3;2;17;0;0;0
5;52;1649548;M002;17.2458385874822;01;01;1;3;1;13;0;0;0
5;52;1649548;M003;17.2458385874822;01;01;1;3;2;11;0;0;0
5;52;6654728;M001;15.3766322200505;01;01;1;4;1;15;0;0;0
5;52;1701355;M001;22.5828496675161;01;01;1;3;1;10;0;0;0
5;52;6868883;M001;18.1136488071823;01;01;1;2;1;05;0;0;0
5;52;852277;M001;9.871134966018;01;01;1;3;2;09;0;0;0
5;52;3565981;M001;17.7749605378695;01;01;1;1;1;08;0;0;0
5;52;4028076;M001;32.3188942123633;01;01;1;3;1;08;0;0;0
5;52;7771426;M001;23.2394451445422;01;01;1;3;2;16;0;0;0
5;52;855870;M001;14.6665358238451;01;01;1;4;2;12;0;0;0
5;52;2269044;M001;22.4166612425997;01;01;1;4;2;17;0;0;0
5;52;978598;M001;17.7576905510506;01;01;1;3;2;05;0;0;0
5;52;3876954;M001;13.6150742693624;01;01;1;3;2;10;0;0;0
5;52;7088085;M001;26.1920533997152;01;01;1;2;1;14;0;0;0
5;52;4179660;M001;27.3670185491958;01;01;1;1;1;14;0;0;0
5;52;1816158;M001;23.9707878858102;01;01;1;2;1;13;0;0;0
5;52;3682097;M001;16.2466115379173;01;01;1;4;2;01;0;0;0
5;52;5597113;M001;16.8822348079337;01;01;1;4;1;17;0;0;0
5;52;6851809;M001;18.5472931119742;01;01;1;3;1;12;0;0;0
5;52;195240;M001;23.6994367859311;01;01;1;2;1;13;0;0;0
5;52;4308553;M001;29.4447030721132;01;01;1;3;1;10;0;0;0
5;52;7357203;M001;24.7823248708792;01;01;1;2;1;10;0;0;0
5;52;6155153;M001;17.9029512925837;01;01;1;3;2;15;0;0;0
5;52;2539889;M001;15.1445115156828;01;01;1;2;1;15;0;0;0
5;52;7783543;M001;4.1015544041451;01;01;1;4;2;15;0;0;0
5;52;7772605;M001;22.9733679914806;01;01;1;2;2;12;0;0;0
5;52;6316507;M001;18.2028179035648;01;01;1;2;2;12;0;0;0
5;52;5718960;M001;20.6122494234845;01;01;1;2;1;17;0;0;0
5;52;2011997;M001;25.7646212178072;01;01;1;4;1;11;0;0;0
5;52;3256712;M001;21.08996740337;01;01;1;2;1;17;0;0;0
5;52;917671;M001;16.2221454098568;01;01;1;2;1;17;0;0;0
5;52;3984984;M001;25.6136909605673;01;01;1;2;2;13;0;0;0
5;52;671489;M001;19.379416060516;01;01;1;3;1;16;0;0;0
5;52;780326;M001;16.3364047478106;01;01;1;1;2;11;0;0;0
5;52;1471797;M001;23.9707878858102;01;01;1;2;1;14;0;0;0
5;52;7689473;M001;13.8550636744608;01;01;1;3;1;05;0;0;0
5;52;2769693;M001;20.2808875510277;01;01;1;2;2;17;0;0;0
5;52;686170;M001;12.7701435625892;01;01;1;4;2;14;0;0;0
5;52;3039713;M001;29.3166814359951;01;01;1;2;2;17;0;0;0
5;52;4389013;M001;26.2542684360584;01;01;1;1;1;16;0;0;0
5;52;6944578;M001;18.5684955019202;01;01;1;1;2;17;0;0;0
5;52;7593494;M001;18.4168663061326;01;01;1;3;1;05;0;0;0
5;52;7034321;M001;31.6952403731535;01;01;1;2;2;14;0;0;0
5;52;5589425;M001;16.6741517469478;01;01;1;1;1;14;0;0;0
5;52;3300568;M001;18.779508226837;01;01;1;4;1;12;0;0;0
5;52;3856214;M001;23.1232376910003;01;01;1;3;2;14;0;0;0
5;52;4274760;M001;29.4172358304819;01;01;1;3;1;09;0;0;0
5;52;3761114;M001;25.3839078205534;01;01;1;3;1;17;0;0;0
5;52;7268386;M001;22.9737069546559;01;01;1;3;2;09;0;0;0
5;52;4985826;M001;28.9458391272986;01;01;1;2;1;17;0;0;0
5;52;4612180;M001;10.5043661882798;01;01;1;3;2;17;0;0;0
5;52;1802661;M001;7.2356654852262;01;01;1;3;2;16;0;0;0
5;52;1066931;M001;19.4748037993844;01;01;1;1;2;17;0;0;0
5;52;2162722;M001;18.9046378402024;01;01;1;1;1;16;0;0;0
5;52;2703066;M001;37.0872285357121;01;01;1;3;2;17;0;0;0
5;52;5500314;M001;26.1470502952226;01;01;1;4;1;14;0;0;0
5;52;183138;M001;17.3032655593056;01;01;1;2;1;13;0;0;0
5;52;1050573;M001;19.0803565014089;01;01;1;3;1;11;0;0;0
5;52;6923715;M001;20.5965984613926;01;01;1;4;2;01;0;0;0
5;52;198632;M001;21.6450635273463;01;01;1;3;1;08;0;0;0
5;52;5400598;M001;23.8252423971963;01;01;1;1;2;15;0;0;0
5;52;1735810;M001;25.3787092431373;01;01;1;1;1;15;0;0;0
5;52;483278;M001;36.8348510714631;01;01;1;4;1;13;0;0;0
5;52;5382197;M001;20.5484130923061;01;01;1;1;1;09;0;0;0
5;52;3207794;M001;25.8640385876938;01;01;1;3;1;13;0;0;0
5;52;1575744;M001;20.2819221201911;01;01;1;1;1;13;0;0;0
5;52;1741292;M001;20.1161645514526;01;01;1;3;2;17;0;0;0
5;52;5538252;M001;21.1748481874379;01;01;1;1;1;12;0;0;0
5;52;5713441;M001;19.1424090550657;01;01;1;3;2;17;0;0;0
5;52;6203154;M001;17.4122147975151;01;01;1;2;1;15;0;0;0
5;52;2672803;M001;12.412139828672;01;01;1;3;2;14;0;0;0
5;52;7458526;M001;22.380756810902;01;01;1;1;2;16;0;0;0
5;52;1953852;M001;20.1842655378435;01;01;1;1;1;16;0;0;0
5;52;6474758;M001;20.2970438453465;01;01;1;4;1;10;0;0;0
5;52;18729;M001;22.493535118405;01;01;1;3;2;17;0;0;0
5;52;4032795;M001;21.4516786356272;01;01;1;1;1;04;0;0;0
5;52;7086580;M001;20.2970438453465;01;01;1;2;2;17;0;0;0
5;52;814262;M001;20.4098221528495;01;01;1;3;1;15;0;0;0
5;52;3962304;M001;25.9176350579059;01;01;1;3;1;12;0;0;0
5;52;2849747;M001;18.6896376995807;01;01;1;4;1;09;0;0;0
5;52;7274673;M001;19.1424090550657;01;01;1;1;1;17;0;0;0
5;52;5658557;M001;21.4516786356272;01;01;1;3;1;13;0;0;0
5;52;6181148;M001;20.1842655378435;01;01;1;2;1;09;0;0;0
5;52;223865;M001;22.380756810902;01;01;1;4;2;15;0;0;0
5;52;6245982;M001;20.2970438453465;01;01;1;4;1;17;0;0;0
5;52;3819214;M001;19.2551873625687;01;01;1;3;1;15;0;0;0
5;52;3926192;M001;24.8028046989665;01;01;1;3;2;17;0;0;0
5;52;6396069;M001;20.1842655378435;01;01;1;3;2;12;0;0;0
5;52;6286886;M001;20.1842655378435;01;01;1;3;1;14;0;0;0
5;52;472269;M001;20.1842655378435;01;01;1;2;1;12;0;0;0
5;52;6127447;M001;22.380756810902;01;01;1;1;2;17;0;0;0
5;52;1373345;M001;19.1424090550657;01;01;1;1;1;17;0;0;0
5;52;875289;M001;19.1146045005257;01;01;1;4;2;17;0;0;0
5;52;6737090;M001;20.3737049400212;01;01;1;4;2;15;0;0;0
5;52;4355220;M001;21.3389003281242;01;01;1;3;1;15;0;0;0
5;52;4420268;M001;20.1842655378435;01;01;1;4;1;13;0;0;0
5;52;970538;M001;21.4516786356272;01;01;1;1;2;12;0;0;0
5;52;5477608;M001;19.1848476874515;01;01;1;3;1;10;0;0;0
5;52;1239353;M001;19.314988113455;01;01;1;1;1;17;0;0;0
5;52;4257417;M001;17.761346727248;01;01;1;1;1;04;0;0;0
5;52;1328513;M001;17.1768764985069;01;01;1;3;2;14;0;0;0
5;52;5369065;M001;14.0585536633441;01;01;1;1;2;13;0;0;0
5;52;5400436;M001;27.508797466339;01;01;1;1;2;14;0;0;0
5;52;2220618;M001;20.5687598303337;01;01;1;1;2;15;0;0;0
5;52;7033693;M001;23.5172948504947;01;01;1;2;1;11;0;0;0
5;52;2407623;M001;24.5825550856665;01;01;1;2;2;16;0;0;0
5;52;76006;M001;22.3859744636711;01;01;1;4;2;17;0;0;0
5;52;4879791;M001;18.1136488071823;01;01;1;3;1;12;0;0;0
5;52;2381361;M001;25.8771290837709;01;01;1;1;1;14;0;0;0
5;52;5896010;M001;14.797172599365;01;01;1;3;1;10;0;0;0
5;52;2500435;M001;23.9614467052487;01;01;1;4;2;17;0;0;0
5;52;4263658;M001;21.8250379066552;01;01;1;3;2;17;0;0;0
5;52;2514636;M001;26.3030225554834;01;01;1;3;1;13;0;0;0
5;52;2514636;M002;26.3030225554834;01;01;1;3;2;12;0;0;0
5;52;1621813;M001;24.0271091280038;01;01;1;2;1;13;0;0;0
5;52;245482;M001;21.3478358946713;01;01;1;3;2;13;0;0;0
5;52;3318177;M001;17.2875998780864;01;01;1;2;1;15;0;0;0
5;52;3454463;M001;25.2867867188163;01;01;1;3;2;17;0;0;0
5;52;6341255;M001;39.0076098066533;01;01;1;4;1;14;0;0;0
5;52;2482291;M001;19.3344312240214;01;01;1;1;2;17;0;0;0
5;52;4256759;M001;21.4365286410248;01;01;1;2;1;17;0;0;0
5;52;1109448;M001;21.4860113262592;01;01;1;3;2;14;0;0;0
5;52;5281834;M001;19.2638707387106;01;01;1;3;2;16;0;0;0
5;52;1026982;M001;14.4085882569317;01;01;1;2;1;13;0;0;0
5;52;4507803;M001;23.5378940409329;01;01;1;3;1;13;0;0;0
5;52;3092893;M001;26.3651634286426;01;01;1;2;1;05;0;0;0
5;52;7279073;M001;28.9763622577151;01;01;1;2;2;15;0;0;0
5;52;5180755;M001;19.2622753342335;01;01;1;2;1;14;0;0;0
5;52;521625;M001;19.4189784852026;01;01;1;1;1;17;0;0;0
5;52;2843044;M001;15.4599991705834;01;01;1;1;2;11;0;0;0
5;52;7065692;M001;24.6646184636129;01;01;1;2;2;12;0;0;0
5;52;3179071;M001;29.1455090943473;01;01;1;1;1;17;0;0;0
5;52;3651946;M001;32.813907478227;01;01;1;2;1;17;0;0;0
5;52;6885140;M001;18.0127748343238;01;01;1;3;1;16;0;0;0
5;52;2928831;M001;17.6944865486067;01;01;1;4;2;17;0;0;0
5;52;3243739;M001;17.7324749929135;01;01;1;1;2;01;0;0;0
5;52;1574321;M001;26.4823287029565;01;01;1;3;1;13;0;0;0
5;52;1291512;M001;17.6647744714747;01;01;1;2;1;17;0;0;0
5;52;1291512;M002;17.6647744714747;01;01;1;2;2;14;0;0;0
5;52;6852596;M001;19.9829167630245;01;01;1;3;2;09;0;0;0
5;52;7078209;M001;17.4240918799621;01;01;1;2;2;17;0;0;0
5;52;3079391;M001;25.863413792523;01;01;1;2;1;15;0;0;0
5;52;2169328;M001;17.4462396432204;01;01;1;2;1;12;0;0;0
5;52;123880;M001;17.6575558081662;01;01;1;3;2;14;0;0;0
5;52;4084335;M001;20.1067505076057;01;01;1;4;2;17;0;0;0
5;52;4673276;M001;20.5969996273746;01;01;1;1;2;17;0;0;0
5;52;1130622;M001;28.1123352079829;01;01;1;3;1;15;0;0;0
5;52;5237685;M001;22.8250937935996;01;01;1;1;2;10;0;0;0
5;52;5919490;M001;13.8678701050195;01;01;1;2;2;12;0;0;0
5;52;2421317;M001;16.927014882184;01;01;1;4;1;17;0;0;0
5;52;3820093;M001;19.5327686700899;01;01;1;1;2;05;0;0;0
5;52;1543770;M001;23.4024829479896;01;01;1;2;2;12;0;0;0
5;52;7801341;M001;27.3099357023567;01;01;1;2;1;17;0;0;0
5;52;4792556;M001;17.4200914435607;01;01;1;1;2;17;0;0;0
5;52;6450177;M001;25.863413792523;01;01;1;1;1;11;0;0;0
5;52;4661432;M001;28.3313975250565;01;01;1;3;1;16;0;0;0
5;52;4715381;M001;35.768365489111;01;01;1;2;1;13;0;0;0
5;52;3555447;M001;11.2451061657503;01;01;1;2;2;14;0;0;0
5;52;3389940;M001;33.8965098405213;01;01;1;2;1;05;0;0;0
5;52;2169764;M001;19.9703729260549;01;01;1;1;1;12;0;0;0
5;52;4388571;M001;15.4321731558936;01;01;1;4;2;17;0;0;0
5;52;2121560;M001;25.4040814996705;01;01;1;3;2;17;0;0;0
5;52;5362231;M001;28.5177594781695;01;01;1;2;1;05;0;0;0
5;52;4172575;M001;27.3014061700273;01;01;1;1;1;13;0;0;0
5;52;6847308;M001;16.2284320717842;01;01;1;1;2;17;0;0;0
5;52;653810;M001;19.238841518527;01;01;1;2;1;13;0;0;0
5;52;2490048;M001;20.6066124250481;01;01;1;2;1;16;0;0;0
5;52;7630520;M001;20.0771695375853;01;01;1;3;2;14;0;0;0
5;52;5192771;M001;23.4658193631155;01;01;1;3;2;04;0;0;0
5;52;1410897;M001;13.2244307506238;01;01;1;3;2;12;0;0;0
5;52;5083932;M001;17.2752935803821;01;01;1;2;1;10;0;0;0
5;52;5749614;M001;21.3598412089206;01;01;1;3;2;09;0;0;0
5;52;2503304;M001;20.2415393212027;01;01;1;2;2;09;0;0;0
5;52;7048334;M001;15.7053349345145;01;01;1;2;1;17;0;0;0
5;52;7712910;M001;12.8351251870616;01;01;1;2;2;17;0;0;0
5;52;7712910;M002;12.8351251870616;01;01;1;4;1;10;0;0;0
5;52;196283;M001;35.5190517464727;01;01;1;2;2;17;0;0;0
5;52;5874908;M001;30.2876935628976;01;01;1;3;2;16;0;0;0
5;52;2347840;M001;22.5101085509507;01;01;1;3;2;11;0;0;0
5;52;132003;M001;21.727487958916;01;01;1;3;1;13;0;0;0
5;52;201084;M001;22.0051136914009;01;01;1;2;1;14;0;0;0
5;52;201084;M002;22.0051136914009;01;01;1;1;2;13;0;0;0
5;52;201084;M003;22.0051136914009;01;01;1;3;2;01;0;0;0
5;52;6153217;M001;21.2441648264824;01;01;1;3;1;03;0;0;0
5;52;6818643;M001;26.0210634655326;01;01;1;3;1;13;0;0;0
5;52;2931143;M001;17.481961587568;01;01;1;2;2;12;0;0;0
5;52;5510567;M001;20.373624753383;01;01;1;4;1;07;0;0;0
5;52;1419411;M001;21.1514263226023;01;01;1;3;2;13;0;0;0
5;52;6950612;M001;32.5213708322985;01;01;1;3;1;08;0;0;0
5;52;6556694;M001;26.4005350435808;01;01;1;3;1;17;0;0;0
5;52;2054385;M001;22.3804361178288;01;01;1;3;2;09;0;0;0
5;52;2992079;M001;31.6886994681757;01;01;1;3;2;13;0;0;0
5;52;5447657;M001;21.5518245059701;01;01;1;1;2;16;0;0;0
5;52;7081283;M001;20.6503976856186;01;01;1;3;2;09;0;0;0
5;52;5749651;M001;16.2951669627363;01;01;1;1;1;17;0;0;0
5;52;2570663;M001;21.5518245059701;01;01;1;3;2;13;0;0;0
5;52;1116283;M001;20.7944651822688;01;01;1;2;2;11;0;0;0
5;52;896266;M001;17.658309574451;01;01;1;1;1;15;0;0;0
5;52;5827854;M001;13.4535205219852;01;01;1;4;2;13;0;0;0
5;52;2577927;M001;14.0799474066551;01;01;1;1;2;14;0;0;0
5;52;838027;M001;12.7407774434005;01;01;1;3;1;09;0;0;0
5;52;4044473;M001;26.7193139080195;01;01;1;4;1;10;0;0;0
5;52;4044473;M002;26.7193139080195;01;01;1;4;2;07;0;0;0
5;52;6665964;M001;16.5779801242154;01;01;1;2;1;11;0;0;0
5;52;5698370;M001;18.4933416396767;01;01;1;2;1;15;0;0;0
5;52;6791543;M001;32.3516281773859;01;01;1;2;1;14;0;0;0
5;52;190700;M001;24.7767451196468;01;01;1;4;2;12;0;0;0
5;52;6179512;M001;21.479039600297;01;01;1;4;2;15;0;0;0
5;52;3963345;M001;16.2924437214725;01;01;1;3;1;14;0;0;0
5;52;6290146;M001;26.257808155761;01;01;1;2;2;16;0;0;0
5;52;7506626;M001;21.0538901450784;01;01;1;4;2;14;0;0;0
5;52;6305185;M001;34.1550697449507;01;01;1;4;1;16;0;0;0
5;52;3077468;M001;19.8166245851081;01;01;1;4;2;11;0;0;0
5;52;4413220;M001;22.9884155455958;01;01;1;3;1;11;0;0;0
5;52;1144736;M001;30.9077226505176;01;01;1;2;1;15;0;0;0
5;52;3599138;M001;11.8616841049998;01;01;1;3;2;01;0;0;0
5;52;4587927;M001;14.1242713208674;01;01;1;1;1;05;0;0;0
5;52;5805118;M001;18.2150893271928;01;01;1;4;1;11;0;0;0
5;52;7754802;M001;18.8673151315827;01;01;1;4;1;14;0;0;0
5;52;4480390;M001;19.9458134754588;01;01;1;3;1;15;0;0;0
5;52;7560699;M001;24.8514574525283;01;01;1;3;2;17;0;0;0
5;52;1111365;M001;27.7070259105189;02;01;1;3;2;11;0;0;0
5;52;6721925;M001;17.7028044813657;08;01;2;4;1;15;0;0;0
5;52;3810614;M001;18.4201547954653;01;01;1;3;1;15;0;0;0
5;52;951452;M001;19.2425661615096;01;01;1;4;1;15;0;0;0
5;52;6949064;M001;15.9110994415015;01;01;1;1;1;16;0;0;0
5;52;2388907;M001;30.2406450748102;01;01;1;2;1;08;0;0;0
5;52;7578630;M001;19.2425661615096;01;01;1;3;1;13;0;0;0
5;52;2293418;M001;17.0534919043722;01;01;1;2;1;16;0;0;0
5;52;6347128;M001;21.6886854391472;01;01;1;4;2;01;0;0;0
5;52;2671116;M001;22.9735983774353;01;01;1;3;2;17;0;0;0
5;52;5486028;M001;25.3332143234608;01;01;1;2;2;17;0;0;0
5;52;2744902;M001;25.3634937697247;01;01;1;2;2;13;0;0;0
5;52;763259;M001;18.9593702052302;01;01;1;3;2;16;0;0;0
5;52;5398206;M001;25.5886039503408;01;01;1;3;2;14;0;0;0
5;52;5398206;M002;25.5886039503408;01;01;1;3;1;15;0;0;0
5;52;2953152;M001;20.1622797674436;01;01;1;3;2;15;0;0;0
5;52;4823201;M001;15.9027626728867;01;01;1;4;2;17;0;0;0
5;52;1304156;M001;21.2938640533301;01;01;1;4;1;11;0;0;0
5;52;6799855;M001;20.8391169689428;01;01;1;4;2;17;0;0;0
5;52;6347601;M001;18.838650376937;01;01;1;2;2;13;0;0;0
5;52;5373414;M001;22.9600489503353;01;01;1;3;2;06;0;0;0
5;52;823946;M001;25.4251052855838;01;01;1;1;2;15;0;0;0
5;52;1854261;M001;25.3299752687911;01;01;1;3;1;17;0;0;0
5;52;5062506;M001;22.2586637715043;01;01;1;3;1;09;0;0;0
5;52;6313441;M001;32.2222817964599;01;01;1;3;1;14;0;0;0
5;52;4232680;M001;16.4128419425277;01;01;1;4;1;16;0;0;0
5;52;2763577;M001;16.8305069998592;01;01;1;3;1;02;0;0;0
5;52;5206910;M001;15.2788772076161;01;01;1;2;2;15;0;0;0
5;52;5206910;M002;15.2788772076161;01;01;1;4;1;17;0;0;0
5;52;2757083;M001;24.9141637894744;01;01;1;3;2;14;0;0;0
5;52;5115080;M001;20.7592591808686;01;01;1;4;1;17;0;0;0
5;52;5409931;M001;20.1862369850268;01;01;1;2;1;05;0;0;0
5;52;5126947;M001;26.2533736013194;01;01;1;2;1;17;0;0;0
5;52;562190;M001;26.8771429227979;01;01;1;2;1;17;0;0;0
5;52;562190;M002;26.8771429227979;01;01;1;4;2;17;0;0;0
5;52;1500433;M001;20.0508143346435;01;01;1;4;1;12;0;0;0
5;52;171336;M001;15.7621742714438;01;01;1;1;1;17;0;0;0
5;52;3700035;M001;26.0004798728815;01;01;1;4;1;13;0;0;0
5;52;2722284;M001;11.2558258348138;01;01;1;2;1;15;0;0;0
5;52;218433;M001;21.9771671680558;01;01;1;1;2;17;0;0;0
5;52;4891069;M001;24.4408535874543;01;01;1;4;1;12;0;0;0
5;52;1957416;M001;16.3964475094313;01;01;1;3;2;05;0;0;0
5;52;6258160;M001;20.1920469121972;01;01;1;2;1;15;0;0;0
5;52;4069540;M001;19.4014525689684;01;01;1;1;2;11;0;0;0
5;52;1461515;M001;26.606746894665;01;01;1;2;1;14;0;0;0
5;52;1108431;M001;18.7514787009754;01;01;1;1;1;02;0;0;0
5;52;7495704;M001;24.5980654177069;01;01;1;3;2;08;0;0;0
5;52;5507535;M001;21.8586221297804;01;01;1;4;1;10;0;0;0
5;52;4522836;M001;16.9207360843842;01;01;1;1;1;15;0;0;0
5;52;6718690;M001;15.9764871433178;02;01;1;2;1;15;0;0;0
5;52;1436014;M001;21.3946733418872;01;01;1;3;1;15;0;0;0
5;52;7533628;M001;19.6677959616714;01;01;1;2;1;14;0;0;0
5;52;190515;M001;22.0954517257001;01;01;1;3;1;14;0;0;0
5;52;5159726;M001;22.0954517257001;01;01;1;2;1;14;0;0;0
5;52;4514282;M001;18.6829746297412;01;01;1;4;1;14;0;0;0
5;52;5439074;M001;16.9297620099663;01;01;1;2;2;11;0;0;0
5;52;4377991;M001;8.988769015466;01;01;1;2;2;12;0;0;0
5;52;6879573;M001;26.0703913314151;01;01;1;3;1;16;0;0;0
5;52;7795049;M001;11.2558258348138;02;01;1;4;1;16;0;0;0
5;52;6398585;M001;19.4334840369527;01;01;1;3;2;13;0;0;0
5;52;5303943;M001;23.6830151356048;01;01;1;3;2;11;0;0;0
5;52;1861042;M001;12.2187816402576;02;01;1;1;2;15;0;0;0
5;52;7672961;M001;26.7878330721592;01;01;1;4;2;16;0;0;0
5;52;6210916;M001;16.3593170372636;01;01;1;2;2;12;0;0;0
5;52;1827663;M001;19.26264602794;01;01;1;4;1;10;0;0;0
5;52;4017397;M001;14.8118024203689;01;01;1;4;1;12;0;0;0
5;52;4849955;M001;15.5176397571299;01;01;1;4;1;10;0;0;0
5;52;1485454;M001;21.8409865001061;01;01;1;1;2;06;0;0;0
5;52;289629;M001;18.0959802292959;01;01;1;1;1;17;0;0;0
5;52;153595;M001;19.845978927262;01;01;1;2;1;07;0;0;0
5;52;5690003;M001;19.968483364701;01;01;1;3;1;04;0;0;0
5;52;3857381;M001;19.26264602794;01;01;1;3;1;09;0;0;0
5;52;2646909;M001;19.968483364701;01;01;1;1;1;10;0;0;0
5;52;4481591;M001;18.679313128618;01;01;1;3;1;17;0;0;0
5;52;4472618;M001;19.968483364701;01;01;1;3;1;08;0;0;0
5;52;7090063;M001;17.8411103772274;01;01;1;3;2;15;0;0;0
5;52;1189755;M001;29.0363381367473;01;01;1;3;1;16;0;0;0
5;52;6158175;M001;17.289826785304;01;01;1;3;2;13;0;0;0
5;52;2677492;M001;21.8586221297804;01;01;1;1;2;14;0;0;0
5;52;5073298;M001;19.554825443258;01;01;1;3;2;14;0;0;0
5;52;7455572;M001;22.6835642986613;01;01;1;4;1;13;0;0;0
5;52;7455572;M002;22.6835642986613;01;01;1;4;2;17;0;0;0
5;52;4992959;M001;22.7181504664315;01;01;1;1;1;04;0;0;0
5;52;2540699;M001;21.9376623391208;01;01;1;3;1;13;0;0;0
5;52;4832785;M001;21.2672677407913;01;01;1;3;1;10;0;0;0
5;52;2519688;M001;22.3231461977211;01;01;1;2;1;08;0;0;0
5;52;3244268;M001;41.0000000000016;08;01;2;1;1;17;0;0;0
5;52;1971148;M001;19.5200412041288;08;01;2;4;1;13;0;0;0
5;52;3338805;M001;21.6952678067673;02;01;1;3;1;17;0;0;0
5;52;1225449;M001;27.5339769915747;01;01;1;2;1;13;0;0;0
5;52;4773360;M001;52.751282170617;01;01;1;2;2;09;0;0;0
5;52;3857104;M001;14.4760492252723;01;01;1;3;2;12;0;0;0
5;52;7356093;M001;22.5154349160782;01;01;1;4;1;17;0;0;0
5;52;4684982;M001;21.2778614542897;01;01;1;3;2;10;0;0;0
5;52;6876700;M001;21.257653600784;01;01;1;4;2;11;0;0;0
5;52;5397576;M001;17.3901428925349;01;01;1;3;2;01;0;0;0
5;52;7309404;M001;18.679313128618;01;01;1;3;2;17;0;0;0
5;52;3561388;M001;18.679313128618;01;01;1;3;1;11;0;0;0
5;52;2880381;M001;17.9425426514906;02;01;1;2;1;11;0;0;0
5;52;6248458;M001;22.1805596317063;02;01;1;3;2;08;0;0;0
5;52;3927998;M002;19.3851504653789;01;01;1;3;2;17;0;0;0
5;52;6078923;M001;17.973475791857;01;01;1;3;1;11;0;0;0
5;52;50904;M001;19.3851504653789;01;01;1;4;2;04;0;0;0
5;52;7352549;M001;21.257653600784;01;01;1;3;1;07;0;0;0
5;52;3176816;M001;21.257653600784;01;01;1;2;1;07;0;0;0
5;52;758051;M001;21.257653600784;01;01;1;4;2;12;0;0;0
5;52;7075006;M001;19.968483364701;01;01;1;3;1;07;0;0;0
5;52;750858;M001;16.7568318885806;05;01;2;1;2;14;0;0;0
5;52;4404821;M001;8.9929387494643;01;01;1;3;2;15;0;0;0
5;52;1024817;M001;9.527693328852;01;01;1;4;2;12;0;0;0
5;52;760867;M001;10.4445100010138;01;01;1;4;1;13;0;0;0
5;52;3160708;M001;6.9581390314588;01;01;1;3;1;12;0;0;0
5;52;3526009;M001;8.4167083814458;01;01;1;3;1;06;0;0;0
5;52;5033419;M001;7.3120909146906;01;01;1;4;1;17;0;0;0
5;52;4193905;M001;10.2376781669615;01;01;1;3;1;14;0;0;0
5;52;5569032;M001;6.9243768005004;01;01;1;2;1;16;0;0;0
5;52;1171924;M001;7.6045545492031;01;01;1;1;2;05;0;0;0
5;52;4646768;M001;8.3980473687834;01;01;1;3;1;16;0;0;0
5;52;3545146;M001;10.34960098578;01;01;1;3;1;06;0;0;0
5;52;6686949;M001;11.471127063271;01;01;1;2;1;07;0;0;0
5;52;2553128;M001;11.001573517629;01;01;1;2;1;14;0;0;0
5;52;6593336;M001;11.5783111496506;01;01;1;4;2;17;0;0;0
5;52;6663944;M001;17.3511542938852;01;01;1;3;2;11;0;0;0
5;52;3121310;M001;10.6058607495727;01;01;1;3;1;17;0;0;0
5;52;2624344;M001;11.5586370342442;01;01;1;4;2;17;0;0;0
5;52;3492719;M001;13.2556559450682;08;01;2;3;1;15;0;0;0
5;52;1381259;M001;10.4445100010138;01;01;1;3;2;17;0;0;0
5;52;3927799;M001;11.162924266188;01;01;1;4;1;01;0;0;0
5;52;3611664;M001;10.4445100010138;01;01;1;3;1;17;0;0;0
5;52;120004;M001;9.7373876867815;01;01;1;3;2;11;0;0;0
5;52;7721922;M001;10.2376781669615;01;01;1;2;2;17;0;0;0
5;52;5131230;M001;6.8367321328845;01;01;1;3;2;17;0;0;0
5;52;5131230;M002;6.8367321328845;01;01;1;3;1;02;0;0;0
5;52;2850279;M001;7.2873252634794;01;01;1;3;2;17;0;0;0
5;52;5952133;M001;37.1245634468103;01;01;1;3;1;17;0;0;0
5;52;634920;M001;9.8730651968087;01;01;1;3;2;17;0;0;0
5;52;5197286;M001;7.7059139034027;01;01;1;3;2;08;0;0;0
5;52;5089647;M001;16.2593771813322;01;01;1;2;2;15;0;0;0
5;52;2114016;M001;7.5109739582835;01;01;1;4;2;13;0;0;0
5;52;3669431;M001;16.2593771813322;01;01;1;3;1;11;0;0;0
5;52;8049;M001;11.8086550102276;01;01;1;1;1;17;0;0;0
5;52;8049;M002;11.8086550102276;01;01;1;1;2;17;0;0;0
5;52;581209;M001;11.001573517629;01;01;1;2;2;17;0;0;0
5;52;7098880;M001;10.6058607495727;01;01;1;1;1;07;0;0;0
5;52;4522477;M001;9.8047550159623;01;01;1;1;2;05;0;0;0
5;52;4483726;M001;9.9332506281667;01;01;1;4;1;09;0;0;0
5;52;2645853;M001;10.1681452608161;01;01;1;3;1;15;0;0;0
5;52;2645853;M002;10.1681452608161;01;01;1;2;1;14;0;0;0
5;52;861357;M001;11.6864804660926;01;01;1;4;2;12;0;0;0
5;52;6503006;M001;11.055357100482;01;01;1;3;1;06;0;0;0
5;52;3533812;M001;11.001573517629;01;01;1;3;2;14;0;0;0
5;52;4159521;M001;18.4530958981672;01;01;1;1;2;15;0;0;1
5;52;5572277;M001;7.2072318088811;01;01;1;3;2;14;0;0;0
5;52;3100655;M001;11.1786703327748;01;01;1;4;2;12;0;0;0
5;52;3456043;M001;14.1991987892689;01;01;1;3;1;11;0;0;0
5;52;1065418;M001;9.113766950156;01;01;1;3;1;09;0;0;0
5;52;2949544;M001;9.7201859796114;01;01;1;3;1;10;0;0;0
5;52;4368107;M001;8.5559531144636;01;01;1;2;1;12;0;0;0
5;52;7670628;M001;11.3979330739764;01;01;1;2;1;16;0;0;0
5;52;5018641;M001;11.055357100482;01;01;1;4;1;15;0;0;0
5;52;1131297;M001;7.9010580442613;02;01;1;3;2;17;0;0;0
5;52;4467447;M001;10.6995366884077;01;01;1;3;1;07;0;0;0
5;52;3510963;M001;9.8137839021924;01;01;1;3;2;08;0;0;0
5;52;1150869;M001;16.020485256346;01;01;1;4;1;13;0;0;0
5;52;5307397;M001;10.819396466479;01;01;1;2;1;04;0;0;0
5;52;4685022;M001;14.3652662399483;01;01;1;1;2;14;0;0;0
5;52;3966532;M001;15.2579591058292;01;01;1;2;2;09;0;0;0
5;52;2316060;M001;13.5070775249203;01;01;1;2;1;11;0;0;0
5;52;429799;M001;13.0912805906427;01;01;1;4;2;14;0;0;0
5;52;1679014;M001;13.662471330004;01;01;1;1;1;06;0;0;0
5;52;6874309;M001;13.8608206886656;01;01;1;3;2;09;0;0;0
5;52;4547836;M001;10.5519579635296;01;01;1;1;1;15;0;0;0
5;52;5200506;M001;8.1747199936491;01;01;1;2;2;14;0;0;0
5;52;3680204;M001;14.4034762725535;01;01;1;3;2;08;0;0;0
5;52;1707409;M001;9.575466378137;02;01;1;1;1;17;0;0;0
5;52;2287920;M001;9.9950136501045;01;01;1;3;2;14;0;0;0
5;52;2979893;M001;10.0017999026199;01;01;1;3;1;15;0;0;0
5;52;6486233;M001;13.7065757645569;01;01;1;1;1;13;0;0;0
5;52;2730662;M001;8.3994943992152;01;01;1;2;1;17;0;0;0
5;52;2792281;M001;10.4982935838667;01;01;1;4;1;12;0;0;0
5;52;796574;M001;8.9929387494643;01;01;1;4;2;09;0;0;0
5;52;6128458;M001;7.4076486775577;01;01;1;4;1;07;0;0;0
5;52;4014323;M001;7.4701746334882;01;01;1;4;1;08;0;0;0
5;52;7766652;M001;7.7221689338795;01;01;1;2;1;13;0;0;0
5;52;4485249;M001;9.440099713763;01;01;1;1;2;11;0;0;0
5;52;2406871;M001;9.9950136501045;01;01;1;3;2;17;0;0;0
5;52;3139103;M001;11.6124206170972;01;01;1;3;1;01;0;0;0
5;52;2286975;M001;10.4445100010138;01;01;1;4;1;17;0;0;0
5;52;4623792;M001;10.4982935838667;01;01;1;2;2;15;0;0;0
5;52;4026936;M001;10.4982935838667;01;01;1;4;1;15;0;0;0
5;52;1022280;M001;10.6621843492066;01;01;1;3;1;12;0;0;0
5;52;1058840;M001;7.4039539384123;01;01;1;2;1;15;0;0;0
5;52;2395730;M001;9.3007045703627;01;01;1;3;2;17;0;0;0
5;52;2090116;M001;6.0860536947542;01;01;1;1;1;13;0;0;0
5;52;1227326;M001;15.4536606145859;01;01;1;3;2;12;0;0;0
5;52;3610068;M001;7.1337468783623;01;01;1;1;1;06;0;0;0
5;52;2684147;M001;10.9244104177078;01;01;1;2;1;17;0;0;0
5;52;1896111;M001;9.976057935672;01;01;1;1;2;14;0;0;0
5;52;1896111;M002;9.976057935672;01;01;1;1;1;17;0;0;0
5;52;6334462;M001;18.0550329461128;01;01;1;3;2;17;0;0;0
5;52;4963781;M001;6.7504647008237;01;01;1;1;1;17;0;0;0
5;52;3844564;M001;9.6764561561314;01;01;1;3;1;17;0;0;0
5;52;5101136;M001;9.6764561561314;01;01;1;3;2;16;0;0;0
5;52;3875594;M001;10.7081601835427;01;01;1;3;1;12;0;0;0
5;52;4381912;M001;10.1923081698371;01;01;1;3;2;17;0;0;0
5;52;6949624;M001;10.1923081698371;01;01;1;3;1;15;0;0;0
5;52;750561;M001;10.4085584040022;01;01;1;2;2;13;0;0;0
5;52;750561;M002;10.4085584040022;01;01;1;2;1;17;0;0;0
5;52;91001;M001;13.0433416424741;01;01;1;2;2;13;0;0;0
5;52;4625899;M001;9.6764561561314;01;01;1;4;2;15;0;0;0
5;52;2475618;M001;10.1923081698371;01;01;1;3;2;16;0;0;0
5;52;3452120;M001;10.4085584040022;01;01;1;2;2;14;0;0;0
5;52;3167301;M001;9.6764561561314;01;01;1;4;1;11;0;0;0
5;52;4184899;M001;9.4602059219663;01;01;1;3;2;13;0;0;0
5;52;2200530;M001;10.1923081698371;01;01;1;4;2;13;0;0;0
5;52;5458860;M001;9.976057935672;01;01;1;3;2;12;0;0;0
5;52;2157565;M001;9.6764561561314;01;01;1;3;1;16;0;0;0
5;52;797778;M001;10.1923081698371;01;01;1;1;1;17;0;0;0
5;52;7098685;M001;9.4602059219663;01;01;1;3;2;17;0;0;0
5;52;2409002;M001;10.1923081698371;01;01;1;4;1;10;0;0;0
5;52;2413468;M001;10.1923081698371;01;01;1;3;1;12;0;0;0
5;52;7486077;M001;10.4085584040022;01;01;1;4;2;14;0;0;0
5;52;4354049;M001;9.6764561561314;01;01;1;1;2;15;0;0;0
5;52;1083440;M001;11.6565126655786;01;01;1;2;1;11;0;0;0
5;52;1636028;M001;9.3772705642084;08;01;2;3;2;17;0;0;0
5;52;7697835;M001;10.6571587194434;08;01;2;3;1;17;0;0;0
5;52;3510393;M001;9.976057935672;01;01;1;4;2;17;0;0;0
5;52;3308811;M001;4.9753976610593;01;01;1;3;2;01;0;0;0
5;52;1049074;M001;7.2655766172933;01;01;1;3;1;08;0;0;0
5;52;7438064;M001;10.1923081698371;01;01;1;4;2;17;0;0;0
5;52;931882;M001;16.6602173147798;08;01;2;2;2;15;0;0;0
5;52;2983747;M001;20.1755827791714;01;01;1;3;1;17;0;0;0
5;52;3169814;M001;7.0152365404072;08;01;2;2;2;16;0;0;0
5;52;7478345;M001;11.4892164949219;01;01;1;2;2;17;0;0;0
5;52;3107084;M001;12.081240246762;08;01;2;4;1;17;0;0;0
5;52;758975;M001;13.8962654000109;08;01;2;1;1;04;0;0;0
5;52;1872687;M001;10.1923081698371;01;01;1;1;1;08;0;0;0
5;52;5683898;M001;13.459865319797;01;01;1;1;2;17;0;0;0
5;52;5749448;M001;13.8591308493693;01;01;1;4;2;13;0;0;0
5;52;5189078;M001;18.0569307511605;01;01;1;2;2;13;0;0;0
5;52;6010403;M001;12.2054813629195;01;01;1;4;2;01;0;0;0
5;52;6088118;M001;12.0389688801392;01;01;1;2;1;10;0;0;0
5;52;5623143;M001;8.9029403671538;01;01;1;2;1;17;0;0;0
5;52;7438902;M001;13.093513010095;01;01;1;2;1;12;0;0;0
5;52;868257;M001;12.2108466942761;01;01;1;4;1;01;0;0;0
5;52;5613591;M001;12.0312661836162;01;01;1;4;2;17;0;0;0
5;52;953806;M001;13.093513010095;01;01;1;3;1;14;0;0;0
5;52;1298778;M001;12.8430495498849;01;01;1;3;1;10;0;0;0
5;52;3164869;M001;11.6297004228392;01;01;1;4;1;17;0;0;0
5;52;3520735;M001;12.0312661836162;01;01;1;1;2;16;0;0;0
5;52;56463;M001;9.3399967510573;01;01;1;1;2;16;0;0;0
5;52;5161914;M001;8.7959140992097;01;01;1;4;1;16;0;0;0
5;52;2537749;M001;6.1096893435656;01;01;1;2;1;15;0;0;0
5;52;3519896;M001;8.7958281671829;01;01;1;3;1;17;0;0;0
5;52;3519896;M002;8.7958281671829;01;01;1;3;1;13;0;0;0
5;52;1757811;M001;10.8042135388157;01;01;1;1;1;16;0;0;0
5;52;924056;M001;14.1447879451582;01;01;1;1;2;17;0;0;0
5;52;1435655;M001;8.6758521357099;01;01;1;1;1;16;0;0;0
5;52;3834225;M001;8.6758521357099;01;01;1;4;1;15;0;0;0
5;52;2764369;M001;7.0826889113128;01;01;1;4;2;17;0;0;0
5;52;7647;M001;9.1533286677153;01;01;1;3;1;14;0;0;0
5;52;4454931;M001;7.1939329745162;01;01;1;3;2;10;0;0;0
5;52;288811;M001;12.103913280314;01;01;1;1;2;17;0;0;0
5;52;4174560;M001;10.444461056941;01;01;1;3;1;15;0;0;0
5;52;7804292;M001;9.7627658556687;01;01;1;2;1;11;0;0;0
5;52;6285156;M001;9.3477406727545;01;01;1;1;1;17;0;0;0
5;52;4501901;M001;9.3893080697799;01;01;1;4;1;14;0;0;0
5;52;4501901;M002;9.3893080697799;01;01;1;4;1;17;0;0;0
5;52;2117948;M001;2.0192592592593;01;01;1;3;1;17;0;0;0
5;52;1266604;M001;7.4099930840828;01;01;1;4;2;17;0;0;0
5;52;3376967;M001;21.6011651763201;01;01;1;2;2;15;0;0;0
5;52;52523;M001;12.3228451092538;01;01;1;3;1;17;0;0;0
5;52;5446137;M001;7.2648757449345;01;01;1;2;2;12;0;0;0
5;52;3221038;M001;8.8699098127982;01;01;1;2;1;11;0;0;0
5;52;181799;M001;9.9939446101494;01;01;1;3;2;16;0;0;0
5;52;4593010;M001;12.7245066113907;01;01;1;1;2;16;0;0;0
5;52;4724498;M001;8.7150258243154;01;01;1;3;1;15;0;0;0
5;52;3975341;M001;16.7346482842276;01;01;1;1;1;17;0;0;0
5;52;4438734;M001;8.6159081874067;01;01;1;3;1;14;0;0;0
5;52;4493673;M001;12.0042979179734;01;01;1;2;1;10;0;0;0
5;52;6410005;M001;7.7204643053039;01;01;1;2;1;16;0;0;0
5;52;4648659;M001;18.1156716203609;08;01;2;3;2;11;0;0;0
5;52;1389132;M001;11.0046076433397;01;01;1;1;2;09;0;0;0
5;52;7764289;M001;10.551160416666;01;01;1;2;2;16;0;0;0
5;52;5777473;M001;5.9875605233064;01;01;1;4;2;17;0;0;0
5;52;84083;M001;8.8500642790906;01;01;1;2;1;11;0;0;0
5;52;2150775;M001;13.8606231737934;01;01;1;1;2;16;0;0;0
5;52;6094188;M001;11.3240070250277;01;01;1;2;2;17;0;0;0
5;52;1193907;M001;13.2112372620137;01;01;1;2;2;14;0;0;0
5;52;5305698;M001;9.9597497472312;01;01;1;3;1;05;0;0;0
5;52;6726554;M001;6.1869223373573;01;01;1;2;1;17;0;0;0
5;52;3694114;M001;13.0951560555149;01;01;1;2;1;16;0;0;0
5;52;7535110;M001;11.7849742906615;01;01;1;1;2;14;0;0;0
5;52;2074474;M001;11.1554421420749;01;01;1;3;1;17;0;0;0
5;52;2417616;M001;16.2660938959738;01;01;1;3;1;17;0;0;0
5;52;2410033;M001;8.6209534166552;01;01;1;3;1;16;0;0;0
5;52;7015248;M001;13.372964691878;01;01;1;1;1;16;0;0;0
5;52;2394011;M001;10.1209027892706;01;01;1;2;2;12;0;0;0
5;52;399309;M001;7.6915383530204;01;01;1;4;1;11;0;0;0
5;52;3240246;M001;6.9514280448295;01;01;1;2;1;13;0;0;0
5;52;7478197;M001;10.8820131405395;01;01;1;4;1;09;0;0;0
5;52;3074360;M001;6.6233771631868;01;01;1;3;2;01;0;0;0
5;52;6250289;M001;11.1824266464048;01;01;1;1;1;11;0;0;0
5;52;2276259;M001;2.0242188405663;01;01;1;3;1;12;0;0;0
5;52;3916623;M001;4.3958557513985;01;01;1;2;1;17;0;0;0
5;52;3916623;M002;4.3958557513985;01;01;1;3;2;15;0;0;0
5;52;1243692;M001;4.4884067149046;01;01;1;3;1;07;0;0;0
5;52;6016305;M001;3.7732167745588;01;01;1;3;1;13;0;0;0
5;52;7241914;M001;4.9684234649268;01;01;1;4;2;16;0;0;0
5;52;6042742;M001;1.1408673464593;01;01;1;3;2;14;0;0;0
5;52;1398890;M001;2.2297567549665;01;01;1;1;2;01;0;0;0
5;52;1351400;M001;4.6184046040481;01;01;1;4;1;17;0;0;0
5;52;4638464;M001;4.8646091165216;01;01;1;1;1;13;0;0;0
5;52;4220875;M001;2.2216155126397;01;01;1;4;2;17;0;0;0
5;52;4302620;M001;4.4797182087313;01;01;1;1;1;09;0;0;0
5;52;4703101;M001;4.3569675209112;01;01;1;3;2;14;0;0;0
5;52;4679685;M001;2.6068863816835;01;01;1;4;2;11;0;0;0
5;52;3526449;M001;3.4337574887115;01;01;1;1;1;17;0;0;0
5;52;6713200;M001;1.7754626022126;01;01;1;4;2;13;0;0;0
5;52;3234863;M001;2.2018269921847;01;01;1;1;1;13;0;0;0
5;52;3234863;M002;2.2018269921847;01;01;1;3;1;13;0;0;0
5;52;3407709;M001;4.4879519322545;01;01;1;2;1;17;0;0;0
5;52;3932960;M001;2.6897742238113;01;01;1;3;1;10;0;0;0
5;52;3507140;M001;2.9357628632118;01;01;1;3;1;15;0;0;0
5;52;6587202;M001;3.988232773613;01;01;1;1;2;14;0;0;0
5;52;3055474;M001;3.0841745337688;01;01;1;4;1;11;0;0;0
5;52;3316258;M001;5.8221536830598;01;01;1;4;1;01;0;0;0
5;52;3833603;M001;3.2085564871081;01;01;1;3;1;15;0;0;0
5;52;1510804;M001;3.3325409249922;01;01;1;3;1;11;0;0;0
5;52;5035155;M001;2.7116443628297;01;01;1;2;2;12;0;0;0
5;52;6643205;M001;4.2580874203406;01;01;1;3;1;15;0;0;0
5;52;2447497;M001;4.9069847488464;08;01;2;1;1;15;0;0;0
5;52;3594742;M001;5.4730986094495;01;01;1;2;1;17;0;0;0
5;52;6500965;M001;3.9379061057464;01;01;1;3;1;17;0;0;0
5;52;7214882;M001;2.6037030010964;01;01;1;1;1;17;0;0;0
5;52;1672366;M001;2.4727185897531;01;01;1;1;1;17;0;0;0
5;52;99432;M001;2.8543775756611;08;01;2;3;1;17;0;0;0
5;52;1819932;M001;2.7229383816677;08;01;2;2;1;07;0;0;0
5;52;4559831;M001;4.0033060204117;08;01;2;1;1;12;0;0;0
5;52;6752405;M001;5.2895086837159;01;01;1;3;2;17;0;0;0
5;52;1653302;M001;7.2137884042439;01;01;1;1;2;16;0;0;0
5;52;6829155;M001;5.1527330183319;01;01;1;3;2;17;0;0;0
5;52;1320696;M001;6.0418594342747;01;01;1;3;2;17;0;0;0
5;52;7402278;M001;7.206586521458;01;01;1;2;1;17;0;0;0
5;52;6992562;M001;3.432712995571;01;01;1;1;2;15;0;0;0
5;52;1687092;M001;5.2337695740717;01;01;1;2;1;05;0;0;0
5;52;2622069;M001;5.4563773848267;01;01;1;3;2;13;0;0;0
5;52;2089572;M001;3.6858235963168;01;01;1;2;2;17;0;0;0
5;52;7280727;M001;2.9826192693368;01;01;1;3;1;17;0;0;0
5;52;5981987;M001;4.5104828180831;01;01;1;3;1;14;0;0;0
5;52;4227333;M001;5.46224441082;01;01;1;4;1;13;0;0;0
5;52;4671957;M001;5.3075806920725;01;01;1;2;2;14;0;0;0
5;52;6616773;M001;5.3644205385851;01;01;1;4;1;09;0;0;0
5;52;2240250;M001;4.6331946759671;01;01;1;3;1;17;0;0;0
5;52;573283;M001;3.9349764834525;01;01;1;3;1;17;0;0;0
5;52;825789;M001;4.6724488463231;01;01;1;1;2;13;0;0;0
5;52;958511;M001;4.4538368667381;01;01;1;3;1;14;0;0;0
5;52;2199710;M001;4.2669487107118;01;01;1;1;1;16;0;0;0
5;52;2337814;M001;7.1094853522677;01;01;1;4;2;13;0;0;0
5;52;365949;M001;2.9290730143768;01;01;1;2;2;10;0;0;0
5;52;7594575;M001;2.9552700017692;01;01;1;4;1;14;0;0;0
5;52;6791474;M001;5.3917465321299;01;01;1;3;1;15;0;0;0
5;52;3967847;M001;4.2811011396339;01;01;1;2;1;17;0;0;0
5;52;5296174;M001;4.1763561367756;01;01;1;1;2;17;0;0;0
5;52;1294373;M001;2.0666227289277;01;01;1;1;1;05;0;0;0
5;52;6365554;M001;4.4294116917631;01;01;1;3;1;16;0;0;0
5;52;5556214;M001;4.2189521298539;01;01;1;2;2;10;0;0;0
5;52;3281517;M001;6.3959606939193;01;01;1;1;1;10;0;0;0
5;52;4830918;M001;4.4530851516523;01;01;1;2;2;17;0;0;0
5;52;3946715;M001;5.4934676774859;01;01;1;1;1;14;0;0;0
5;52;448811;M001;4.1555160317148;01;01;1;1;1;12;0;0;0
5;52;3062082;M001;3.0732071233498;01;01;1;3;1;17;0;0;0
5;52;6066247;M001;3.7239227954174;01;01;1;1;1;08;0;0;0
5;52;1080905;M001;4.8045732576938;01;01;1;3;2;13;0;0;0
5;52;6342222;M001;7.0871408285235;01;01;1;1;1;11;0;0;0
5;52;6234180;M001;5.7967971556689;01;01;1;4;1;05;0;0;0
5;52;5881630;M001;5.1760856722139;01;01;1;4;1;15;0;0;0
5;52;7315402;M001;3.3882075702677;01;01;1;4;2;17;0;0;0
5;52;4735682;M001;6.339352074237;01;01;1;4;2;11;0;0;0
5;52;467055;M001;4.6758114240805;01;01;1;2;2;14;0;0;0
5;52;3127210;M001;3.5821696245533;08;01;2;4;1;07;0;0;0
5;52;5614187;M001;6.7792362811314;08;01;2;3;1;01;0;0;0
5;52;5063508;M001;5.1083888694089;08;01;2;4;2;17;0;0;0
5;52;6683871;M001;5.9087431078377;08;01;2;3;1;14;0;0;0
5;52;3995243;M002;5.5256396686516;08;01;2;2;2;14;0;0;0
5;52;1239057;M001;2.4234693877556;08;01;2;1;2;15;0;0;0
5;52;1444854;M001;3.0558694880632;03;01;1;4;1;14;0;0;0
5;52;5109798;M001;2.4235918510564;03;01;1;1;1;16;0;0;0
5;52;921784;M001;3.1629296009456;08;01;2;4;1;17;0;0;0
5;52;2411400;M001;3.2313719018143;01;01;1;3;2;17;0;0;0
5;52;5121178;M001;5.4534977301841;01;01;1;4;1;06;0;0;0
5;52;1462794;M001;3.1829014287581;01;01;1;2;1;15;0;0;0
5;52;5635390;M001;6.1413539015733;01;01;1;2;1;15;0;0;0
5;52;773407;M001;6.244291638519;01;01;1;4;1;16;0;0;0
5;52;1658516;M001;5.3952688836928;01;01;1;3;1;16;0;0;0
5;52;1658516;M002;5.3952688836928;01;01;1;3;1;16;0;0;0
5;52;5683432;M001;3.0714327444175;01;01;1;2;1;06;0;0;0
5;52;3802309;M001;6.4251956693172;01;01;1;1;1;08;0;0;0
5;52;4416037;M001;3.3103015284111;01;01;1;2;1;17;0;0;0
5;52;4427304;M001;4.2308783313446;01;01;1;4;2;11;0;0;0
5;52;564451;M001;3.2302817353317;01;01;1;4;1;15;0;0;0
5;52;2969634;M001;5.2190108050258;01;01;1;2;1;16;0;0;0
5;52;3925292;M001;3.3981500305093;01;01;1;1;2;01;0;0;0
5;52;2792438;M001;4.8327044749941;01;01;1;3;1;16;0;0;0
5;52;4039047;M001;3.9926366838252;01;01;1;1;1;12;0;0;0
5;52;3880890;M001;3.9038478424627;01;01;1;3;2;07;0;0;0
5;52;3880890;M002;3.9038478424627;01;01;1;3;2;02;0;0;0
5;52;2477954;M001;4.6531346712309;01;01;1;4;1;11;0;0;0
5;52;5633416;M001;4.6531346712309;01;01;1;4;1;11;0;0;0
5;52;4934574;M001;5.4036030105123;01;01;1;3;1;13;0;0;0
5;52;2950050;M001;6.0883324259781;01;01;1;2;1;13;0;0;0
5;52;3593795;M001;2.3574591674167;01;01;1;2;2;14;0;0;0
5;52;5508375;M001;2.5677505737406;01;01;1;2;1;13;0;0;0
5;52;5867476;M001;2.2201548250419;01;01;1;1;2;17;0;0;0
5;52;5867476;M002;2.2201548250419;01;01;1;1;1;08;0;0;0
5;52;622529;M001;2.7788728801607;01;01;1;1;1;12;0;0;0
5;52;3142672;M001;1.9315667897052;01;01;1;3;2;15;0;0;0
5;52;3878891;M001;2.2411268305202;01;01;1;4;2;16;0;0;0
5;52;143902;M001;1.6862516779382;01;01;1;4;2;14;0;0;0
5;52;5832109;M001;2.1903647805119;01;01;1;4;1;16;0;0;0
5;52;5862278;M001;1.9006463896864;01;01;1;3;1;14;0;0;0
5;52;3987904;M001;2.2777121502885;01;01;1;3;1;17;0;0;0
5;52;3997073;M001;2.3452807575198;01;01;1;1;1;13;0;0;0
5;52;2807734;M001;2.0139066234892;01;01;1;2;1;13;0;0;0
5;52;1175821;M001;2.4511091970301;01;01;1;4;1;12;0;0;0
5;52;273564;M001;2.0014191107672;08;01;2;3;1;08;0;0;0
5;52;6276629;M001;1.814858042917;08;01;2;2;2;16;0;0;0
5;52;1492721;M001;1.7035211132699;08;01;2;3;1;17;0;0;0
5;52;3848245;M001;1.8329529645871;08;01;2;3;2;13;0;0;0
5;52;5253184;M001;1.7511738310571;08;01;2;3;1;16;0;0;0
5;52;5546732;M001;1.9536173465965;08;01;2;3;1;04;0;0;0
5;52;4196007;M001;2.7860871396278;01;01;1;2;2;14;0;0;0
5;52;7272468;M001;2.7981141815832;01;01;1;3;2;10;0;0;0
5;52;2422134;M001;3.7485755304727;01;01;1;4;2;16;0;0;0
5;52;3007582;M001;3.1308144993395;01;01;1;2;1;07;0;0;0
5;52;559647;M001;3.0073229042434;08;01;2;1;2;13;0;0;0
5;52;4104238;M001;4.2974788161245;08;01;2;3;1;10;0;0;0
5;52;390480;M001;1.8009217346877;08;01;2;3;1;17;0;0;0
5;52;3788721;M001;3.5534944127132;08;01;2;4;2;17;0;0;0
5;52;7733413;M001;2.5496840266447;08;01;2;2;1;01;0;0;0
5;52;1164043;M001;4.2104906734923;08;01;2;1;1;15;0;0;0
5;52;6530570;M001;2.7048571893279;08;01;2;1;2;12;0;0;0
5;52;1168480;M001;3.792218080899;08;01;2;1;1;13;0;0;0
5;52;2881433;M001;3.4244326309879;08;01;2;4;1;17;0;0;0
5;52;7133857;M001;2.4657899252827;08;01;2;3;2;09;0;0;0
5;52;4930281;M001;3.465670832292;08;01;2;4;2;17;0;0;0
5;52;1204849;M001;4.2974788161245;08;01;2;4;2;15;0;0;0
5;52;7505586;M001;2.3728542267031;08;01;2;1;1;12;0;0;0
5;52;4874726;M001;2.4657899252827;08;01;2;2;2;10;0;0;0
5;52;4397122;M001;1.9643518606569;01;01;1;1;1;16;0;0;0
5;52;1121167;M001;3.1978148452807;01;01;1;1;1;15;0;0;0
5;52;6908875;M001;4.2114624356108;01;01;1;3;2;01;0;0;0
5;52;4318738;M001;2.741041824308;01;01;1;3;2;17;0;0;0
5;52;3050356;M001;2.538152046157;01;01;1;3;1;17;0;0;0
5;52;3200660;M001;3.104007812725;01;01;1;2;1;16;0;0;0
5;52;259925;M001;3.4275964667822;01;01;1;3;2;17;0;0;0
5;52;4788223;M001;3.4670216882593;01;01;1;2;1;08;0;0;0
5;52;2598214;M001;1.9979251831257;01;01;1;1;1;17;0;0;0
5;52;318323;M001;1.9533625645511;01;01;1;3;1;11;0;0;0
5;52;5320832;M001;2.6899546914031;01;01;1;3;1;08;0;0;0
5;52;4163029;M001;2.1365836997679;01;01;1;4;1;15;0;0;0
5;52;2010617;M001;3.4754459902245;01;01;1;3;1;17;0;0;0
5;52;7601009;M001;1.4514692780306;01;01;1;2;1;17;0;0;0
5;52;1821195;M001;1.6007364433868;01;01;1;2;1;01;0;0;0
5;52;3318709;M001;2.1901331289712;01;01;1;1;1;17;0;0;0
5;52;5303790;M001;2.7144658939991;01;01;1;4;1;13;0;0;0
5;52;1951076;M001;1.8922715181677;01;01;1;4;1;08;0;0;0
5;52;1778212;M001;1.776009642411;01;01;1;3;2;12;0;0;0
5;52;6554313;M001;2.2118960860561;08;01;2;1;1;04;0;0;0
5;52;2368042;M001;1.804386010667;08;01;2;3;1;17;0;0;0
5;52;1664150;M001;1.8974345879345;08;01;2;3;1;10;0;0;0
5;52;7259751;M001;2.7370642325892;05;01;2;1;1;13;0;0;0
5;52;6781370;M001;1.7808094407863;05;01;2;1;1;07;0;0;0
5;52;7754800;M001;4.0817368939359;01;01;1;3;2;04;0;0;0
5;52;696193;M001;3.0771588567463;01;01;1;1;2;15;0;0;0
5;52;7271125;M001;4.0810211512906;01;01;1;1;1;16;0;0;0
5;52;2489147;M001;1.5792986545768;08;05;2;1;2;16;0;0;0
5;52;3696042;M001;2.9923950669504;08;01;2;3;1;14;0;0;0
5;52;6080285;M001;2.8869922362;08;01;2;4;2;15;0;0;0
5;52;71816;M001;2.8522562900367;01;01;1;3;2;17;0;0;0
5;52;4940250;M001;2.8269177335271;01;01;1;4;1;13;0;0;0
5;52;2874997;M001;2.907111905672;01;01;1;3;2;17;0;0;0
5;52;6922787;M001;3.1825616874968;01;01;1;1;1;17;0;0;0
5;52;4356901;M001;1.7076105311493;02;01;1;3;2;13;0;0;0
5;52;7409386;M001;2.6521588296419;08;01;2;2;2;17;0;0;0
5;52;4044549;M001;3.0287053714444;03;01;1;3;1;16;0;0;0
5;52;4727787;M001;9.8717259872191;01;01;1;1;2;12;0;0;0
5;52;4693986;M001;14.832900840436;01;01;1;3;1;12;0;0;0
5;52;727293;M001;16.1434889254445;01;01;1;3;2;11;0;0;0
5;52;727293;M002;16.1434889254445;01;01;1;4;1;10;0;0;0
5;52;5332691;M001;17.5726327598361;01;01;1;3;1;12;0;0;0
5;52;3755703;M001;8.8523999456052;01;01;1;1;2;14;0;0;0
5;52;3250182;M001;15.5169549987106;01;01;1;4;1;17;0;0;0
5;52;711639;M001;13.4142760910281;01;01;1;2;1;09;0;0;0
5;52;5119164;M001;13.3763195184315;08;01;2;3;1;17;0;0;0
5;52;6510686;M001;9.3596885630802;08;01;2;1;2;07;0;0;0
5;52;555797;M001;10.0916461481238;08;01;2;1;2;01;0;0;0
5;52;3213155;M001;13.7565463252157;03;01;1;1;1;16;0;0;0
5;52;6459694;M001;8.35102973791;03;01;1;3;1;15;0;0;0
5;52;6688946;M001;11.3979879559554;03;01;1;1;2;13;0;0;0
5;52;2463873;M001;11.5880027482147;01;01;1;3;1;10;0;0;0
5;52;5897732;M001;14.3779140588494;01;01;1;1;2;08;0;0;0
5;52;3728539;M001;7.8810084184424;01;01;1;3;2;08;0;0;0
5;52;671726;M001;10.645089901667;01;01;1;3;1;14;0;0;0
5;52;671726;M002;10.645089901667;01;01;1;3;1;17;0;0;0
5;52;3141717;M001;7.1364131938966;01;01;1;3;2;16;0;0;0
5;52;6734908;M001;16.7892787299523;01;01;1;4;1;14;0;0;0
5;52;2027642;M001;13.8042868744552;01;01;1;2;1;11;0;0;0
5;52;5586808;M001;2.1470588235294;01;01;1;4;1;09;0;0;0
5;52;7279177;M001;5.9569258360707;01;01;1;3;2;10;0;0;0
5;52;509543;M001;10.4606293173431;01;01;1;3;1;14;0;0;0
5;52;7487733;M001;14.0207889937879;02;01;1;2;1;07;0;0;0
5;52;6412267;M001;8.9501201162155;01;01;1;4;1;14;0;0;0
5;52;6663763;M001;7.3986169247177;01;01;1;3;2;17;0;0;0
5;52;2997891;M001;12.9032352654255;01;01;1;2;1;17;0;0;0
5;52;2677398;M001;10.739202044933;01;01;1;4;2;17;0;0;0
5;52;7642039;M001;9.8324044385386;02;01;1;3;1;16;0;0;0
5;52;7271099;M001;15.5169549987106;01;01;1;3;1;16;0;0;0
5;52;6510772;M001;10.6252710028332;01;01;1;3;1;15;0;0;0
5;52;4656488;M001;12.5341423353296;01;01;1;3;2;09;0;0;0
5;52;1653884;M001;8.8714953981578;01;01;1;4;1;09;0;0;0
5;52;518724;M001;8.7737671970993;01;01;1;1;1;13;0;0;0
5;52;2864843;M001;8.3972572225674;01;01;1;3;2;15;0;0;0
5;52;3795233;M001;12.30414488712;01;01;1;3;2;12;0;0;0
5;52;4888486;M001;10.1399368914317;01;01;1;4;1;11;0;0;0
5;52;1094820;M001;10.3099475755546;01;01;1;2;1;06;0;0;0
5;52;6363178;M001;12.664810218399;01;01;1;2;2;09;0;0;0
5;52;5766530;M001;9.2093870167178;08;01;2;2;1;05;0;0;0
5;52;4001623;M001;5.5853024779922;01;01;1;1;1;06;0;0;0
5;52;5162340;M001;6.8264740640472;02;01;1;4;1;14;0;0;0
5;52;2988814;M001;6.4798000503996;02;01;1;1;2;16;0;0;0
5;52;1240277;M001;13.1566884536613;02;01;1;4;2;12;0;0;0
5;52;4619247;M001;10.2596576093046;01;01;1;4;1;10;0;0;0
5;52;2839679;M001;13.7841262514259;01;01;1;4;2;11;0;0;0
5;52;2776888;M001;3.5943548425185;01;01;1;2;2;17;0;0;0
5;52;2776888;M002;3.5943548425185;01;01;1;3;1;11;0;0;0
5;52;5773854;M001;4.5367469943491;01;01;1;4;1;11;0;0;0
5;52;4941506;M001;4.8856451249267;01;01;1;3;1;10;0;0;0
5;52;2968442;M001;2.699387856311;01;01;1;4;2;16;0;0;0
5;52;756549;M001;3.9755260191844;01;01;1;1;1;07;0;0;0
5;52;4978384;M001;2.8585474073817;01;01;1;4;1;11;0;0;0
5;52;7245558;M001;5.240817567262;01;01;1;1;2;12;0;0;0
5;52;2484781;M001;2.8208317458582;01;01;1;4;1;17;0;0;0
5;52;1401725;M001;2.7809121528912;01;01;1;4;1;13;0;0;0
5;52;104722;M001;3.9620896226653;01;01;1;2;1;10;0;0;0
5;52;681488;M001;2.9367533063555;01;01;1;3;2;17;0;0;0
5;52;3211230;M001;3.7448434901973;01;01;1;3;1;17;0;0;0
5;52;6274458;M001;4.0925785910757;05;01;2;3;1;17;0;0;0
5;52;5558661;M001;2.3246640287268;08;01;2;4;2;17;0;0;0
5;52;3194986;M001;3.2723258938532;08;01;2;3;2;11;0;0;0
5;52;3194986;M002;3.2723258938532;08;01;2;4;2;06;0;0;0
5;52;6207220;M001;3.1882150924787;08;01;2;2;1;17;0;0;0
5;52;1607462;M001;2.9273570667883;08;01;2;2;1;06;0;0;0
5;52;6395802;M001;3.0393281176207;08;01;2;1;2;11;0;0;0
5;52;5399859;M001;3.8364901963362;02;01;1;4;1;14;0;0;0
5;52;7656034;M001;5.8332036455432;01;01;1;3;1;04;0;0;0
5;52;1439361;M001;5.0928530798566;01;01;1;3;1;17;0;0;0
5;52;6073893;M001;4.4214837335326;01;01;1;3;2;14;0;0;0
5;52;1847655;M001;4.6362374864312;01;01;1;4;1;17;0;0;0
5;52;7533511;M001;5.9429250752141;01;01;1;3;2;10;0;0;0
5;52;5920199;M001;3.370059944705;01;01;1;3;1;17;0;0;0
5;52;7417326;M001;5.1982014578255;01;01;1;3;1;15;0;0;0
5;52;980258;M001;6.5737594354145;01;01;1;1;2;17;0;0;0
5;52;5125730;M001;3.788523824349;01;01;1;1;2;12;0;0;0
5;52;4321943;M001;6.1863452817536;01;01;1;3;1;09;0;0;0
5;52;7042629;M001;4.977008326041;01;01;1;3;1;15;0;0;0
5;52;2034839;M001;5.2700865898403;01;01;1;2;2;17;0;0;0
5;52;7277398;M001;4.1945320198409;01;01;1;2;1;14;0;0;0
5;52;667653;M001;6.7464100367228;01;01;1;2;1;16;0;0;0
5;52;2536508;M001;8.4433844245541;01;01;1;3;1;10;0;0;0
5;52;490858;M001;5.3649516137682;08;01;2;3;1;06;0;0;0
5;52;7181910;M001;5.6386792600289;08;01;2;4;1;10;0;0;0
5;52;6233598;M001;4.086680648002;08;01;2;1;1;14;0;0;0
5;52;6268215;M001;4.6803653948465;01;01;1;4;2;14;0;0;0
5;52;4138490;M001;6.5281522808534;01;01;1;2;1;10;0;0;0
5;52;1639054;M001;4.8334422773745;01;01;1;4;1;17;0;0;0
5;52;2285505;M001;5.2682550511763;01;01;1;2;2;15;0;0;0
5;52;2080242;M001;3.9801913663047;08;01;2;2;1;16;0;0;0
5;52;7336604;M001;5.6568631378874;05;01;2;2;2;12;0;0;0
5;52;4888951;M001;3.8031682785403;01;01;1;2;1;14;0;0;0
5;52;5866480;M001;3.5051185891222;01;01;1;3;1;14;0;0;0
5;52;2007225;M001;2.0841244052811;01;01;1;1;1;14;0;0;0
5;52;5228350;M001;2.5701477810391;01;01;1;1;1;17;0;0;0
5;52;6333692;M001;3.5155543154925;01;01;1;3;1;17;0;0;0
5;52;5810190;M001;3.6929833964791;01;01;1;2;1;12;0;0;0
5;52;4554722;M001;3.4258874714499;01;01;1;1;1;14;0;0;0
5;52;2532328;M001;3.899605171208;01;01;1;4;2;13;0;0;0
5;52;2534722;M001;3.0811175958358;01;01;1;1;1;17;0;0;0
5;52;5200271;M001;2.552628821407;01;01;1;2;1;01;0;0;0
5;52;6247977;M001;2.855900755688;01;01;1;4;1;17;0;0;0
5;52;3207683;M001;4.277735792007;01;01;1;3;1;12;0;0;0
5;52;5161833;M001;3.1817646513502;01;01;1;3;2;12;0;0;0
5;52;1128813;M001;2.8288637198538;01;01;1;3;2;11;0;0;0
5;52;4982382;M001;2.2380310576698;01;01;1;3;2;11;0;0;0
5;52;119318;M001;3.7172304247966;01;01;1;3;2;12;0;0;0
5;52;1314140;M001;2.945335276476;01;01;1;3;1;12;0;0;0
5;52;253057;M001;3.0569271481596;02;01;1;4;1;17;0;0;0
5;52;6971783;M001;3.0460388980014;02;01;1;4;2;17;0;0;0
5;52;1017134;M001;2.9301344774264;08;01;2;2;1;17;0;0;0
5;52;2411256;M001;3.7691857087937;08;01;2;1;1;17;0;0;0
5;52;1033174;M001;4.1909449080879;08;01;2;3;2;17;0;0;0
5;52;6974374;M001;3.0906109140127;01;01;1;2;1;06;0;0;0
5;52;71599;M001;2.5672647294377;01;01;1;3;1;14;0;0;0
5;52;2412503;M001;3.4159830754959;01;01;1;4;1;15;0;0;0
5;52;4217817;M001;3.2496164994497;01;01;1;1;2;17;0;0;0
5;52;100416;M001;3.0460388980014;01;01;1;4;2;17;0;0;0
5;52;6428457;M001;3.5630871636191;01;01;1;2;1;11;0;0;0
5;52;6493683;M001;3.0317627711794;01;01;1;3;1;12;0;0;0
5;52;1755043;M001;3.317923273924;01;01;1;2;2;14;0;0;0
5;52;221960;M001;4.5425338780862;01;01;1;1;1;09;0;0;0
5;52;505176;M001;3.4934848668388;01;01;1;3;1;15;0;0;0
5;52;4861349;M001;2.6320983698383;08;01;2;4;1;17;0;0;0
5;52;1334100;M001;6.2091452803519;01;01;1;1;2;17;0;0;0
5;52;2277039;M001;4.7081403676194;01;01;1;1;2;17;0;0;0
5;52;5948940;M001;3.3153321037655;01;01;1;4;1;11;0;0;0
5;52;5245101;M001;5.1732617063214;01;01;1;1;1;13;0;0;0
5;52;5185871;M001;4.5001516962602;01;01;1;4;2;16;0;0;0
5;52;6990640;M001;6.1035433273836;01;01;1;3;1;09;0;0;0
5;52;2755763;M001;4.7381712458995;01;01;1;1;1;05;0;0;0
5;52;6886927;M001;3.2791249844456;01;01;1;4;2;17;0;0;0
5;52;6931203;M001;3.5878635649935;01;01;1;2;2;11;0;0;0
5;52;6931203;M002;3.5878635649935;01;01;1;4;1;10;0;0;0
5;52;1916393;M001;4.1285670175147;01;01;1;3;1;06;0;0;0
5;52;382982;M001;3.7418985731256;01;01;1;1;2;15;0;0;0
5;52;5565426;M001;7.6385828616842;01;01;1;4;1;17;0;0;0
5;52;6455118;M001;6.1482375565599;01;01;1;3;2;17;0;0;0
5;52;2325299;M001;3.2951904177416;01;01;1;3;1;17;0;0;0
5;52;6809026;M001;3.2059872069914;01;05;1;1;2;12;0;0;0
5;52;7400659;M001;6.0663331700301;01;01;1;3;1;17;0;0;0
5;52;2669653;M001;6.0729395016611;01;01;1;4;2;05;0;0;0
5;52;5780701;M001;5.0734112928843;01;01;1;4;1;14;0;0;0
5;52;1145189;M001;3.5685016739467;01;01;1;3;1;09;0;0;0
5;52;5157848;M001;4.9827351208933;01;01;1;1;1;05;0;0;0
5;52;6728072;M001;4.6575631879329;01;01;1;2;1;12;0;0;0
5;52;6780108;M001;4.7583228233851;01;01;1;2;2;12;0;0;0
5;52;2039697;M001;4.5248938377096;01;01;1;1;2;17;0;0;0
5;52;371957;M001;7.009717855779;01;01;1;2;2;14;0;0;0
5;52;4931205;M001;4.7657618832769;01;01;1;2;1;13;0;0;0
5;52;5390334;M001;4.2279559867844;01;01;1;3;1;15;0;0;0
5;52;5983210;M001;7.2473897269327;01;01;1;3;1;14;0;0;0
5;52;3830209;M001;5.035649728518;01;01;1;2;1;17;0;0;0
5;52;5973212;M001;4.1138262974991;01;01;1;3;1;12;0;0;0
5;52;2578305;M001;3.0013479519212;01;01;1;1;1;01;0;0;0
5;52;4891417;M001;4.2163028895423;01;01;1;3;1;10;0;0;0
5;52;6748284;M001;7.1164261389111;08;01;2;3;1;13;0;0;0
5;52;2168686;M001;3.61248906189;08;01;2;4;2;11;0;0;0
5;52;987449;M001;2.911178736825;08;01;2;3;1;09;0;0;0
5;52;200306;M001;3.3334727958371;08;01;2;1;2;17;0;0;0
5;52;2724380;M001;6.889988388637;01;01;1;1;2;16;0;0;0
5;52;201255;M001;5.5960748142679;01;01;1;3;1;14;0;0;0
5;52;1936709;M001;4.8874900997203;01;01;1;3;1;07;0;0;0
5;52;6236897;M001;4.4839435649745;01;01;1;3;2;06;0;0;0
5;52;4011599;M001;3.8600545762005;02;01;1;1;1;09;0;0;0
5;52;4570601;M001;4.5696135596712;02;01;1;3;2;17;0;0;0
5;52;5712754;M001;3.787454314178;02;01;1;2;1;11;0;0;0
5;52;5298006;M001;5.426651693944;01;01;1;3;1;12;0;0;0
5;52;4311326;M001;4.0400504195379;01;01;1;3;2;17;0;0;0
5;52;4505724;M001;4.9165153682384;01;01;1;2;2;11;0;0;0
5;52;4371526;M001;5.4616775444034;01;01;1;4;2;16;0;0;0
5;52;7140988;M001;3.5733959226085;01;01;1;2;1;04;0;0;0
5;52;28458;M001;5.8329636757921;01;01;1;3;2;07;0;0;0
5;52;5350737;M001;5.1150835374304;01;01;1;4;1;17;0;0;0
5;52;2156191;M001;4.6379386827418;01;01;1;3;2;17;0;0;0
5;52;3076097;M001;5.1607693619707;01;01;1;2;2;10;0;0;0
5;52;3685721;M001;3.4976019610566;08;01;2;4;1;17;0;0;0
5;52;6638683;M001;6.4248679654295;08;01;2;3;2;17;0;0;0
5;52;3619430;M001;8.4312157054264;01;01;1;3;1;17;0;0;0
5;52;7485031;M001;11.747713801959;01;01;1;3;2;17;0;0;0
5;52;4900813;M001;8.9527770817726;01;01;1;1;1;16;0;0;0
5;52;1556663;M001;10.0394797780115;01;01;1;3;1;17;0;0;0
5;52;7298397;M001;10.4090036978689;01;01;1;1;1;17;0;0;0
5;52;2660843;M001;8.3343821061629;01;01;1;3;2;17;0;0;0
5;52;4984778;M001;8.562291691222;01;01;1;1;2;17;0;0;1
5;52;3409800;M001;12.1138534676471;01;01;1;3;1;13;0;0;0
5;52;6682549;M001;9.5136856067246;01;01;1;2;2;16;0;0;0
5;52;7263891;M001;11.9034863878245;01;01;1;3;2;17;0;0;0
5;52;1363442;M001;10.9127311838701;01;01;1;3;1;06;0;0;0
5;52;898363;M001;9.4848990853851;01;01;1;1;1;13;0;0;0
5;52;5030481;M001;14.9778959679111;01;01;1;1;2;13;0;0;0
5;52;1752954;M001;7.7929400093652;01;01;1;3;2;15;0;0;0
5;52;7641895;M001;12.0870889861209;01;01;1;3;2;15;0;0;0
5;52;7644540;M001;5.4410950015689;01;01;1;4;2;14;0;0;0
5;52;2734609;M001;9.1277432407643;01;01;1;3;2;17;0;0;0
5;52;6211244;M001;11.9497896091069;01;01;1;1;1;10;0;0;0
5;52;2391281;M001;10.3974285930845;01;01;1;3;1;07;0;0;0
5;52;2587215;M001;10.461352898872;01;01;1;4;2;06;0;0;0
5;52;6359247;M001;9.9963085056548;01;01;1;4;1;11;0;0;0
5;52;3344452;M001;4.8818429662665;01;01;1;4;1;16;0;0;0
5;52;1380759;M001;11.2024213679523;01;01;1;2;1;08;0;0;0
5;52;6688629;M001;10.1024939923215;01;01;1;1;1;17;0;0;0
5;52;1714020;M001;13.8263943804359;01;01;1;4;1;11;0;0;0
5;52;737839;M001;9.5749761081416;01;01;1;3;1;17;0;0;0
5;52;1568609;M001;5.6041364460142;01;01;1;3;1;14;0;0;0
5;52;3254659;M001;9.9610304236017;01;01;1;1;1;17;0;0;0
5;52;2960746;M001;5.376468404364;01;01;1;3;2;14;0;0;0
5;52;284414;M001;8.6933584394309;01;01;1;4;2;17;0;0;0
5;52;3662369;M001;11.9678994890137;01;01;1;3;2;01;0;0;0
5;52;3668020;M001;9.5501713858118;01;01;1;4;1;15;0;0;0
5;52;1292750;M001;10.355229128564;01;01;1;2;1;17;0;0;0
5;52;6956616;M001;9.5501713858118;01;01;1;2;1;14;0;0;0
5;52;3110517;M001;10.1689472495474;01;01;1;2;2;14;0;0;0
5;52;5040666;M001;10.6590227221511;01;01;1;2;1;16;0;0;0
5;52;3179014;M001;18.6342204866041;01;01;1;1;2;04;0;0;0
5;52;7777152;M001;8.0979587957788;01;01;1;3;2;12;0;0;0
5;52;1739556;M001;11.078693475331;01;01;1;4;1;17;0;0;0
5;52;3907895;M001;11.245176787404;01;01;1;2;2;15;0;0;0
5;52;1457624;M001;6.732648203886;01;01;1;1;1;11;0;0;0
5;52;6481106;M001;6.6204792679422;01;01;1;1;1;05;0;0;0
5;52;2650891;M001;7.5422721500817;01;01;1;3;2;16;0;0;0
5;52;987042;M001;7.6730274656175;01;01;1;1;1;16;0;0;0
5;52;6436283;M001;7.0836569027701;01;01;1;3;2;17;0;0;0
5;52;2104021;M001;13.5043834516021;01;01;1;4;1;17;0;0;0
5;52;1055522;M001;16.3011991514013;01;01;1;1;1;10;0;0;0
5;52;5029319;M001;16.9962075407188;01;01;1;4;1;13;0;0;0
5;52;2823898;M001;15.8682140209633;01;01;1;2;2;09;0;0;0
5;52;2851052;M001;11.5080289446033;08;01;2;2;1;17;0;0;0
5;52;2971779;M001;8.1456472851703;08;01;2;1;1;10;0;0;0
5;52;4044768;M001;6.9951304747064;05;01;2;3;2;08;0;0;0
5;52;4402909;M001;13.3051493061802;01;01;1;3;2;11;0;0;0
5;52;1479439;M001;15.030912057051;01;01;1;2;1;17;0;0;0
5;52;7566809;M001;8.057308818657;01;01;1;2;2;13;0;0;0
5;52;266116;M001;11.2138874159053;01;01;1;3;1;13;0;0;0
5;52;2057802;M001;13.030240757981;01;01;1;4;1;15;0;0;0
5;52;2140058;M001;11.9843550226136;01;01;1;3;1;10;0;0;0
5;52;6801432;M001;9.3750561012395;01;01;1;4;2;17;0;0;0
5;52;692424;M001;12.3012635052508;01;01;1;3;2;13;0;0;0
5;52;692424;M002;12.3012635052508;01;01;1;3;1;13;0;0;0
5;52;2701241;M001;7.74970513039;01;01;1;3;1;13;0;0;0
5;52;2061389;M001;11.4964639459167;01;01;1;3;1;05;0;0;0
5;52;4324834;M001;13.5170251239311;01;01;1;2;1;14;0;0;0
5;52;7707314;M001;9.2402811836335;01;01;1;3;2;16;0;0;0
5;52;7707314;M002;9.2402811836335;01;01;1;1;2;11;0;0;0
5;52;7447861;M001;9.1607328124967;01;01;1;3;1;13;0;0;0
5;52;1573701;M001;9.1607328124967;01;01;1;1;1;13;0;0;0
5;52;3622288;M001;5.8070307012807;02;01;1;3;2;10;0;0;0
5;52;4536196;M001;10.9857583792567;01;01;1;1;1;13;0;0;0
5;52;1945441;M001;10.85751346068;01;01;1;2;2;17;0;0;0
5;52;7130430;M001;13.4548439911145;01;01;1;3;2;01;0;0;0
5;52;1697270;M001;8.8791440074944;01;01;1;3;2;02;0;0;0
5;52;6262448;M001;5.4858216639752;01;01;1;1;2;13;0;0;0
5;52;3464294;M001;19.0234436926657;01;01;1;1;1;13;0;0;0
5;52;5997444;M001;10.4718831458362;01;01;1;4;1;13;0;0;0
5;52;3855113;M001;9.422929355014;01;01;1;4;1;15;0;0;0
5;52;3901628;M001;12.166528857777;01;01;1;1;2;13;0;0;0
5;52;2367558;M001;10.5160514857579;01;01;1;1;2;11;0;0;0
5;52;2868678;M001;13.3372036676147;01;01;1;3;1;14;0;0;0
5;52;386580;M001;9.308060263518;01;01;1;1;1;11;0;0;0
5;52;6285205;M001;6.4804754394593;01;01;1;4;1;08;0;0;0
5;52;3600791;M001;12.4296028181997;01;01;1;4;1;17;0;0;0
5;52;6594379;M001;9.6057911629049;01;01;1;3;2;14;0;0;0
5;52;2488700;M001;6.4781307196405;08;01;2;4;2;14;0;0;0
5;52;6365728;M001;13.0201871867293;01;01;1;2;2;17;0;0;0
5;52;291993;M001;12.3300135060139;01;01;1;1;2;17;0;0;0
5;52;3662661;M001;10.0939211281722;01;01;1;2;1;11;0;0;0
5;52;6989749;M001;9.6186488483704;01;01;1;3;1;11;0;0;0
5;52;7134331;M001;9.3166386030917;01;01;1;2;2;12;0;0;0
5;52;670195;M001;11.5831307908682;01;01;1;3;2;11;0;0;0
5;52;6401991;M001;12.8898923985668;01;01;1;4;1;11;0;0;0
5;52;6749266;M001;8.7297959087455;01;01;1;2;1;17;0;0;0
5;52;451045;M001;10.2927834874743;01;01;1;3;1;05;0;0;0
5;52;1221514;M001;11.2005700520719;01;01;1;4;1;14;0;0;0
5;52;463133;M001;13.4823123894675;01;01;1;3;2;13;0;0;0
5;52;7018485;M001;11.6691284539482;01;01;1;1;2;14;0;0;0
5;52;1408215;M001;11.8699961399213;01;01;1;3;1;13;0;0;0
5;52;3225649;M001;12.4249541284192;01;01;1;1;1;11;0;0;0
5;52;7652595;M001;11.5254522549145;01;01;1;2;2;16;0;0;0
5;52;2219905;M001;16.2507698091092;01;01;1;3;1;16;0;0;0
5;52;5037366;M001;12.7034048147525;01;01;1;4;1;17;0;0;0
5;52;7703658;M001;9.7895083869928;08;01;2;4;2;17;0;0;0
5;52;3325610;M001;5.1327540378724;01;01;1;3;1;17;0;0;0
5;52;3449038;M001;6.9010491249314;01;01;1;4;1;13;0;0;0
5;52;3258616;M001;9.547293465215;01;01;1;3;1;13;0;0;0
5;52;1135653;M001;13.1661522494516;01;01;1;4;1;15;0;0;0
5;52;5790540;M001;9.9800876434478;01;01;1;3;1;17;0;0;0
5;52;3701939;M001;10.3265915306194;01;01;1;1;2;17;0;0;0
5;52;5259294;M001;10.3467524933802;01;01;1;4;2;17;0;0;0
5;52;2609307;M001;10.6949673581453;01;01;1;3;2;07;0;0;0
5;52;5828248;M001;10.5226107708759;01;01;1;4;2;17;0;0;0
5;52;5828248;M002;10.5226107708759;01;01;1;3;1;17;0;0;0
5;52;5210121;M001;8.326182866904;01;01;1;2;1;17;0;0;0
5;52;6761791;M001;6.513600671949;01;01;1;2;2;16;0;0;0
5;52;1237977;M001;10.9554076340135;01;01;1;4;1;15;0;0;0
5;52;729443;M001;8.5905633633196;01;01;1;1;1;17;0;0;0
5;52;2565557;M001;12.7529950854596;01;01;1;3;2;15;0;0;0
5;52;722072;M001;9.7957882672779;01;01;1;4;2;16;0;0;0
5;52;5160687;M001;6.8173994303372;01;01;1;3;2;15;0;0;0
5;52;5160687;M002;6.8173994303372;01;01;1;2;1;16;0;0;0
5;52;7564591;M001;9.8557294211874;01;01;1;1;2;16;0;0;0
5;52;4401397;M001;11.1619311148193;01;01;1;3;1;16;0;0;0
5;52;5729028;M001;9.547293465215;01;01;1;3;2;17;0;0;0
5;52;7086012;M001;14.5756776132055;01;01;1;3;2;17;0;0;0
5;52;5680426;M001;9.4250714646889;01;01;1;4;1;12;0;0;0
5;52;4213885;M001;8.9968206390615;01;01;1;2;1;17;0;0;0
5;52;5414357;M001;8.4777251385132;01;01;1;1;2;16;0;0;0
5;52;5156903;M001;9.957258303875;01;01;1;1;2;16;0;0;0
5;52;6682496;M001;5.1327540378724;01;01;1;4;1;17;0;0;0
5;52;2609654;M001;11.1719307104678;01;01;1;3;2;16;0;0;0
5;52;6967307;M001;7.889519580997;01;01;1;2;2;17;0;0;0
5;52;1106384;M001;9.7957882672779;01;01;1;3;2;13;0;0;0
5;52;3087337;M001;9.1734661737606;01;01;1;3;1;07;0;0;0
5;52;6919412;M001;11.5052473609197;01;01;1;4;2;13;0;0;0
5;52;6681700;M001;12.5235052945693;01;01;1;2;2;13;0;0;0
5;52;5585653;M001;10.5252897011463;01;01;1;3;2;17;0;0;0
5;52;5687325;M001;11.8039238024474;01;01;1;4;1;03;0;0;0
5;52;2009379;M001;12.6218967936672;01;01;1;1;1;17;0;0;0
5;52;2587980;M001;13.375571390715;01;01;1;1;2;17;0;0;0
5;52;7593093;M001;9.6967629044386;01;01;1;3;2;10;0;0;0
5;52;1253083;M001;12.2001732917805;08;01;2;3;1;12;0;0;0
5;52;5160226;M001;4.9827190836496;01;01;1;3;1;11;0;0;0
5;52;2542989;M001;15.5842179644737;01;01;1;2;1;16;0;0;0
5;52;5275084;M001;18.2613435087342;01;01;1;1;1;07;0;0;0
5;52;3603257;M001;14.2318665568485;08;01;2;2;2;14;0;0;0
5;52;7305542;M001;5.1651037465857;08;01;2;2;1;14;0;0;0
5;52;2924462;M001;11.6771666364557;08;01;2;3;2;17;0;0;0
5;52;6293926;M001;9.1517570281131;08;01;2;2;2;17;0;0;0
5;52;7239846;M001;2.0169398036837;01;01;1;1;1;04;0;0;0
5;52;2103080;M001;1.9074109546408;01;01;1;3;1;16;0;0;0
5;52;665011;M001;2.0997912682116;01;01;1;2;1;14;0;0;0
5;52;6956924;M001;2.8031618757205;01;01;1;4;1;16;0;0;0
5;52;268645;M001;3.0140175669586;01;01;1;1;1;16;0;0;0
5;52;268645;M002;3.0140175669586;01;01;1;2;2;15;0;0;0
5;52;3382301;M001;1.6277399429987;01;01;1;1;2;99;0;0;1
5;52;3122609;M001;3.385218337834;01;01;1;2;1;08;0;0;1
5;52;3640579;M001;3.4980191085032;08;01;2;1;1;04;0;0;0
5;52;6845282;M001;1.3221897932535;08;01;2;2;1;17;0;0;0
5;52;1989792;M001;5.3280428645067;08;01;2;3;2;14;0;0;0
5;52;2128141;M001;1.8453199037859;08;01;2;2;1;05;0;0;0
5;52;2367943;M001;2.0601817606941;08;01;2;4;1;15;0;0;0
5;52;993278;M001;3.0472059598625;05;01;2;3;1;17;0;0;0
5;52;1835600;M001;1.6531361757404;05;01;2;3;2;17;0;0;0
5;52;6816817;M001;3.5470560810632;08;01;2;4;2;14;0;0;0
5;52;6333669;M001;1.3221897932535;08;01;2;3;1;08;0;0;0
5;52;5833203;M001;3.7083789900634;08;01;2;4;2;15;0;0;0
5;52;1224058;M001;2.9703870226228;08;01;2;2;2;13;0;0;0
5;52;1035234;M001;6.0120553368782;01;01;1;3;2;16;0;0;0
5;52;5229930;M001;3.002946240839;01;01;1;2;2;16;0;0;0
5;52;1568669;M001;1.0000000000003;01;01;1;3;2;17;0;0;0
5;52;1093660;M001;2.1923094399588;01;01;1;3;1;16;0;0;0
5;52;7717823;M001;10.6868637271592;01;01;1;1;2;14;0;0;0
5;52;2030134;M001;10.9405065399095;01;01;1;3;2;14;0;0;0
5;52;2194370;M001;11.8628127991383;01;01;1;3;1;17;0;0;0
5;52;3616349;M001;17.5192524514804;01;01;1;2;2;12;0;0;0
5;52;3712358;M001;9.2105199956002;01;01;1;2;2;02;0;0;0
5;52;3400717;M001;9.3489341201721;01;01;1;3;1;11;0;0;0
5;52;502714;M001;11.9667963150025;01;01;1;3;1;16;0;0;0
5;52;2752135;M001;5.8068543387181;01;01;1;3;1;16;0;0;0
5;52;1533971;M001;8.0229323018204;01;01;1;3;1;12;0;0;0
5;52;3038106;M001;10.8893772102379;01;01;1;1;2;15;0;0;0
5;52;7068214;M001;7.3541732380376;01;01;1;4;2;14;0;0;0
5;52;3131558;M001;13.7254032114684;01;01;1;1;2;15;0;0;0
5;52;5478818;M001;7.6262575177974;01;01;1;4;2;13;0;0;0
5;52;3486550;M001;11.5011977363674;01;01;1;4;1;17;0;0;0
5;52;3038399;M001;7.6174546453203;01;01;1;3;2;12;0;0;0
5;52;766157;M001;8.3294120169454;01;01;1;3;1;17;0;0;0
5;52;7308112;M001;11.1588278541249;01;01;1;1;1;07;0;0;0
5;52;1693090;M001;5.8758865591186;01;01;1;1;2;14;0;0;0
5;52;736885;M001;7.6317694591289;01;01;1;3;1;11;0;0;0
5;52;2560157;M001;14.4067399632616;01;01;1;1;1;17;0;0;0
5;52;4555612;M001;12.5690160673345;01;01;1;3;1;16;0;0;0
5;52;2655117;M001;12.020257257932;01;01;1;3;1;14;0;0;0
5;52;5318202;M001;19.3049399948022;01;01;1;2;1;13;0;0;0
5;52;4895324;M001;14.1522282078738;01;01;1;4;1;16;0;0;0
5;52;5963162;M001;7.4162306118305;01;01;1;1;2;16;0;0;0
5;52;932628;M001;8.8053970009094;01;01;1;1;1;12;0;0;0
5;52;4701016;M001;13.7541777390576;01;01;1;1;1;13;0;0;0
5;52;5564497;M001;6.9100108790758;01;01;1;3;1;15;0;0;0
5;52;3801037;M001;25.589257235969;01;01;1;4;1;17;0;0;0
5;52;2834469;M001;11.8936998323421;01;01;1;3;2;10;0;0;0
5;52;177248;M001;4.4365480204856;01;01;1;2;2;15;0;0;0
5;52;3238179;M001;7.6174546453203;01;01;1;1;2;17;0;0;0
5;52;5864453;M001;13.6653826403088;01;01;1;1;2;17;0;0;0
5;52;755960;M001;8.0085754768144;01;01;1;1;2;09;0;0;0
5;52;3168495;M001;8.6390852310013;01;01;1;1;2;11;0;0;0
5;52;2855827;M001;9.3522405706356;01;01;1;1;2;13;0;0;0
5;52;7442963;M001;11.4895321671028;01;01;1;2;1;15;0;0;0
5;52;7442963;M002;11.4895321671028;01;01;1;3;2;16;0;0;0
5;52;1038904;M001;9.4082251986166;01;01;1;3;1;17;0;0;0
5;52;3688183;M001;11.70661813864;01;01;1;2;2;17;0;0;0
5;52;671118;M001;9.8288988567779;01;01;1;3;1;10;0;0;0
5;52;1501237;M001;7.5776159226387;01;01;1;3;2;12;0;0;0
5;52;2815770;M001;12.5230858929062;01;01;1;3;2;13;0;0;0
5;52;3709849;M001;15.3415423172424;01;01;1;4;1;17;0;0;0
5;52;7753263;M001;10.9405065399095;01;01;1;2;2;17;0;0;0
5;52;4324534;M001;13.0481152972027;01;01;1;2;1;13;0;0;0
5;52;5803426;M001;8.0085754768144;01;01;1;3;1;17;0;0;0
5;52;7533011;M001;17.7575824201855;01;01;1;3;2;09;0;0;0
5;52;3286251;M001;10.9824113022757;01;01;1;3;1;09;0;0;0
5;52;1323559;M001;13.5735771042929;01;01;1;3;1;08;0;0;0
5;52;3387334;M001;3.1848252518666;01;01;1;2;2;11;0;0;0
5;52;7354924;M001;13.3427880641907;01;01;1;3;1;15;0;0;0
5;52;5145384;M001;17.4287271976081;08;01;2;3;1;14;0;0;0
5;52;6779562;M001;14.2401976477532;08;01;2;1;1;15;0;0;0
5;52;195917;M001;4.2281251319494;01;01;1;1;1;17;0;0;0
5;52;2345774;M001;8.3864698324449;01;01;1;1;2;16;0;0;0
5;52;6449297;M001;6.4087137176331;01;01;1;3;2;17;0;0;0
5;52;2410563;M001;7.4162306118305;02;01;1;4;2;13;0;0;0
5;52;3336314;M001;6.0350727377606;02;01;1;3;2;15;0;0;0
5;52;4822880;M001;11.32516061109;01;01;1;3;1;17;0;0;0
5;52;3149957;M001;9.475222141745;01;01;1;2;1;07;0;0;0
5;52;5178115;M001;9.6046426910387;08;01;2;4;2;10;0;0;0
5;52;3641162;M001;8.3580632387474;01;01;1;3;1;16;0;0;0
5;52;5353236;M001;16.7547040245272;01;01;1;2;1;08;0;0;0
5;52;3360219;M001;18.5149100880542;01;01;1;3;1;17;0;0;0
5;52;1485539;M001;8.40798046822;01;01;1;1;1;11;0;0;0
5;52;911893;M001;9.6763301734023;01;01;1;1;1;14;0;0;0
5;52;868953;M001;9.8025035110693;01;01;1;2;1;08;0;0;0
5;52;1021114;M001;8.8448282955669;01;01;1;1;1;01;0;0;0
5;52;5734819;M001;17.4918047091763;01;01;1;1;1;17;0;0;0
5;52;4830426;M001;10.1499076071905;01;01;1;4;2;09;0;0;0
5;52;4141227;M001;10.1097233100339;01;01;1;2;1;17;0;0;0
5;52;1567557;M001;12.3172327602282;01;01;1;1;1;11;0;0;0
5;52;2521288;M001;9.0319972500208;01;01;1;3;1;15;0;0;0
5;52;6328573;M001;6.4552623105649;01;01;1;1;2;01;0;0;0
5;52;4484196;M001;1.4718349847139;01;01;1;1;2;17;0;0;0
5;52;4990813;M001;3.0922151285174;01;01;1;2;1;17;0;0;0
5;52;6349832;M001;3.3689671606323;01;01;1;4;1;17;0;0;0
5;52;7659773;M001;1.8963772953479;01;01;1;1;1;13;0;0;0
5;52;7588918;M001;2.6684668790344;01;01;1;1;1;17;0;0;0
5;52;7094690;M001;4.8438957532551;01;01;1;2;1;15;0;0;0
5;52;2137317;M001;3.7648710525259;01;01;1;1;2;17;0;0;0
5;52;6259960;M001;4.7159752958661;01;01;1;4;1;12;0;0;0
5;52;7335101;M001;3.3730964762444;01;01;1;2;2;16;0;0;0
5;52;6679655;M001;3.3986802049267;01;01;1;2;1;09;0;0;0
5;52;2897135;M001;2.1664946784141;01;01;1;3;2;15;0;0;0
5;52;3555925;M001;2.5449123843292;01;01;1;2;1;13;0;0;0
5;52;5581221;M001;1.1391723333109;01;01;1;3;1;12;0;0;0
5;52;7764625;M001;3.1314841471196;01;01;1;2;1;16;0;0;0
5;52;486295;M001;3.3229921673293;01;01;1;3;1;06;0;0;0
5;52;2659323;M001;2.5820818985775;01;01;1;4;2;15;0;0;0
5;52;3521908;M001;3.3986802049267;01;01;1;1;1;07;0;0;0
5;52;7456333;M001;3.5493074134296;02;01;1;4;1;17;0;0;0
5;52;4510790;M001;2.4352593287633;02;01;1;1;1;17;0;0;0
5;52;6835526;M001;2.7256500318354;02;01;1;4;2;17;0;0;0
5;52;4517648;M001;2.6966861071555;02;01;1;4;1;16;0;0;0
5;52;4390943;M001;2.7137816085482;02;01;1;1;2;16;0;0;0
5;52;919430;M001;2.9990759529525;08;01;2;1;2;17;0;0;0
5;52;5219145;M001;4.8869263490885;08;01;2;2;1;01;0;0;0
5;52;4267858;M001;5.0432602312445;08;01;2;4;1;15;0;0;0
5;52;4569633;M001;4.2731172417499;02;01;1;4;2;15;0;0;0
5;52;2823114;M001;4.4746509478155;01;01;1;1;2;15;0;0;0
5;52;403593;M001;9.9746677734024;01;01;1;3;2;17;0;0;0
5;52;6191556;M001;13.1463576432621;01;01;1;2;2;13;0;0;0
5;52;2225901;M001;13.257201307424;01;01;1;1;2;16;0;0;0
5;52;6301568;M001;10.1796549224119;01;01;1;3;1;08;0;0;0
5;52;6031732;M001;14.1673293692875;01;01;1;2;2;02;0;0;0
5;52;3248883;M001;9.2645266928335;01;01;1;1;1;17;0;0;0
5;52;4635395;M001;8.5924339362627;01;01;1;2;1;13;0;0;0
5;52;5324224;M001;8.6561115383421;01;01;1;1;2;15;0;0;0
5;52;445790;M001;9.1768018674764;01;01;1;1;1;13;0;0;0
5;52;6021251;M001;18.5617452384194;01;01;1;2;1;16;0;0;0
5;52;2904833;M001;8.0627712638155;01;01;1;2;1;13;0;0;0
5;52;336809;M001;8.212077016989;01;01;1;3;1;09;0;0;0
5;52;558092;M001;12.7243027184702;01;01;1;3;1;12;0;0;0
5;52;7764483;M001;11.4460599216412;01;01;1;3;1;17;0;0;0
5;52;2695885;M001;8.7558994718842;01;01;1;1;1;15;0;0;0
5;52;874058;M001;39.4389689905654;01;01;1;1;1;12;0;0;0
5;52;874058;M002;39.4389689905654;01;01;1;2;1;17;0;0;0
5;52;4082626;M001;10.8988759917134;01;01;1;2;2;17;0;0;0
5;52;4082626;M002;10.8988759917134;01;01;1;3;2;12;0;0;0
5;52;22445;M001;9.8383979255455;01;01;1;4;1;14;0;0;0
5;52;814438;M001;7.4305588748532;01;01;1;3;1;13;0;0;0
5;52;7048403;M001;12.3646297554293;01;01;1;2;2;14;0;0;0
5;52;3639471;M001;10.5516759581028;01;01;1;3;1;10;0;0;0
5;52;5286429;M001;11.9966838472208;01;01;1;3;1;14;0;0;0
5;52;5286429;M002;11.9966838472208;01;01;1;3;2;17;0;0;0
5;52;289349;M001;8.2347673289349;01;01;1;2;2;17;0;0;0
5;52;2049809;M001;13.5742307893023;01;01;1;2;2;17;0;0;0
5;52;7480208;M001;13.4439854990791;01;01;1;2;1;14;0;0;0
5;52;4045871;M001;11.5171224378737;01;01;1;4;1;13;0;0;0
5;52;2689672;M001;14.6299146398951;01;01;1;3;1;14;0;0;0
5;52;3494341;M001;11.3616857010044;01;01;1;3;2;13;0;0;0
5;52;4568058;M001;5.4604841897244;08;01;2;4;1;13;0;0;0
5;52;5084556;M001;5.4604841897244;08;01;2;1;1;05;0;0;0
5;52;1316159;M001;12.1185658135284;08;01;2;2;2;16;0;0;0
5;52;1415951;M001;7.4883729753577;08;01;2;3;1;13;0;0;0
5;52;7029937;M001;8.8358655575297;05;01;2;1;1;15;0;0;0
5;52;2164637;M001;16.7446722205388;08;01;2;1;1;14;0;0;0
5;52;7038872;M001;11.4560772122391;08;01;2;2;2;16;0;0;0
5;52;374414;M001;11.1166407223745;01;01;1;2;1;12;0;0;0
5;52;1775918;M001;11.3869347619908;01;01;1;2;2;17;0;0;0
5;52;1775918;M002;11.3869347619908;01;01;1;1;2;12;0;0;0
5;52;7063369;M001;14.3837728900022;01;01;1;3;2;12;0;0;0
5;52;312741;M001;10.9115005233206;01;01;1;2;1;17;0;0;0
5;52;1532780;M001;8.2178146356096;01;01;1;3;1;13;0;0;0
5;52;5674824;M001;7.998906983612;01;01;1;3;1;14;0;0;0
5;52;1081157;M001;8.8966315685043;01;01;1;3;1;13;0;0;0
5;52;7593669;M001;7.2253299175787;01;01;1;3;2;10;0;0;0
5;52;6602345;M001;16.232746046743;01;01;1;1;1;08;0;0;0
5;52;5499861;M001;14.807549503973;01;01;1;2;1;10;0;0;0
5;52;839963;M001;10.5780640547798;01;01;1;1;1;17;0;0;0
5;52;980015;M001;5.1884365378046;01;01;1;3;1;12;0;0;0
5;52;6576358;M001;8.802267361173;01;01;1;1;1;10;0;0;0
5;52;7694237;M001;16.1239043229997;01;01;1;2;1;10;0;0;0
5;52;6699499;M001;10.9748634417359;01;01;1;1;2;09;0;0;0
5;52;100751;M001;12.8507476445407;01;01;1;4;1;09;0;0;0
5;52;5155476;M001;11.3259088751138;01;01;1;4;1;17;0;0;0
5;52;1700912;M001;15.8591476831527;01;01;1;1;1;15;0;0;0
5;52;5408509;M001;7.81008653773;01;01;1;3;1;16;0;0;0
5;52;3819718;M001;5.6873893737685;01;01;1;2;2;16;0;0;0
5;52;354960;M001;1.9486496566112;01;01;1;4;1;16;0;0;0
5;52;4099520;M001;1.9725111938542;01;01;1;4;1;01;0;0;0
5;52;1792045;M001;1.2903404140131;01;01;1;1;2;15;0;0;0
5;52;1792045;M002;1.2903404140131;01;01;1;1;2;01;0;0;0
5;52;515386;M001;1.8312397347142;01;01;1;4;2;10;0;0;0
5;52;1797996;M001;11.4351542561923;01;01;1;2;2;08;0;0;0
5;52;5718642;M001;9.577365947903;01;01;1;3;2;08;0;0;0
5;52;2459757;M001;29.5610310094359;01;01;1;1;1;12;0;0;0
5;52;2354161;M001;14.2376515351975;01;01;1;4;1;17;0;0;0
5;52;7533998;M001;2.6495365072658;01;01;1;3;1;17;0;0;1
5;52;7559942;M001;2.1514555675678;01;01;1;1;2;17;0;0;0
5;52;4966710;M001;2.655089907902;01;01;1;3;2;17;0;0;0
5;52;5137847;M001;2.4028281319255;01;01;1;4;1;07;0;0;0
5;52;7742001;M001;2.5245119572435;01;01;1;3;1;11;0;0;0
5;52;103883;M001;2.6910844958711;01;01;1;2;2;12;0;0;0
5;52;7160626;M001;2.7414085034751;01;01;1;1;2;11;0;0;0
5;52;2537889;M001;3.2179864244967;01;01;1;1;2;15;0;0;0
5;52;1725367;M001;2.9682611330471;01;01;1;2;1;16;0;0;0
5;52;6797121;M001;2.9779026918796;01;01;1;3;1;10;0;0;0
5;52;7234554;M001;3.3211641267354;01;01;1;3;2;13;0;0;0
5;52;5294774;M001;2.1863941038349;01;01;1;4;1;14;0;0;0
5;52;5294774;M002;2.1863941038349;01;01;1;3;1;13;0;0;0
5;52;5294774;M003;2.1863941038349;01;01;1;3;1;15;0;0;0
5;52;4772579;M001;4.0065922062334;01;01;1;3;1;12;0;0;0
5;52;523565;M001;3.2654062147234;01;01;1;1;1;11;0;0;0
5;52;7311562;M001;2.7527142095044;01;01;1;3;1;16;0;0;0
5;52;6853308;M001;3.7317242375903;01;01;1;3;1;12;0;0;0
5;52;6482068;M001;2.6495365072658;01;01;1;2;2;17;0;0;0
5;52;3993628;M001;2.622244870059;01;01;1;2;2;06;0;0;0
5;52;6701047;M001;2.9214875322209;01;01;1;4;2;17;0;0;0
5;52;3472121;M001;2.9496009781325;01;01;1;2;1;17;0;0;0
5;52;6458910;M001;3.5872865291558;01;01;1;3;1;17;0;0;0
5;52;4810095;M001;3.2420333412683;01;01;1;1;1;16;0;0;0
5;52;3176945;M001;2.723683894366;01;01;1;3;1;10;0;0;0
5;52;2646164;M001;3.5872865291558;01;01;1;1;1;17;0;0;0
5;52;112314;M001;2.9306895958361;01;01;1;1;1;05;0;0;0
5;52;2402706;M001;3.29485416602;01;01;1;1;2;07;0;0;0
5;52;6447897;M001;2.8895490633118;01;01;1;3;2;11;0;0;0
5;52;1547666;M001;2.4165618089366;01;01;1;2;1;16;0;0;0
5;52;7801370;M001;2.4165618089366;01;01;1;2;1;16;0;0;0
5;52;5767611;M001;2.5909239968421;01;01;1;2;1;13;0;0;0
5;52;4967464;M001;3.3203282075469;01;01;1;4;1;13;0;0;0
5;52;5651277;M001;2.6164437697944;01;01;1;2;2;17;0;0;0
5;52;5651277;M002;2.6164437697944;01;01;1;2;2;17;0;0;0
5;52;656037;M001;2.8833563599779;01;01;1;2;1;17;0;0;0
5;52;2982144;M001;3.073241398071;01;01;1;4;2;16;0;0;0
5;52;6456745;M001;2.019204937053;01;01;1;1;1;14;0;0;0
5;52;4328578;M001;2.2307484170821;01;01;1;2;1;10;0;0;0
5;52;1300481;M001;3.0856034280485;01;01;1;1;1;13;0;0;0
5;52;79139;M001;2.1075575836919;01;01;1;3;1;09;0;0;0
5;52;1067674;M001;3.5092133257027;01;01;1;3;1;17;0;0;0
5;52;5799942;M001;3.8380539330907;01;01;1;4;2;16;0;0;0
5;52;5759700;M001;2.8025929925918;01;01;1;4;1;17;0;0;0
5;52;935254;M001;2.9496009781325;01;01;1;2;1;16;0;0;0
5;52;3043903;M001;2.8485688973951;01;01;1;2;2;16;0;0;0
5;52;1999594;M001;3.5138527886957;01;01;1;1;1;15;0;0;0
5;52;6097073;M001;2.6331578933085;01;01;1;4;2;17;0;0;0
5;52;6803844;M001;2.6496082647359;01;01;1;2;1;13;0;0;0
5;52;2063490;M001;3.5872865291558;01;01;1;2;1;14;0;0;0
5;52;549274;M001;2.3029415354267;01;01;1;4;1;08;0;0;0
5;52;3331198;M001;3.1704041149599;01;01;1;3;2;12;0;0;0
5;52;1695862;M001;2.8833563599779;01;01;1;1;2;08;0;0;0
5;52;35912;M001;3.0856034280485;01;01;1;2;1;17;0;0;0
5;52;4122149;M001;2.4616135489985;01;01;1;4;1;10;0;0;0
5;52;2505981;M001;2.6496082647359;01;01;1;3;1;17;0;0;0
5;52;7148283;M001;3.3572387610982;01;01;1;4;1;15;0;0;0
5;52;6438511;M001;3.5749493671251;01;01;1;4;2;16;0;0;0
5;52;731018;M001;3.3997661572849;08;01;2;1;1;17;0;0;0
5;52;2930858;M001;2.5374501101018;01;01;1;2;2;17;0;0;0
5;52;4452638;M001;3.0589560945652;01;01;1;4;2;17;0;0;0
5;52;3024466;M001;2.9475350574357;01;01;1;2;2;17;0;0;0
5;52;4854888;M001;2.6445914279373;01;01;1;1;1;01;0;0;0
5;52;1661080;M001;3.3223854245004;01;01;1;3;1;17;0;0;0
5;52;6690774;M001;2.4869364270931;01;01;1;3;2;13;0;0;0
5;52;6073222;M001;4.014713612176;01;01;1;2;2;05;0;0;0
5;52;1938545;M001;3.3559107039781;01;01;1;4;2;01;0;0;0
5;52;5039334;M001;2.9475350574357;01;01;1;4;2;17;0;0;0
5;52;4760760;M001;3.1525926982656;01;01;1;3;2;12;0;0;0
5;52;3959729;M001;2.5509129732437;01;01;1;4;1;17;0;0;0
5;52;4887950;M001;3.6273300137839;01;01;1;2;1;09;0;0;0
5;52;4732541;M001;3.1828565736481;01;01;1;1;1;17;0;0;0
5;52;1764995;M001;2.9173864208564;01;01;1;4;2;06;0;0;0
5;52;3015828;M001;2.7442034658446;01;01;1;3;2;15;0;0;0
5;52;6261813;M001;2.9173864208564;01;01;1;3;2;13;0;0;0
5;52;4582800;M001;2.7775169418037;01;01;1;1;1;17;0;0;0
5;52;5372747;M001;3.6084368383521;01;01;1;4;1;13;0;0;0
5;52;3354963;M001;3.0893729055693;01;01;1;3;1;15;0;0;0
5;52;3600943;M001;2.7302587108038;01;01;1;4;2;17;0;0;0
5;52;2706661;M001;2.7253407141254;01;01;1;4;1;17;0;0;0
5;52;7441643;M001;3.4391918901779;01;01;1;3;2;13;0;0;0
5;52;7441643;M002;3.4391918901779;01;01;1;3;1;14;0;0;0
5;52;7441643;M003;3.4391918901779;01;01;1;3;1;17;0;0;0
5;52;5705432;M001;3.1670314522152;01;01;1;4;2;15;0;0;0
5;52;4940750;M001;2.8366722051579;01;01;1;1;2;16;0;0;0
5;52;3730360;M001;3.1743513160985;08;01;2;1;2;02;0;0;0
5;52;543737;M001;3.2611954583801;08;01;2;2;2;16;0;0;0
5;52;5081790;M001;2.7791453524949;08;01;2;4;2;12;0;0;0
5;52;5511938;M001;3.2104743504001;08;01;2;2;2;17;0;0;0
5;52;3997920;M001;2.8267033860174;01;01;1;2;1;15;0;0;0
5;52;3230255;M001;2.6627369426348;01;01;1;4;2;15;0;0;0
5;52;6197061;M001;2.9959591479039;01;01;1;2;1;13;0;0;0
5;52;945252;M001;2.891978915482;01;01;1;4;1;17;0;0;0
5;52;959451;M001;14.2827779991393;01;01;1;1;1;07;0;0;0
5;52;7168625;M001;7.9773000480338;01;01;1;1;2;08;0;0;0
5;52;4112408;M001;11.9930942850013;01;01;1;3;1;17;0;0;0
5;52;7525408;M001;7.0610634563838;01;01;1;1;1;16;0;0;0
5;52;3798828;M001;11.6452739949879;01;01;1;3;1;16;0;0;0
5;52;1689395;M001;15.0903073758839;01;01;1;3;2;17;0;0;0
5;52;3823372;M001;8.7295753572089;01;01;1;3;1;13;0;0;0
5;52;6086114;M001;7.9773000480338;01;01;1;3;1;17;0;0;0
5;52;7332992;M001;8.8517070017841;01;01;1;4;1;01;0;0;0
5;52;7265036;M001;10.179240794696;01;01;1;2;1;16;0;0;0
5;52;213580;M001;9.0705026159451;01;01;1;3;1;14;0;0;0
5;52;519161;M001;7.7017386335647;01;01;1;4;2;13;0;0;0
5;52;4373857;M001;9.9860601925545;01;01;1;2;1;08;0;0;0
5;52;2238791;M001;9.9822032350113;01;01;1;1;2;17;0;0;0
5;52;2052860;M001;11.2905579141735;01;01;1;4;1;09;0;0;0
5;52;1386397;M001;12.2361318274162;01;01;1;3;1;11;0;0;0
5;52;7248368;M001;10.1586594769786;08;01;2;2;2;17;0;0;0
5;52;976794;M001;5.7742992835733;08;01;2;1;1;05;0;0;0
5;52;3271088;M001;7.4504699851101;08;01;2;4;1;14;0;0;0
5;52;4803537;M001;10.9155085215509;01;01;1;1;1;15;0;0;0
5;52;5275753;M001;9.0108335469389;01;01;1;2;1;15;0;0;0
5;52;1162059;M001;11.939303035177;01;01;1;1;1;17;0;0;0
5;52;2022484;M001;6.6245564137413;01;01;1;4;1;05;0;0;0
5;52;3586293;M001;7.0655994289677;01;01;1;4;1;16;0;0;0
5;52;6133126;M001;8.0991329278727;01;01;1;3;1;13;0;0;0
5;52;3565398;M001;11.0879882012818;01;01;1;3;1;08;0;0;0
5;52;7459726;M001;8.9848312093715;01;01;1;3;2;13;0;0;0
5;52;209647;M001;8.1579385789353;01;01;1;2;1;12;0;0;0
5;52;3385768;M001;12.269193087565;01;01;1;1;1;17;0;0;0
5;52;3625843;M001;10.2413540036198;01;01;1;2;1;11;0;0;0
5;52;1519585;M001;17.2291735315695;08;01;2;1;2;15;0;0;0
5;52;2423315;M001;5.9483751303853;08;01;2;3;1;17;0;0;0
5;52;6077245;M001;7.8351283811153;01;01;1;2;2;17;0;0;0
5;52;691673;M001;9.5236537970232;01;01;1;2;1;10;0;0;0
5;52;6599678;M001;5.3343759165326;01;01;1;2;1;05;0;0;0
5;52;3456463;M001;10.2331502059039;01;01;1;2;2;16;0;0;0
5;52;2498635;M001;10.0637999516851;01;01;1;2;2;14;0;0;0
5;52;3581397;M001;10.5796585520284;01;01;1;1;1;16;0;0;0
5;52;7278020;M001;6.4614825353699;01;01;1;4;1;11;0;0;0
5;52;1785130;M001;7.5980888488009;01;01;1;2;1;10;0;0;0
5;52;4309596;M001;6.5648382494211;01;01;1;1;1;14;0;0;0
5;52;2152266;M001;16.9768550546746;01;01;1;1;2;16;0;0;0
5;52;2901974;M001;2.8089092636822;01;01;1;4;2;16;0;0;0
5;52;3685791;M001;2.685836510654;01;01;1;3;2;14;0;0;0
5;52;4891655;M001;2.6610452989778;01;01;1;3;1;12;0;0;0
5;52;3150704;M001;1.9316417462693;01;01;1;2;1;14;0;0;0
5;52;2192946;M001;4.298202163181;01;01;1;2;1;17;0;0;0
5;52;7626931;M001;4.4964371867078;01;01;1;2;1;11;0;0;0
5;52;4222378;M001;2.7929311171174;01;01;1;2;1;11;0;0;0
5;52;5842466;M001;2.2900537119585;01;01;1;4;2;12;0;0;0
5;52;3808246;M001;2.1721155418284;01;01;1;3;1;16;0;0;0
5;52;435095;M001;2.840210370238;01;01;1;2;2;17;0;0;0
5;52;583804;M001;1.7512140791713;01;01;1;1;2;16;0;0;0
5;52;2916078;M001;1.8811434763486;01;01;1;1;2;16;0;0;0
5;52;518080;M001;3.5931577998977;01;01;1;3;2;12;0;0;0
5;52;3746190;M001;2.4395177601076;01;01;1;4;2;17;0;0;0
5;52;307215;M001;3.5424813402908;01;01;1;3;1;15;0;0;0
5;52;861545;M001;2.5061590503795;01;01;1;4;1;13;0;0;0
5;52;5476352;M001;3.2718022730648;01;01;1;3;2;10;0;0;0
5;52;1462687;M001;2.1408249975922;01;01;1;4;2;16;0;0;1
5;52;6924753;M001;2.7032018940542;01;01;1;3;1;17;0;0;0
5;52;6213118;M001;2.6920075032168;01;01;1;3;2;17;0;0;0
5;52;2439488;M001;2.490768777476;08;01;2;2;1;07;0;0;0
5;52;5497158;M001;3.2529245606832;08;01;2;3;1;17;0;0;0
5;52;4959863;M001;1.8323934070113;08;01;2;4;2;12;0;0;0
5;52;5670778;M001;2.6370628954575;08;01;2;4;1;13;0;0;0
5;52;6342859;M001;3.1365858404001;08;01;2;3;1;13;0;0;0
5;52;6323349;M001;1.5731723626452;08;01;2;3;1;16;0;0;0
5;52;1470290;M001;8.5622995029711;01;01;1;1;2;15;0;0;0
5;52;1496681;M001;11.0766548389477;01;01;1;1;2;14;0;0;0
5;52;3532722;M001;10.4758975751763;01;01;1;3;1;14;0;0;0
5;52;7336171;M001;8.8832722243233;01;01;1;2;2;15;0;0;0
5;52;2953162;M001;9.8730847287737;01;01;1;3;1;17;0;0;0
5;52;2953162;M002;9.8730847287737;01;01;1;4;2;17;0;0;0
5;52;6284739;M001;10.1443500246554;01;01;1;1;1;17;0;0;0
5;52;5722089;M001;10.6076126202395;01;01;1;1;2;17;0;0;0
5;52;5617883;M001;14.8470107111889;01;01;1;3;1;16;0;0;0
5;52;7524664;M001;11.1624270103036;01;01;1;3;1;11;0;0;0
5;52;6265070;M001;10.6294913783252;01;01;1;2;2;15;0;0;0
5;52;4801473;M001;8.0120771557792;01;01;1;4;1;14;0;0;0
5;52;6054505;M001;9.610430867625;01;01;1;1;1;13;0;0;0
5;52;6851128;M001;8.8116932723283;01;01;1;1;2;16;0;0;0
5;52;6246053;M001;12.5921672988727;01;01;1;3;1;12;0;0;0
5;52;2687667;M001;15.8831840522251;01;01;1;1;2;13;0;0;0
5;52;1351454;M001;10.2469771457713;01;01;1;2;1;11;0;0;0
5;52;7665423;M001;9.4302192668302;01;01;1;3;2;17;0;0;0
5;52;7353000;M001;9.3796645222249;01;01;1;1;2;17;0;0;0
5;52;1126997;M001;9.1030673604986;01;01;1;1;1;16;0;0;0
5;52;774740;M001;17.7798444491882;01;01;1;3;2;09;0;0;0
5;52;3392236;M001;6.4454799867215;08;01;2;3;1;17;0;0;0
5;52;2822103;M001;11.1548730466018;08;01;2;4;2;17;0;0;0
5;52;6027717;M001;14.1601478894631;08;01;2;2;1;14;0;0;0
5;52;3824109;M001;8.0589455039076;03;01;1;2;2;17;0;0;0
5;52;1716109;M001;10.9653962735586;03;01;1;2;1;17;0;0;0
5;52;7492557;M001;6.7427212021997;08;01;2;4;2;17;0;0;0
5;52;6520824;M001;8.5420333650434;08;01;2;2;2;11;0;0;0
5;52;3201460;M001;11.0390410151668;03;01;1;4;2;01;0;0;0
5;52;4968776;M001;7.4450013874787;01;01;1;3;1;12;0;0;0
5;52;1080673;M001;9.5793400121336;01;01;1;3;1;15;0;0;0
5;52;505755;M001;7.9448603942201;01;01;1;4;2;17;0;0;0
5;52;2014492;M001;10.6294913783252;01;01;1;1;2;16;0;0;0
5;52;2014492;M002;10.6294913783252;01;01;1;1;1;12;0;0;0
5;52;2154931;M001;7.8878668494223;01;01;1;3;1;13;0;0;0
5;52;3747065;M001;9.3796645222249;01;01;1;2;2;17;0;0;0
5;52;6413720;M001;8.6225085619903;01;01;1;4;2;10;0;0;0
5;52;6230575;M001;13.8550387599293;01;01;1;3;1;10;0;0;0
5;52;4475820;M001;13.8000500914082;01;01;1;3;1;05;0;0;0
5;52;4475820;M002;13.8000500914082;01;01;1;1;1;17;0;0;0
5;52;1420971;M001;5.6846718889545;01;01;1;2;2;15;0;0;0
5;52;6555325;M001;9.1030673604986;02;01;1;3;1;13;0;0;0
5;52;5427538;M001;10.6788424462012;01;01;1;3;1;05;0;0;0
5;52;7780571;M001;10.3209972795717;01;01;1;1;1;14;0;0;0
5;52;2797058;M001;10.2659786309396;01;01;1;3;2;08;0;0;0
5;52;4749955;M001;7.2339334839545;01;01;1;2;2;17;0;0;0
5;52;5366726;M001;10.19267664395;08;01;2;3;1;17;0;0;0
5;52;2993070;M001;11.0185623538954;08;01;2;3;2;17;0;0;0
5;52;6167363;M001;5.6037194576938;08;01;2;1;1;13;0;0;0
5;52;5172767;M001;16.5581115785544;01;01;1;2;1;13;0;0;0
5;52;3697073;M001;8.4264568146088;01;01;1;2;2;06;0;0;0
5;52;5402424;M001;10.2469771457713;01;01;1;2;1;17;0;0;0
5;52;6062299;M001;12.2585345129437;01;01;1;2;1;12;0;0;0
5;52;253423;M001;11.484413657858;01;01;1;3;2;06;0;0;0
5;52;979324;M001;7.4721028102595;01;01;1;4;1;13;0;0;0
5;52;4538697;M001;6.7049986363743;01;01;1;4;2;11;0;0;0
5;52;1349255;M001;3.5746969584778;01;01;1;4;1;12;0;0;0
5;52;171573;M001;3.480056891082;01;01;1;3;1;15;0;0;0
5;52;611052;M001;3.080283856699;01;01;1;4;2;01;0;0;0
5;52;6267855;M001;2.2701175524767;01;01;1;1;2;17;0;0;0
5;52;4332019;M001;4.1056113737536;01;01;1;3;1;07;0;0;0
5;52;1669493;M001;2.438648224294;01;01;1;2;2;07;0;0;0
5;52;751913;M001;3.6929348447591;01;01;1;2;2;14;0;0;0
5;52;4393800;M001;3.7799047215386;01;01;1;4;1;07;0;0;0
5;52;3810530;M001;2.7393211394596;01;01;1;3;1;15;0;0;0
5;52;691046;M001;3.295002463001;01;01;1;2;2;14;0;0;0
5;52;2942889;M001;2.6106676855814;01;01;1;3;1;11;0;0;0
5;52;5007004;M001;3.9744370415586;01;01;1;3;1;17;0;0;0
5;52;1569890;M001;2.5459625203045;01;01;1;3;2;17;0;0;0
5;52;3287583;M001;3.3891154043396;08;01;2;3;1;12;0;0;0
5;52;6446834;M001;4.1311351781659;08;01;2;3;1;17;0;0;0
5;52;1273531;M001;3.5411811704046;08;01;2;3;2;15;0;0;0
5;52;837299;M001;4.6861759311642;08;01;2;3;1;17;0;0;0
5;52;683136;M001;3.8153435363377;08;01;2;2;1;17;0;0;0
5;52;4121853;M001;3.0182938633038;08;01;2;1;1;01;0;0;0
5;52;4270954;M001;2.9503051036291;08;01;2;3;1;15;0;0;0
5;52;4022075;M001;2.7701148622683;08;01;2;2;2;15;0;0;0
5;52;4467011;M001;2.0170238542733;01;01;1;1;1;17;0;0;0
5;52;4355724;M001;3.4597589377389;01;01;1;3;2;17;0;0;0
5;52;1721659;M001;4.5015088753872;01;01;1;3;2;17;0;0;0
5;52;3395608;M001;2.3863324934382;01;01;1;2;2;04;0;0;0
5;52;4703836;M001;3.1423632210212;01;01;1;2;1;12;0;0;0
5;52;7513337;M001;2.5349369851738;01;01;1;3;1;17;0;0;0
5;52;4744549;M001;2.9237588614173;08;01;2;2;2;01;0;0;0
5;52;4744549;M002;2.9237588614173;08;01;2;2;1;17;0;0;0
5;52;2861859;M001;3.2273151278349;08;01;2;1;2;12;0;0;0
5;52;353420;M001;2.2939640215822;08;01;2;2;2;16;0;0;0
5;52;712280;M001;3.408126164201;08;05;2;4;1;05;0;0;0
5;52;5633109;M001;2.9445156155612;08;01;2;4;1;16;0;0;0
5;52;7213003;M001;5.4481885473643;01;01;1;4;2;14;0;0;0
5;52;6028693;M001;5.684120172797;01;01;1;4;1;09;0;0;0
5;52;7155779;M001;4.667474823325;01;01;1;4;1;11;0;0;0
5;52;6279708;M001;5.1358313724996;01;01;1;1;1;14;0;0;0
5;52;754671;M001;5.4283642892907;01;01;1;4;2;17;0;0;0
5;52;5840982;M001;4.9295021362822;01;01;1;1;1;14;0;0;0
5;52;1722312;M001;6.2148649958503;01;01;1;2;2;17;0;0;0
5;52;1722312;M002;6.2148649958503;01;01;1;3;1;17;0;0;0
5;52;4293637;M001;7.0754396294775;01;01;1;3;1;12;0;0;0
5;52;2875623;M001;8.1664258122111;01;01;1;2;1;15;0;0;0
5;52;2696043;M001;5.4782234689406;01;01;1;1;2;17;0;0;0
5;52;3411958;M001;5.1733850449889;01;01;1;2;1;11;0;0;0
5;52;4704417;M001;7.1626388488073;01;01;1;4;2;14;0;0;0
5;52;5486608;M001;4.8377007999576;01;01;1;4;2;15;0;0;0
5;52;5886745;M001;3.7089817633252;01;01;1;3;2;16;0;0;0
5;52;237675;M001;6.0652683402597;01;01;1;2;1;13;0;0;0
5;52;3968469;M001;5.0791170568546;01;01;1;4;1;16;0;0;0
5;52;2163145;M001;4.4537536934912;01;01;1;1;2;17;0;0;0
5;52;1290899;M001;5.8769449019285;01;01;1;3;2;17;0;0;0
5;52;59300;M001;6.2389616331601;01;01;1;3;1;06;0;0;0
5;52;5080678;M001;5.1334138148205;01;01;1;2;2;14;0;0;0
5;52;4880725;M001;3.8814875665532;08;01;2;3;1;17;0;0;0
5;52;2927111;M001;5.5060014704702;05;01;2;4;2;17;0;0;0
5;52;3509786;M001;4.0359938365708;08;01;2;3;1;16;0;0;0
5;52;6542267;M001;4.9339682521278;08;01;2;2;2;16;0;0;0
5;52;4859410;M001;4.6163964094642;01;01;1;1;1;05;0;0;0
5;52;6084234;M001;6.4257802183226;01;01;1;1;1;11;0;0;0
5;52;4278301;M001;4.3137248008954;01;01;1;3;2;16;0;0;0
5;52;5797599;M001;5.1655062695853;01;01;1;1;1;13;0;0;0
5;52;7257674;M001;6.3002574839495;01;01;1;1;2;17;0;0;0
5;52;1132594;M001;8.3471161707626;01;01;1;2;2;15;0;0;0
5;52;4462114;M001;11.3692847513271;01;01;1;1;1;13;0;0;0
5;52;2099161;M001;10.6379636509423;01;01;1;4;1;14;0;0;0
5;52;1290240;M001;8.3471161707626;01;01;1;4;2;10;0;0;0
5;52;3551023;M001;9.2096985728472;01;01;1;3;2;15;0;0;0
5;52;1451551;M001;11.1508985468529;01;01;1;4;2;16;0;0;0
5;52;6540906;M001;8.1777306358984;01;01;1;3;2;16;0;0;0
5;52;6296679;M001;8.9035639954131;01;01;1;3;1;12;0;0;0
5;52;7173231;M001;13.4810579228195;01;01;1;1;2;17;0;0;0
5;52;4179908;M001;9.9798774564755;01;01;1;1;1;11;0;0;0
5;52;5893091;M001;10.3627388333978;01;01;1;3;1;15;0;0;0
5;52;4650798;M001;13.5313271485985;01;01;1;1;2;15;0;0;0
5;52;6308919;M001;10.3627388333978;01;01;1;3;1;16;0;0;0
5;52;5971471;M001;9.1803515475567;01;01;1;4;1;17;0;0;0
5;52;1804704;M001;10.5950252606533;01;01;1;3;1;09;0;0;0
5;52;5223411;M002;10.3112279518893;01;01;1;2;1;10;0;0;0
5;52;7165986;M001;10.6054442539933;01;01;1;3;2;17;0;0;0
5;52;3204728;M001;8.5622605462921;01;01;1;3;2;14;0;0;0
5;52;1263566;M001;9.04186365638;01;01;1;3;1;14;0;0;0
5;52;1263566;M002;9.04186365638;01;01;1;2;1;12;0;0;0
5;52;5177357;M001;7.2048166768176;01;01;1;2;1;17;0;0;0
5;52;3145747;M002;10.2027840459878;01;01;1;3;2;08;0;0;0
5;52;5505752;M001;10.925603427175;01;01;1;4;1;15;0;0;0
5;52;7684641;M001;12.9979081936888;01;01;1;4;1;15;0;0;0
5;52;7783473;M001;11.1895407396043;01;01;1;1;1;16;0;0;0
5;52;5745957;M001;10.6379636509423;01;01;1;3;1;15;0;0;0
5;52;2049983;M001;8.254741808739;01;01;1;2;1;17;0;0;0
5;52;132722;M001;8.3471161707626;01;01;1;3;1;11;0;0;0
5;52;2847229;M001;9.3600955592795;01;01;1;3;1;13;0;0;0
5;52;3228120;M001;9.5844502619743;01;01;1;2;2;11;0;0;0
5;52;5241530;M001;12.7708976534163;01;01;1;3;2;17;0;0;0
5;52;3447222;M001;7.7292101242035;01;01;1;3;2;16;0;0;0
5;52;4990247;M001;12.1907825899202;01;01;1;3;2;12;0;0;0
5;52;7072605;M001;10.8241014770867;01;01;1;3;2;17;0;0;0
5;52;5599702;M001;10.8177076626651;01;01;1;1;1;15;0;0;0
5;52;740615;M001;9.1824309482876;01;01;1;4;1;11;0;0;0
5;52;7144881;M001;10.5801932808907;01;01;1;3;2;13;0;0;0
5;52;1690186;M001;12.7979997798282;01;01;1;3;1;15;0;0;0
5;52;1283839;M001;12.5090149430941;01;01;1;3;2;13;0;0;0
5;52;3291820;M001;9.7157616818275;01;01;1;1;1;15;0;0;0
5;52;4343112;M001;8.6191020306595;01;01;1;3;1;15;0;0;0
5;52;1450089;M001;10.6294656608164;01;01;1;1;1;13;0;0;0
5;52;5065105;M001;6.2674521915781;01;01;1;4;1;08;0;0;0
5;52;3416514;M001;7.266139633013;01;01;1;4;2;14;0;0;0
5;52;1008393;M001;11.9020666502437;01;01;1;1;1;16;0;0;0
5;52;6992596;M001;12.5705639098146;01;01;1;3;1;14;0;0;0
5;52;6698688;M001;14.6578228090511;01;01;1;4;2;12;0;0;0
5;52;3108253;M001;5.8198812837624;01;01;1;2;1;12;0;0;0
5;52;3983884;M001;10.4036280910344;01;01;1;2;1;12;0;0;0
5;52;6687086;M001;11.0378673643533;01;01;1;3;1;06;0;0;0
5;52;4063545;M001;9.5444306864755;01;01;1;3;1;13;0;0;0
5;52;2260359;M001;10.8721102239624;01;01;1;2;2;15;0;0;0
5;52;327094;M001;10.4036280910344;01;01;1;2;2;09;0;0;0
5;52;7325540;M001;13.0012163996686;01;01;1;3;2;15;0;0;0
5;52;2765467;M001;14.7449595114909;01;01;1;3;2;17;0;0;0
5;52;2765467;M002;14.7449595114909;01;01;1;4;1;15;0;0;0
5;52;5456684;M001;4.9348756027734;01;01;1;3;2;16;0;0;0
5;52;273779;M001;12.9305123639955;01;01;1;1;2;99;0;0;1
5;52;1370111;M001;12.4741131037082;01;01;1;2;1;15;0;0;0
5;52;5625912;M001;7.9700066920195;01;01;1;3;2;15;0;0;0
5;52;5058736;M001;18.8254487674656;01;01;1;4;2;13;0;0;0
5;52;1063431;M001;10.9387492658458;01;01;1;1;2;14;0;0;0
5;52;3933719;M001;8.3184249116352;01;01;1;4;1;17;0;0;0
5;52;2469159;M001;13.9650226253543;01;01;1;3;1;15;0;0;0
5;52;5272059;M001;8.9679039692309;01;01;1;3;1;12;0;0;0
5;52;5054333;M001;5.9019109847419;01;01;1;3;1;14;0;0;0
5;52;7447570;M001;10.7771129034662;01;01;1;1;1;15;0;0;0
5;52;1301048;M001;19.2698252301576;01;01;1;2;1;13;0;0;0
5;52;2469350;M001;9.0573871524711;01;01;1;3;1;14;0;0;0
5;52;4053931;M001;11.4188662007798;01;01;1;2;1;17;0;0;0
5;52;1987202;M001;7.7632845024179;01;01;1;2;1;17;0;0;0
5;52;1525574;M001;23.4262266773534;01;01;1;3;1;12;0;0;0
5;52;2748840;M001;6.0000000000017;01;01;1;3;2;06;0;0;0
5;52;6481172;M001;16.759162502506;01;01;1;1;1;15;0;0;0
5;52;7095212;M001;8.1089756391405;01;01;1;3;2;11;0;0;0
5;52;7780627;M001;10.3613723726506;01;01;1;3;1;17;0;0;0
5;52;103873;M001;8.8081488336369;01;01;1;3;1;17;0;0;0
5;52;1804783;M001;9.6375223992575;01;01;1;2;1;13;0;0;0
5;52;645548;M001;5.6626146925897;01;01;1;4;2;16;0;0;0
5;52;32238;M001;9.0807197917067;01;01;1;4;2;17;0;0;0
5;52;1372963;M001;12.7076028016806;01;01;1;1;2;15;0;0;0
5;52;1372963;M002;12.7076028016806;01;01;1;4;2;10;0;0;0
5;52;7715267;M001;11.2558903327131;01;01;1;4;2;13;0;0;0
5;52;7310723;M001;14.0955992131913;01;01;1;4;1;15;0;0;0
5;52;4644433;M001;7.1153948475356;01;01;1;2;1;15;0;0;0
5;52;2131852;M001;11.6177109305087;01;01;1;3;1;07;0;0;0
5;52;6322389;M001;9.9220814002678;01;01;1;1;1;09;0;0;0
5;52;1233327;M001;12.9301930970358;01;01;1;3;1;17;0;0;0
5;52;1233327;M002;12.9301930970358;01;01;1;3;2;16;0;0;0
5;52;1233327;M003;12.9301930970358;01;01;1;3;1;10;0;0;0
5;52;1100392;M001;10.2710336313746;01;01;1;1;1;17;0;0;0
5;52;6237624;M001;9.8401248413046;01;01;1;1;1;17;0;0;0
5;52;4968062;M001;9.5780412392528;01;01;1;2;2;15;0;0;0
5;52;5671473;M001;6.0500105948402;01;01;1;4;1;12;0;0;0
5;52;5041048;M001;10.2436231406562;01;01;1;3;2;16;0;0;0
5;52;1901460;M001;12.7708976534163;01;01;1;2;2;17;0;0;0
5;52;3847286;M001;11.2081247252467;01;01;1;4;1;17;0;0;0
5;52;2052876;M001;9.8922210206592;01;01;1;3;1;11;0;0;0
5;52;4245141;M001;10.5950252606533;01;01;1;1;2;09;0;0;0
5;52;1567996;M001;11.8807150065494;01;01;1;4;1;14;0;0;0
5;52;496816;M001;10.7107669536058;01;01;1;1;2;16;0;0;0
5;52;2252354;M001;8.3181350955999;01;01;1;2;1;12;0;0;0
5;52;3934089;M001;13.0360037793434;01;01;1;3;1;08;0;0;0
5;52;3084072;M001;11.4135711935998;01;01;1;4;1;13;0;0;0
5;52;6896693;M001;12.2321171265464;01;01;1;3;1;15;0;0;0
5;52;6896693;M002;12.2321171265464;01;01;1;3;1;10;0;0;0
5;52;6896693;M003;12.2321171265464;01;01;1;2;1;09;0;0;0
5;52;5140148;M001;11.8684264238673;01;01;1;2;1;17;0;0;0
5;52;7417101;M001;10.1920395353552;01;01;1;2;1;14;0;0;0
5;52;37929;M001;8.3320894270345;01;01;1;4;1;17;0;0;0
5;52;5572704;M001;16.1411600635216;01;05;1;4;1;12;0;0;0
5;52;6324532;M001;10.7726962861969;01;01;1;3;2;17;0;0;0
5;52;2669566;M001;15.907949013494;01;01;1;1;1;04;0;0;0
5;52;7663919;M001;9.0153746164484;01;01;1;3;2;17;0;0;0
5;52;6535985;M001;8.7870765626053;01;01;1;3;1;11;0;0;0
5;52;7794984;M001;12.1029432537647;01;01;1;3;1;15;0;0;0
5;52;131585;M001;10.1912487332891;01;01;1;3;1;03;0;0;0
5;52;1935698;M001;10.6432308483368;01;01;1;4;2;15;0;0;0
5;52;4643573;M001;16.5529815931012;01;01;1;3;2;12;0;0;0
5;52;3232089;M001;14.6326220792327;01;01;1;3;2;15;0;0;0
5;52;3778557;M001;10.3112279518893;01;01;1;2;2;15;0;0;0
5;52;7042124;M001;10.639528605259;01;01;1;4;1;17;0;0;0
5;52;903703;M001;10.7262988283697;01;01;1;3;1;09;0;0;0
5;52;903703;M002;10.7262988283697;01;01;1;3;2;05;0;0;0
5;52;6227763;M001;12.2083585225006;01;01;1;1;2;16;0;0;0
5;52;1297052;M001;7.2757781000539;01;01;1;3;1;15;0;0;0
5;52;2303379;M001;6.8171006685663;01;01;1;1;1;12;0;0;0
5;52;7633683;M001;13.6805739511791;01;01;1;2;2;15;0;0;0
5;52;5015907;M001;7.7855009649037;01;01;1;2;2;12;0;0;0
5;52;5015907;M002;7.7855009649037;01;01;1;1;1;08;0;0;0
5;52;829040;M001;6.4024256231684;01;01;1;1;1;08;0;0;0
5;52;4705663;M001;9.83959043227;01;01;1;3;1;13;0;0;0
5;52;2664029;M001;10.2743545671949;01;01;1;2;2;14;0;0;0
5;52;782616;M001;9.1832984243076;01;01;1;4;1;17;0;0;0
5;52;5325310;M001;12.084436128543;01;01;1;2;2;15;0;0;0
5;52;1951107;M001;9.6954801216407;01;01;1;1;2;13;0;0;0
5;52;611152;M001;9.4250772077097;01;01;1;1;1;17;0;0;0
5;52;3231068;M001;8.4828644265029;01;01;1;4;2;14;0;0;0
5;52;4813203;M001;9.5886153942303;01;01;1;3;2;09;0;0;0
5;52;6351415;M001;10.424625082258;01;01;1;1;1;16;0;0;0
5;52;1547887;M001;9.4250772077097;01;01;1;2;2;13;0;0;0
5;52;1848652;M001;11.8807150065494;01;01;1;1;1;16;0;0;0
5;52;4391386;M001;11.9483281537803;05;01;2;3;1;09;0;0;0
5;52;2461644;M001;6.8664819411924;01;01;1;3;1;12;0;0;0
5;52;2040794;M001;10.8177076626651;01;01;1;4;2;17;0;0;0
5;52;6334579;M001;8.5697669666107;01;01;1;3;1;17;0;0;0
5;52;7439406;M001;10.3260783847127;01;01;1;2;2;08;0;0;0
5;52;4844180;M001;8.4463623238865;01;01;1;4;2;14;0;0;0
5;52;2113300;M001;14.2244924075452;01;01;1;3;1;13;0;0;0
5;52;7112244;M001;9.8922210206592;01;01;1;3;2;13;0;0;0
5;52;5448298;M001;9.578718396607;01;01;1;3;1;17;0;0;0
5;52;3701809;M001;7.9048123942515;01;01;1;1;2;17;0;0;0
5;52;823523;M001;5.5247090019087;01;01;1;2;2;05;0;0;0
5;52;1511067;M001;9.7718955450026;01;01;1;2;1;13;0;0;0
5;52;4149089;M001;8.9011617813626;01;01;1;1;1;05;0;0;0
5;52;2132170;M001;14.9530657763182;01;01;1;3;2;09;0;0;0
5;52;2762728;M001;11.0738831069493;01;01;1;2;2;11;0;0;0
5;52;2762728;M002;11.0738831069493;01;01;1;2;2;14;0;0;0
5;52;2959050;M001;10.9162136487941;01;01;1;4;2;17;0;0;0
5;52;7301034;M001;10.3784292845623;01;01;1;3;2;12;0;0;0
5;52;463731;M001;12.4741131037082;01;01;1;4;1;16;0;0;0
5;52;667080;M001;11.0621690736028;01;01;1;1;2;17;0;0;0
5;52;667080;M002;11.0621690736028;01;01;1;2;1;17;0;0;0
5;52;7289684;M001;10.939942436303;01;01;1;3;2;01;0;0;0
5;52;4513220;M001;7.7683773204117;01;01;1;2;2;16;0;0;0
5;52;7070369;M001;11.9152497843354;01;01;1;3;1;10;0;0;0
5;52;6291318;M001;12.1029432537647;01;01;1;2;1;17;0;0;0
5;52;6039598;M001;10.1040233991473;01;01;1;1;2;01;0;0;1
5;52;7233100;M001;10.1234984748594;01;01;1;1;1;13;0;0;0
5;52;1308618;M001;9.1742088147788;01;01;1;2;2;17;0;0;0
5;52;6937008;M001;6.6902415827185;01;01;1;3;1;13;0;0;0
5;52;2124746;M001;14.6123853248305;01;01;1;4;2;01;0;0;0
5;52;6210107;M001;11.3400002433503;01;01;1;2;1;10;0;0;0
5;52;478852;M001;14.452748982504;01;01;1;3;1;17;0;0;0
5;52;6210759;M001;7.2641340744411;01;01;1;4;2;17;0;0;0
5;52;829961;M001;10.2836419513602;01;01;1;3;2;12;0;0;0
5;52;5169822;M001;9.3760020323387;01;01;1;3;1;17;0;0;0
5;52;211806;M001;10.4797552423541;01;01;1;4;2;11;0;0;0
5;52;2620770;M001;5.4033293893884;05;01;2;1;1;16;0;0;0
5;52;7661284;M001;9.3058768377989;01;01;1;2;1;17;0;0;0
5;52;2488539;M001;11.0216010039231;01;01;1;4;2;09;0;0;0
5;52;49218;M001;9.9945169549727;01;01;1;2;1;13;0;0;0
5;52;5734364;M001;10.6379636509423;01;01;1;4;1;15;0;0;0
5;52;4737463;M001;10.5950252606533;01;01;1;4;2;12;0;0;0
5;52;3208512;M001;11.8807150065494;01;01;1;2;1;13;0;0;0
5;52;6877785;M001;11.4135711935998;01;01;1;3;1;05;0;0;0
5;52;385758;M001;12.4048067694237;01;01;1;4;1;15;0;0;0
5;52;6129914;M001;10.2561689507978;01;01;1;4;1;15;0;0;0
5;52;4850178;M001;10.2561689507978;01;01;1;3;1;12;0;0;0
5;52;663836;M001;10.4032451271904;01;01;1;4;1;17;0;0;0
5;52;6509218;M001;14.7331943489452;01;01;1;3;1;04;0;0;0
5;52;4561968;M001;10.5586467475039;01;01;1;3;2;15;0;0;0
5;52;6712726;M001;12.8999629151164;01;01;1;2;1;15;0;0;0
5;52;5984325;M001;9.5273426566666;01;01;1;4;2;01;0;0;0
5;52;5728394;M001;8.9153037908918;01;01;1;2;1;08;0;0;0
5;52;5919503;M001;8.093482343306;02;01;1;3;2;11;0;0;0
5;52;1573328;M001;11.4135711935998;01;01;1;4;1;05;0;0;0
5;52;5562419;M001;10.2436231406562;01;01;1;4;1;17;0;0;0
5;52;5562419;M002;10.2436231406562;01;01;1;3;2;14;0;0;0
5;52;2864478;M001;12.9829860501945;01;01;1;3;1;16;0;0;0
5;52;4807980;M001;9.2724034246412;01;01;1;3;1;17;0;0;0
5;52;4656781;M001;10.9117857553907;01;01;1;3;1;11;0;0;0
5;52;5314165;M001;9.3954599106224;01;01;1;3;1;15;0;0;0
5;52;5314165;M002;9.3954599106224;01;01;1;3;2;17;0;0;0
5;52;852678;M001;1.1650639021491;01;01;1;3;1;17;0;0;0
5;52;3246560;M001;1.8554780640809;01;01;1;3;2;09;0;0;0
5;52;6159640;M001;1.826426851945;01;01;1;1;2;14;0;0;0
5;52;6415902;M001;1.8074072583683;01;01;1;2;1;10;0;0;0
5;52;6415902;M002;1.8074072583683;01;01;1;2;1;03;0;0;0
5;52;7760748;M001;1.8273379099025;01;01;1;1;1;17;0;0;0
5;52;7760748;M002;1.8273379099025;01;01;1;2;1;10;0;0;0
5;52;7760748;M003;1.8273379099025;01;01;1;4;2;15;0;0;0
5;52;554255;M001;3.3750471598307;01;01;1;3;1;17;0;0;0
5;52;2876847;M001;2.5385252823244;01;01;1;3;2;10;0;0;0
5;52;7458889;M001;1.7000718268587;01;01;1;3;2;17;0;0;0
5;52;64374;M001;1.6112104511122;01;01;1;3;1;12;0;0;0
5;52;2156614;M001;1.8981478612254;01;01;1;3;1;14;0;0;0
5;52;4191278;M001;1.7000718268587;01;01;1;4;1;13;0;0;0
5;52;878277;M001;3.0545307902414;01;01;1;2;2;14;0;0;0
5;52;986493;M001;1.9711950480025;01;01;1;4;1;13;0;0;0
5;52;831743;M001;2.2671470392347;01;01;1;3;1;17;0;0;0
5;52;5581999;M001;2.3095523536494;01;01;1;3;2;17;0;0;0
5;52;5093550;M001;1.9263004480512;01;01;1;2;2;08;0;0;0
5;52;6802626;M001;1.6985152966658;01;01;1;3;2;15;0;0;0
5;52;4161481;M001;1.7000718268587;01;01;1;2;1;15;0;0;0
5;52;3355701;M001;1.5692916417872;01;01;1;1;1;09;0;0;0
5;52;7535860;M001;2.4302107659026;01;01;1;2;1;17;0;0;0
5;52;7535860;M002;2.4302107659026;01;01;1;3;2;11;0;0;0
5;52;375261;M001;2.089364174719;01;01;1;3;2;17;0;0;0
5;52;3824932;M001;1.1563419970533;01;01;1;4;1;13;0;0;0
5;52;4686549;M001;2.5385252823244;01;01;1;1;1;07;0;0;0
5;52;239079;M001;2.4377350634911;01;01;1;4;2;16;0;0;0
5;52;775989;M001;1.5531006724526;01;01;1;2;1;07;0;0;0
5;52;27803;M001;1.7000718268587;01;01;1;4;1;15;0;0;0
5;52;1821512;M001;3.591431361958;08;01;2;1;1;10;0;0;0
5;52;5978277;M001;1.5766496250585;08;01;2;2;1;17;0;0;0
5;52;7106278;M001;2.0498656159075;02;01;1;3;2;17;0;0;0
5;52;7007186;M001;2.5385252823244;02;01;1;2;2;14;0;0;0
5;52;700355;M001;2.1342587746703;02;01;1;3;1;16;0;0;1
5;52;2317033;M001;1.960226174467;01;01;1;2;2;07;0;0;0
5;52;4430893;M001;2.1080639782388;01;01;1;3;1;10;0;0;0
5;52;5915097;M001;2.2083631059013;08;01;2;1;2;01;0;0;0
5;52;3782378;M001;2.1459507920635;08;01;2;3;1;01;0;0;1
5;52;5986071;M001;2.4736085145449;08;01;2;3;1;13;0;0;0
5;52;6245330;M001;1.6981000216864;08;01;2;4;2;17;0;0;0
5;52;5563570;M001;2.3260599776711;01;01;1;4;1;17;0;0;0
5;52;1103741;M001;3.114784394987;01;01;1;3;1;17;0;0;0
5;52;7627137;M001;2.7141121923005;01;01;1;1;1;17;0;0;0
5;52;3954877;M001;2.5959661732571;01;01;1;1;2;17;0;0;0
5;52;1410684;M001;3.0197310905904;01;01;1;3;1;10;0;0;0
5;52;7370065;M001;2.7096252867591;01;01;1;3;1;07;0;0;0
5;52;2902746;M001;2.5297963860208;01;01;1;2;2;12;0;0;0
5;52;6698979;M001;3.4147880659883;01;01;1;2;2;17;0;0;0
5;52;516000;M001;2.7365677787999;01;01;1;3;1;17;0;0;0
5;52;3540326;M001;2.5344252697962;01;01;1;4;1;15;0;0;0
5;52;7035006;M001;2.5221858206353;01;01;1;3;1;17;0;0;0
5;52;3464605;M001;2.8040232357634;01;01;1;2;1;15;0;0;0
5;52;4524765;M001;2.172027144255;01;01;1;2;2;06;0;0;0
5;52;6976171;M001;3.1824963538921;01;01;1;4;1;17;0;0;0
5;52;3541349;M001;2.7526047245326;01;01;1;2;1;14;0;0;0
5;52;2309732;M001;2.6921762676178;01;01;1;3;2;14;0;0;0
5;52;5647579;M001;2.3541031072797;01;01;1;3;1;16;0;0;0
5;52;6821485;M001;2.7526047245326;01;01;1;4;1;11;0;0;0
5;52;1077133;M001;2.681779358455;01;01;1;3;2;17;0;0;0
5;52;1704886;M001;3.339515575139;01;01;1;3;1;10;0;0;0
5;52;2389335;M001;2.5023225418254;01;01;1;2;1;17;0;0;0
5;52;4700231;M001;2.7892253877713;01;01;1;1;1;17;0;0;0
5;52;3827829;M001;2.1275801617135;01;01;1;3;2;07;0;0;0
5;52;4119115;M001;2.4530519035958;01;01;1;2;1;08;0;0;0
5;52;7236708;M001;3.6646893877483;08;01;2;1;2;17;0;0;0
5;52;6755438;M001;3.4615913192879;08;01;2;3;2;12;0;0;0
5;52;6755438;M002;3.4615913192879;08;01;2;1;1;13;0;0;0
5;52;3576113;M001;3.5018748586976;05;01;2;2;2;16;0;0;0
5;52;5155918;M001;3.0514929983208;05;01;2;2;1;09;0;0;0
5;52;4985167;M001;2.5808671763368;05;01;2;3;1;10;0;0;0
5;52;3123848;M001;3.6891480849661;05;01;2;4;1;12;0;0;0
5;52;571823;M001;2.9156233282392;05;01;2;3;2;17;0;0;0
5;52;5911431;M001;3.2495623459099;08;01;2;1;2;17;0;0;0
5;52;3610362;M001;2.9829798480953;08;01;2;1;2;17;0;0;0
5;52;4065078;M001;1.3301212287634;08;01;2;4;2;14;0;0;0
5;52;3645994;M001;3.6871266296806;01;01;1;3;2;16;0;0;0
5;52;1044397;M001;2.9694599916023;01;01;1;2;1;14;0;0;0
5;52;1722375;M001;2.6275896352889;01;01;1;3;1;17;0;0;0
5;52;1611560;M001;2.480620241525;01;01;1;4;1;12;0;0;0
5;52;3683672;M001;1.2870702142185;01;01;1;1;1;17;0;0;0
5;52;7668893;M001;2.7405750213748;01;01;1;4;2;14;0;0;0
5;52;2874381;M001;9.2247461979462;01;01;1;1;1;13;0;0;0
5;52;5336483;M001;7.9123806459836;01;01;1;2;1;13;0;0;0
5;52;164479;M001;8.5246104368012;01;01;1;4;1;12;0;0;0
5;52;4110252;M001;10.2961393950302;01;01;1;2;2;07;0;0;0
5;52;1749841;M001;9.8717374760126;01;01;1;3;2;16;0;0;0
5;52;2497008;M002;9.9114102669899;01;01;1;4;1;16;0;0;0
5;52;2457989;M001;12.932168905858;01;01;1;4;2;17;0;0;0
5;52;4927327;M001;10.808470015573;01;01;1;4;1;17;0;0;0
5;52;5730764;M001;11.0297136849941;01;01;1;4;2;06;0;0;0
5;52;592206;M001;10.6871199272749;01;01;1;3;1;17;0;0;0
5;52;959934;M001;9.3334961014186;01;01;1;4;1;17;0;0;0
5;52;855776;M001;10.1677043136645;01;01;1;2;1;13;0;0;0
5;52;4610490;M001;9.6007545166017;01;01;1;3;2;07;0;0;0
5;52;1098405;M001;10.1297162559988;01;01;1;3;1;15;0;0;0
5;52;3796533;M001;9.3591300557485;01;01;1;1;1;14;0;0;0
5;52;5228524;M001;9.0777821633357;01;01;1;2;1;17;0;0;0
5;52;865840;M001;9.8976353249474;01;01;1;3;1;12;0;0;0
5;52;720560;M001;9.3872189845923;01;01;1;3;1;04;0;0;0
5;52;4095798;M001;10.5365551651111;01;01;1;3;2;07;0;0;0
5;52;6485980;M001;12.9638810321128;01;01;1;3;1;15;0;0;0
5;52;72518;M001;15.6212699751806;01;01;1;3;2;17;0;0;0
5;52;6881005;M001;10.4135125663583;01;01;1;3;2;17;0;0;0
5;52;6270540;M001;10.1138987045636;01;01;1;4;1;13;0;0;0
5;52;3996545;M001;12.4771350201275;01;01;1;1;2;17;0;0;0
5;52;538314;M001;11.3050853438275;01;01;1;3;2;15;0;0;0
5;52;465714;M001;7.2514727654139;01;01;1;4;1;10;0;0;0
5;52;5086903;M001;9.6858019146467;01;01;1;2;2;16;0;0;0
5;52;5086903;M002;9.6858019146467;01;01;1;4;1;17;0;0;0
5;52;4054355;M001;9.8050480264138;01;01;1;3;1;05;0;0;0
5;52;4289799;M001;6.5331787821815;01;01;1;3;2;16;0;0;0
5;52;95948;M001;8.7016704065051;01;01;1;3;1;15;0;0;0
5;52;7235858;M001;10.214434631479;01;01;1;3;2;10;0;0;0
5;52;3944162;M001;10.6871199272749;01;01;1;3;1;17;0;0;0
5;52;2974184;M001;9.5303103199107;01;01;1;4;2;14;0;0;0
5;52;3497271;M001;8.7347472778511;01;01;1;2;2;16;0;0;0
5;52;2895091;M001;10.3345866246674;01;01;1;3;1;17;0;0;0
5;52;3473307;M001;10.1562019887641;01;01;1;4;1;17;0;0;0
5;52;6930419;M001;6.8962757425276;01;01;1;4;1;14;0;0;0
5;52;6930419;M002;6.8962757425276;01;01;1;3;2;13;0;0;0
5;52;5848053;M001;11.4148697227253;01;01;1;3;2;01;0;0;0
5;52;5822799;M001;10.7407285093823;01;01;1;3;1;17;0;0;0
5;52;1838949;M001;11.0324050458614;01;01;1;4;1;16;0;0;0
5;52;1180884;M001;11.815188768802;01;01;1;1;2;14;0;0;0
5;52;6299377;M001;15.1261897340097;01;01;1;3;1;13;0;0;0
5;52;4741307;M001;7.7705041786673;01;01;1;3;1;12;0;0;0
5;52;7213303;M001;4.8559347797166;01;01;1;4;1;07;0;0;0
5;52;7093449;M001;11.5049247349186;01;01;1;4;2;01;0;0;0
5;52;4279020;M001;9.4341637368602;01;01;1;3;1;14;0;0;0
5;52;1767687;M001;5.9945232681939;08;01;2;2;1;15;0;0;0
5;52;192399;M001;4.4400062002662;08;01;2;2;1;06;0;0;0
5;52;2355037;M001;12.1691255529286;08;01;2;1;1;13;0;0;0
5;52;4552736;M001;12.9667901972355;08;01;2;3;1;17;0;0;0
5;52;6508460;M001;12.5334836593264;08;01;2;3;2;14;0;0;0
5;52;3973043;M001;10.8282131799453;08;01;2;3;2;17;0;0;0
5;52;4629726;M001;8.5959673413018;03;01;1;1;1;17;0;0;0
5;52;5249677;M001;9.3021888235295;08;01;2;1;1;17;0;0;0
5;52;682400;M001;8.6265634832147;08;01;2;4;1;17;0;0;0
5;52;4658666;M001;17.7164420101677;08;01;2;3;1;15;0;0;0
5;52;4658666;M002;17.7164420101677;08;01;2;2;2;16;0;0;0
5;52;4658666;M003;17.7164420101677;08;01;2;1;2;15;0;0;0
5;52;1093930;M001;14.6349310224975;08;01;2;3;2;11;0;0;0
5;52;1617190;M001;10.5362256961687;08;01;2;4;1;06;0;0;0
5;52;2713899;M001;11.1288814492859;08;01;2;2;2;17;0;0;0
5;52;3724864;M001;13.9166480045851;08;01;2;2;1;13;0;0;0
5;52;2264428;M001;6.4164851625218;08;01;2;3;2;16;0;0;0
5;52;11969;M001;10.1003666070167;01;01;1;3;1;17;0;0;0
5;52;651722;M001;12.4916114468704;01;01;1;1;1;17;0;0;0
5;52;2645122;M001;9.0887109234345;01;01;1;3;1;14;0;0;0
5;52;802317;M001;7.8276970339738;01;01;1;1;1;01;0;0;0
5;52;4204434;M001;8.970611137597;01;01;1;2;1;16;0;0;0
5;52;5512475;M001;9.118567723055;01;01;1;2;1;10;0;0;0
5;52;2867975;M001;11.0400074988317;01;01;1;3;2;17;0;0;0
5;52;4817505;M001;10.6641349996417;01;01;1;4;1;06;0;0;0
5;52;967569;M001;10.3299804234517;01;01;1;4;1;15;0;0;0
5;52;345613;M001;13.7987308847114;01;01;1;3;1;15;0;0;0
5;52;277660;M001;11.6557454741973;01;01;1;3;1;08;0;0;0
5;52;564358;M001;9.4418023816334;01;01;1;3;2;14;0;0;0
5;52;3164803;M001;1.9563725490196;01;01;1;3;2;10;0;0;0
5;52;3164803;M002;1.9563725490196;01;01;1;4;1;05;0;0;0
5;52;800330;M001;13.2967576461802;01;01;1;2;1;13;0;0;0
5;52;2857014;M001;9.5593519198806;01;01;1;4;1;14;0;0;0
5;52;5949037;M001;11.1699289837929;03;01;1;1;1;09;0;0;0
5;52;1210106;M001;9.6313348787626;01;01;1;2;1;06;0;0;0
5;52;7762856;M001;11.0751554115852;01;01;1;3;1;13;0;0;0
5;52;6557469;M001;6.5921685983792;01;01;1;3;1;14;0;0;0
5;52;7476622;M001;9.9326649985511;01;01;1;2;1;06;0;0;0
5;52;477723;M001;11.7139832711826;02;01;1;4;1;06;0;0;0
5;52;2432629;M001;6.0591120868259;01;01;1;3;1;17;0;0;0
5;52;1026269;M001;10.1297162559988;01;01;1;3;1;15;0;0;0
5;52;681709;M001;12.4629260390735;01;01;1;1;1;09;0;0;0
5;52;6219737;M001;10.5513612013172;08;01;2;4;2;17;0;0;0
5;52;6014121;M001;10.582644386519;01;01;1;3;1;14;0;0;0
5;52;2605116;M001;9.8717374760126;01;01;1;3;2;14;0;0;0
5;52;7207852;M001;9.1583684779479;05;01;2;3;2;16;0;0;0
5;52;4458;M001;8.1904570300905;01;01;1;3;1;17;0;0;0
5;52;3353175;M001;8.0731921632293;01;01;1;4;1;15;0;0;0
5;52;2471967;M001;12.327899955315;01;01;1;1;1;13;0;0;0
5;52;5424287;M001;12.0447613999123;01;01;1;3;2;11;0;0;0
5;52;210541;M001;7.7097653361901;01;01;1;2;2;17;0;0;0
5;52;6147782;M001;10.8506222672037;01;01;1;4;2;09;0;0;0
5;52;1663903;M001;7.2331883581182;05;01;2;3;1;16;0;0;0
5;52;1672134;M001;8.2924267895502;01;01;1;3;2;12;0;0;0
5;52;1576559;M001;5.8930060114714;01;01;1;3;1;17;0;0;0
5;52;510220;M001;5.874262763868;08;01;2;3;2;16;0;0;0
5;52;6588367;M001;11.9134187031419;01;01;1;3;2;10;0;0;0
5;52;7761665;M001;11.9741739911233;01;01;1;1;2;14;0;0;0
5;52;5641385;M001;10.3570877971682;01;01;1;2;1;13;0;0;0
5;52;6402945;M001;10.0050028407358;01;01;1;2;1;11;0;0;0
5;52;7355600;M001;12.0137038574988;01;01;1;1;2;14;0;0;0
5;52;174221;M001;8.1250600904555;01;01;1;4;2;17;0;0;0
5;52;1785924;M001;10.3952972836373;01;01;1;3;1;11;0;0;0
5;52;7229366;M001;8.3972298159483;01;01;1;4;2;14;0;0;0
5;52;3668448;M001;9.8804595429921;01;01;1;1;1;14;0;0;0
5;52;4333517;M001;10.3628027061598;01;01;1;2;2;13;0;0;0
5;52;1569090;M001;9.6041391583767;01;01;1;4;1;17;0;0;0
5;52;7224277;M001;11.5155779399301;01;01;1;4;2;15;0;0;0
5;52;6686715;M001;11.050251806393;01;01;1;3;1;10;0;0;0
5;52;3557518;M001;11.3394104722615;01;01;1;1;2;17;0;0;0
5;52;3381020;M001;9.4383766282053;01;01;1;1;1;08;0;0;0
5;52;3447718;M001;13.0245429822625;01;01;1;4;2;17;0;0;0
5;52;3621259;M001;13.9024681983012;01;01;1;1;2;16;0;0;0
5;52;796486;M001;8.5898018624574;01;01;1;4;2;17;0;0;0
5;52;3409648;M001;7.9513511248913;01;01;1;2;2;17;0;0;0
5;52;1432461;M001;6.7058985096346;01;01;1;1;1;12;0;0;0
5;52;4809082;M001;8.3283623708969;01;01;1;3;1;16;0;0;0
5;52;4488591;M001;7.5232526026585;01;01;1;4;2;14;0;0;0
5;52;4037461;M001;9.4103769993233;01;01;1;1;1;16;0;0;0
5;52;6354710;M001;12.6409211378738;01;01;1;3;1;15;0;0;0
5;52;5582991;M001;11.9856604835988;01;01;1;3;1;17;0;0;0
5;52;1546189;M001;10.3597242741641;01;01;1;4;1;17;0;0;0
5;52;5630165;M001;12.2847609608413;01;01;1;3;1;16;0;0;0
5;52;4890193;M001;10.0434435698269;01;01;1;3;2;11;0;0;0
5;52;4333292;M001;10.4109345912699;01;01;1;3;2;17;0;0;0
5;52;4333292;M002;10.4109345912699;01;01;1;4;1;13;0;0;0
5;52;4383981;M001;10.7661020451381;01;01;1;4;1;17;0;0;0
5;52;1794247;M001;9.7953528965902;01;01;1;1;1;13;0;0;0
5;52;5783234;M001;7.6877476036736;01;01;1;3;2;11;0;0;0
5;52;5571422;M001;13.35474249956;01;01;1;2;2;08;0;0;0
5;52;4495005;M001;9.5609540352269;01;01;1;2;1;12;0;0;0
5;52;7128016;M001;7.4154504611511;01;01;1;4;1;09;0;0;0
5;52;6150859;M001;8.884165967446;01;01;1;1;1;17;0;0;0
5;52;7732452;M001;18.2612414751346;01;01;1;2;1;17;0;0;0
5;52;6098124;M001;15.7597329398245;01;01;1;2;1;16;0;0;0
5;52;2405165;M001;11.0325173961019;01;01;1;4;1;17;0;0;0
5;52;1901164;M001;8.3229428115096;01;01;1;3;2;11;0;0;0
5;52;3822263;M001;8.7533216939466;01;01;1;3;2;14;0;0;0
5;52;5671656;M001;8.4302991090287;01;01;1;1;1;05;0;0;0
5;52;7080021;M001;11.0786271689944;01;01;1;1;1;17;0;0;0
5;52;5341825;M001;10.704972845234;01;01;1;1;1;17;0;0;0
5;52;2520429;M001;14.6719632152232;01;01;1;1;2;16;0;0;0
5;52;2346472;M001;6.831615772254;01;01;1;3;1;17;0;0;0
5;52;3041865;M001;8.2810558315718;01;01;1;2;2;17;0;0;0
5;52;868289;M001;8.6277362881317;01;01;1;3;1;17;0;0;0
5;52;7490948;M001;9.7953528965902;01;01;1;3;1;16;0;0;0
5;52;2435224;M001;10.0763708991494;01;01;1;4;2;17;0;0;0
5;52;2282741;M002;9.6062883554807;01;01;1;1;1;17;0;0;0
5;52;4059241;M001;11.5436213138301;01;01;1;1;2;17;0;0;0
5;52;2682682;M001;5.6655904961879;01;01;1;1;2;17;0;0;0
5;52;2990769;M001;9.3948548929017;01;01;1;3;2;12;0;0;0
5;52;4274800;M001;16.4827279623955;01;01;1;1;2;15;0;0;0
5;52;1056653;M001;7.8508889029442;01;01;1;3;2;16;0;0;0
5;52;6539268;M001;15.0439234706727;01;01;1;4;1;04;0;0;0
5;52;3608063;M001;12.0553502057647;01;01;1;2;1;09;0;0;0
5;52;6577807;M001;7.4550768226094;01;01;1;1;2;17;0;0;0
5;52;6342541;M001;13.3927176637964;01;01;1;1;1;01;0;0;0
5;52;973241;M001;6.3904883528383;01;01;1;3;2;09;0;0;0
5;52;852819;M001;12.4340421906912;01;01;1;3;1;17;0;0;0
5;52;7262939;M001;13.1607651688724;01;01;1;3;1;08;0;0;0
5;52;3545859;M001;5.2000889836546;01;01;1;3;1;07;0;0;0
5;52;6258354;M001;8.7897559572918;01;01;1;1;1;11;0;0;0
5;52;1210425;M001;10.7934499582496;01;01;1;3;2;13;0;0;0
5;52;140486;M001;9.3658063880242;01;01;1;3;2;14;0;0;0
5;52;140486;M002;9.3658063880242;01;01;1;4;2;11;0;0;0
5;52;3107864;M001;14.697336720514;01;01;1;3;1;16;0;0;0
5;52;3369614;M001;9.7815697934555;01;01;1;4;1;17;0;0;0
5;52;6506818;M001;10.284156943897;01;01;1;2;1;11;0;0;0
5;52;5330486;M001;15.8210588345606;01;01;1;3;1;12;0;0;0
5;52;4637303;M001;13.9827298800994;01;01;1;1;1;15;0;0;0
5;52;767589;M001;5.5440000000011;01;01;1;1;1;14;0;0;0
5;52;6290009;M001;13.2128722043334;01;01;1;3;1;07;0;0;0
5;52;3196359;M001;7.674990794141;01;01;1;1;1;09;0;0;0
5;52;3430823;M001;7.7203107383549;01;01;1;3;2;09;0;0;0
5;52;5024092;M001;19.6061139523676;01;01;1;4;1;15;0;0;0
5;52;2491453;M001;18.4072966250184;01;01;1;2;2;05;0;0;0
5;52;6103154;M001;8.4145050959927;01;01;1;2;1;15;0;0;0
5;52;322623;M001;7.063781907126;01;01;1;1;1;15;0;0;0
5;52;6619445;M001;6.6149838963799;01;01;1;1;2;07;0;0;0
5;52;5662482;M001;18.7139198260663;01;01;1;3;1;10;0;0;0
5;52;7128739;M001;11.729110855029;01;01;1;1;1;17;0;0;0
5;52;300312;M001;11.3794637645111;01;01;1;3;1;17;0;0;0
5;52;300312;M002;11.3794637645111;01;01;1;4;1;17;0;0;0
5;52;1557552;M001;8.8327354529365;01;01;1;4;2;17;0;0;0
5;52;6347135;M001;14.6814519216203;01;01;1;2;1;15;0;0;0
5;52;2899232;M001;13.4684058773464;01;01;1;3;1;14;0;0;0
5;52;6108492;M001;11.6825485445578;01;01;1;2;1;14;0;0;0
5;52;6108492;M002;11.6825485445578;01;01;1;3;2;17;0;0;0
5;52;571437;M001;12.0014608189005;01;01;1;2;2;13;0;0;0
5;52;6129623;M001;11.1961475401529;01;01;1;2;1;17;0;0;0
5;52;6129623;M002;11.1961475401529;01;01;1;3;2;17;0;0;0
5;52;1864854;M001;16.9711398409951;01;01;1;2;1;04;0;0;0
5;52;540712;M001;6.4533226764368;01;01;1;2;1;11;0;0;0
5;52;4204119;M001;7.8493097977905;01;01;1;2;2;13;0;0;0
5;52;2080210;M001;8.9901654675263;01;01;1;1;1;14;0;0;0
5;52;5317704;M001;8.6714654008387;01;01;1;3;2;01;0;0;0
5;52;4715267;M001;10.7900793020972;01;01;1;4;1;11;0;0;0
5;52;6573262;M001;20.4621487533157;01;01;1;3;1;11;0;0;0
5;52;4072290;M001;15.0671620233763;01;01;1;4;1;12;0;0;0
5;52;1396069;M001;9.2454955570167;01;01;1;2;2;17;0;0;0
5;52;3619075;M001;12.3290148438184;01;01;1;1;1;17;0;0;0
5;52;6040327;M001;7.5823567957499;01;01;1;2;2;14;0;0;0
5;52;3246915;M001;10.9080513164023;01;01;1;3;2;06;0;0;0
5;52;7574999;M001;11.9755674338769;01;01;1;3;2;10;0;0;0
5;52;4256823;M001;7.3463637285218;01;01;1;1;2;17;0;0;0
5;52;5478775;M001;11.5740738959293;08;01;2;1;1;17;0;0;0
5;52;7213021;M001;9.4877737750793;08;01;2;3;2;16;0;0;0
5;52;135144;M001;9.5404991367965;08;01;2;1;1;17;0;0;0
5;52;2885621;M001;13.6387762756418;08;01;2;2;1;16;0;0;0
5;52;3421108;M001;9.5399741291469;08;01;2;4;1;15;0;0;0
5;52;4345270;M001;11.3720973534513;08;01;2;2;2;15;0;0;0
5;52;6442685;M001;14.1405279175405;08;01;2;2;1;12;0;0;0
5;52;6594396;M001;8.3671511703541;08;01;2;4;2;13;0;0;0
5;52;3722533;M001;11.4974631284672;08;01;2;2;1;17;0;0;0
5;52;4134664;M001;12.8125066435465;08;01;2;3;2;17;0;0;0
5;52;5937004;M001;13.7637318439803;05;01;2;4;2;09;0;0;0
5;52;5538873;M001;9.0926651669904;08;01;2;3;2;17;0;0;0
5;52;6462677;M001;11.5740738959293;05;01;2;1;2;17;0;0;0
5;52;6080098;M001;8.1336099929703;01;01;1;3;2;14;0;0;1
5;52;2714888;M001;9.4743943682506;01;01;1;1;2;14;0;0;1
5;52;3351232;M001;11.236941210552;01;01;1;2;1;16;0;0;0
5;52;3351232;M002;11.236941210552;01;01;1;3;2;16;0;0;0
5;52;6644297;M001;10.7087825070369;01;01;1;2;2;17;0;0;0
5;52;4060407;M001;12.2193835646347;01;01;1;2;1;17;0;0;0
5;52;7641554;M001;10.1047506042306;01;01;1;2;1;15;0;0;0
5;52;1601064;M002;9.5629817219147;01;01;1;1;1;09;0;0;0
5;52;3157546;M001;8.5289559194924;01;01;1;4;2;10;0;0;0
5;52;6208372;M001;15.848651481329;01;01;1;4;1;13;0;0;0
5;52;3015558;M001;10.2474680590275;01;01;1;1;2;11;0;0;0
5;52;2427517;M001;11.2536638951224;01;01;1;2;1;16;0;0;0
5;52;7319168;M001;9.6617924393008;01;01;1;3;2;17;0;0;0
5;52;1293856;M001;11.1824420685089;01;01;1;1;1;01;0;0;0
5;52;1948687;M001;9.5600357485465;01;01;1;3;1;12;0;0;0
5;52;1686103;M001;18.2329088625489;01;01;1;1;1;06;0;0;0
5;52;5438393;M001;7.4154504611511;01;01;1;2;1;15;0;0;0
5;52;3995523;M001;6.785226590152;01;01;1;3;2;17;0;0;0
5;52;1167492;M001;9.8967037103902;01;01;1;3;1;08;0;0;0
5;52;5585724;M001;8.9297647111138;01;01;1;4;2;12;0;0;0
5;52;988031;M001;3.9176530497618;01;01;1;4;1;17;0;0;0
5;52;6408918;M001;1.5924171316375;01;01;1;1;1;11;0;0;0
5;52;979745;M001;1.8920357474256;01;01;1;1;1;07;0;0;0
5;52;3238068;M001;9.2692744692876;01;01;1;1;2;16;0;0;0
5;52;4038929;M001;6.3020974450837;01;01;1;3;1;10;0;0;0
5;52;4456620;M001;7.1253714543051;01;01;1;3;2;03;0;0;0
5;52;5331267;M001;6.7395998221336;01;01;1;1;1;08;0;0;0
5;52;1703957;M001;6.1134139169655;01;01;1;4;1;17;0;0;0
5;52;7324337;M001;14.1134532501528;01;01;1;4;1;01;0;0;0
5;52;5105335;M001;6.831615772254;01;01;1;2;1;15;0;0;0
5;52;7373742;M001;11.2075720109886;01;01;1;3;2;14;0;0;0
5;52;5865544;M001;16.659463368611;01;01;1;3;1;11;0;0;0
5;52;4950758;M001;8.802233005164;01;01;1;1;2;16;0;0;0
5;52;1701929;M001;5.5440000000011;01;01;1;1;2;15;0;0;0
5;52;7148927;M001;8.9943150525244;01;01;1;2;1;14;0;0;0
5;52;674250;M001;14.4223761292943;01;01;1;3;2;12;0;0;0
5;52;3803381;M001;8.4432332320928;01;01;1;3;1;14;0;0;0
5;52;6537061;M001;12.4238299266393;01;01;1;4;2;17;0;0;0
5;52;5059544;M001;16.3661227406032;01;01;1;1;1;15;0;0;0
5;52;3010404;M001;9.911098090347;01;01;1;2;1;09;0;0;0
5;52;7098203;M001;16.4807203442388;01;01;1;1;2;13;0;0;0
5;52;6284122;M001;9.5600357485465;01;01;1;2;1;12;0;0;0
5;52;3369205;M001;9.2512104700345;01;01;1;3;2;17;0;0;0
5;52;1314530;M001;12.9215111094151;01;01;1;2;1;17;0;0;0
5;52;284639;M001;12.8426877504386;01;01;1;1;2;15;0;0;0
5;52;1187586;M001;8.3020787437445;01;01;1;4;1;14;0;0;0
5;52;7368879;M001;8.2919062058114;01;01;1;2;2;01;0;0;0
5;52;4494999;M001;17.9253256673573;01;01;1;3;2;14;0;0;0
5;52;2121411;M001;12.4899471005642;01;01;1;3;2;01;0;0;0
5;52;3008876;M001;15.7174018006317;01;01;1;1;1;17;0;0;0
5;52;5574518;M001;14.6638649525251;01;01;1;2;1;06;0;0;0
5;52;3549007;M001;7.6990749088696;01;01;1;3;1;07;0;0;0
5;52;1985216;M001;8.773268694213;01;01;1;4;1;01;0;0;0
5;52;3105977;M001;8.7758382265417;01;01;1;3;2;12;0;0;0
5;52;882148;M001;12.9523047667678;08;01;2;4;2;17;0;0;0
5;52;4425027;M001;8.9220264723403;01;01;1;3;1;11;0;0;0
5;52;3291795;M001;14.1405279175405;07;01;2;2;2;11;0;0;0
5;52;4644636;M001;2.837596646462;01;01;1;3;1;09;0;0;0
5;52;4970925;M001;2.1554391803244;01;01;1;3;2;15;0;0;0
5;52;789756;M001;2.3222070729915;01;01;1;1;1;13;0;0;0
5;52;6838508;M001;1.6862154456186;01;01;1;2;2;10;0;0;0
5;52;4346218;M001;1.6118864341107;01;01;1;4;2;17;0;0;0
5;52;1903777;M001;9.5585136668114;01;01;1;4;2;14;0;0;0
5;52;7183267;M001;6.9105900005902;01;01;1;2;2;17;0;0;0
5;52;823561;M001;10.7324736204343;01;01;1;4;1;01;0;0;0
5;52;4780712;M001;8.9608102626165;01;01;1;3;1;14;0;0;0
5;52;5885012;M001;11.4506804761621;01;01;1;3;1;11;0;0;0
5;52;7445949;M001;12.4595034704294;01;01;1;2;1;09;0;0;0
5;52;7445949;M002;12.4595034704294;01;01;1;3;2;11;0;0;0
5;52;4473092;M001;8.365259472672;01;01;1;3;1;17;0;0;0
5;52;4344140;M001;7.5101881417264;01;01;1;1;1;16;0;0;0
5;52;993269;M001;11.274789626355;01;01;1;3;1;01;0;0;0
5;52;5791629;M001;2.0210676578267;01;01;1;1;1;14;0;0;0
5;52;2486609;M001;2.0210676578267;01;01;1;4;1;17;0;0;1
5;52;7219921;M001;3.1043728523095;01;01;1;4;2;16;0;0;0
5;52;4066507;M001;2.4142075053591;01;01;1;4;1;13;0;0;0
5;52;5485653;M001;3.376711136958;01;01;1;3;2;01;0;0;0
5;52;7259636;M001;2.8983963472118;01;01;1;2;2;11;0;0;0
5;52;7437960;M001;3.1318891261675;01;01;1;1;1;17;0;0;0
5;52;5422564;M001;2.7677165538729;01;01;1;1;1;17;0;0;0
5;52;6114728;M001;3.0157057379994;01;01;1;4;1;13;0;0;0
5;52;831816;M001;3.2816859077232;01;01;1;2;2;14;0;0;0
5;52;5476540;M001;2.6030467674896;01;01;1;1;2;17;0;0;0
5;52;573472;M001;3.5546409071479;08;01;2;4;1;17;0;0;0
5;52;7781270;M001;2.6740065134735;08;01;2;2;1;17;0;0;0
5;52;2105225;M001;3.0648682352533;08;01;2;2;2;14;0;0;0
5;52;6704338;M001;2.295986676497;08;01;2;4;1;15;0;0;0
5;52;3941810;M001;2.936465159957;08;01;2;3;2;17;0;0;0
5;52;2236519;M001;2.5584453229804;08;01;2;3;1;15;0;0;0
5;52;2077759;M001;3.4019289747267;08;01;2;1;1;17;0;0;0
5;52;3242443;M001;2.8457232221631;08;05;2;1;1;13;0;0;0
5;52;152860;M001;3.0779215896866;08;01;2;1;1;15;0;0;0
5;52;703237;M001;2.7148070497931;08;01;2;1;1;04;0;0;0
5;52;5678526;M001;2.4638339391204;02;01;1;1;1;15;0;0;0
5;52;6670615;M001;2.2269772158564;02;01;1;3;2;14;0;0;0
5;52;4923091;M001;3.7767493994656;02;01;1;2;1;13;0;0;0
5;52;4923091;M002;3.7767493994656;02;01;1;3;2;11;0;0;0
5;52;7513642;M001;2.1138271229047;01;01;1;3;2;17;0;0;1
5;52;625279;M001;1.7146101806288;01;01;1;4;2;11;0;0;1
5;52;1425486;M001;1.4857402882864;01;01;1;3;1;15;0;0;1
5;52;4650142;M001;2.0739301934065;01;01;1;3;1;07;0;0;1
5;52;4348025;M001;2.0490070450675;01;01;1;3;1;13;0;0;0
5;52;3793853;M001;2.0709284139849;01;01;1;3;2;15;0;0;0
5;52;3631307;M001;2.3200135773155;01;01;1;4;1;17;0;0;0
5;52;6416301;M001;2.1214084877962;08;01;2;1;2;15;0;0;0
5;52;234558;M001;1.9383391011857;08;01;2;1;2;11;0;0;0
5;52;119860;M001;1.6449884609702;08;01;2;1;2;14;0;0;0
5;52;4916780;M001;2.1169751330633;08;01;2;3;1;15;0;0;0
5;52;6287539;M001;1.6511979928804;02;01;1;1;1;08;0;0;0
5;52;1533402;M001;2.1960979192014;02;01;1;2;2;16;0;0;0
5;52;6070446;M001;1.4842144012199;02;01;1;4;1;08;0;0;0
5;52;4976413;M001;1.0415521259886;01;01;1;2;1;11;0;0;0
5;52;4531667;M001;1.9135463766641;01;01;1;4;2;17;0;0;0
5;52;366100;M001;1.8313217005377;01;01;1;2;2;15;0;0;0
5;52;2722690;M001;2.0795206792401;01;01;1;4;1;17;0;0;0
5;52;1203686;M001;2.1560295659876;01;01;1;2;1;16;0;0;0
5;52;1481908;M001;1.774093516722;01;01;1;1;1;14;0;0;0
5;52;4096862;M001;1.9609532364607;01;01;1;3;2;14;0;0;0
5;52;734196;M001;2.257729958632;01;01;1;4;2;17;0;0;0
5;52;2096513;M001;2.6611040913984;01;01;1;2;1;08;0;0;0
5;52;1796836;M001;2.64521398706;01;01;1;4;1;16;0;0;0
5;52;4286671;M001;2.2424629637045;01;01;1;3;1;17;0;0;0
5;52;1795149;M001;3.3173088914608;01;01;1;2;2;13;0;0;0
5;52;1977935;M001;3.0571875115033;01;01;1;3;2;13;0;0;0
5;52;4113599;M001;2.226533047726;01;01;1;1;1;14;0;0;0
5;52;5789223;M001;2.3274322498112;01;01;1;3;1;15;0;0;0
5;52;5740711;M001;3.7192523832574;01;01;1;1;1;13;0;0;0
5;52;4352390;M001;3.7166822260191;01;01;1;1;2;14;0;0;0
5;52;5789524;M001;3.7074992994784;01;01;1;3;1;11;0;0;0
5;52;6817981;M001;1.9661145285136;01;01;1;1;1;15;0;0;0
5;52;329199;M001;3.1325938361612;01;01;1;4;1;12;0;0;0
5;52;4297392;M001;2.9403067387928;01;01;1;2;1;05;0;0;0
5;52;3164545;M001;3.2714141567036;01;01;1;4;1;17;0;0;0
5;52;3550268;M001;4.1154011536007;01;01;1;1;1;16;0;0;0
5;52;1191328;M001;4.1154011536007;01;01;1;2;1;17;0;0;0
5;52;2649632;M001;3.5566354282273;01;01;1;4;2;17;0;0;0
5;52;4613553;M001;2.9816086906111;01;01;1;4;1;17;0;0;0
5;52;6282477;M001;1.0000000000003;01;01;1;3;1;11;0;0;0
5;52;3207242;M001;3.1330067680049;01;01;1;1;2;17;0;0;0
5;52;644019;M001;3.0812396176472;01;01;1;1;2;05;0;0;0
5;52;7006816;M001;3.2744285200258;01;01;1;4;2;17;0;0;0
5;52;4425709;M001;3.1585916560548;01;01;1;4;2;10;0;0;0
5;52;4425709;M002;3.1585916560548;01;01;1;4;2;17;0;0;0
5;52;1670341;M001;3.568273506449;01;01;1;1;1;14;0;0;0
5;52;7025688;M001;5.4682049412011;01;01;1;3;1;13;0;0;0
5;52;1177875;M001;3.0281116876037;01;01;1;1;1;17;0;0;0
5;52;1489936;M001;2.7148439151328;01;01;1;4;2;17;0;0;0
5;52;7459092;M001;3.3297870407384;01;01;1;1;2;01;0;0;0
5;52;5465040;M001;1.0000000000003;01;01;1;1;1;16;0;0;0
5;52;4121028;M001;3.7936228216164;01;01;1;3;1;15;0;0;0
5;52;287619;M001;2.4367145017334;01;01;1;1;2;17;0;0;0
5;52;3782267;M001;2.8348912767867;01;01;1;1;1;15;0;0;0
5;52;1005054;M001;3.2820544931926;01;01;1;3;1;10;0;0;0
5;52;5418632;M001;3.0912028048073;05;01;2;3;1;17;0;0;0
5;52;7451905;M001;1.9737352136009;08;01;2;2;1;08;0;0;0
5;52;3078971;M001;3.3682254919075;01;01;1;2;2;17;0;0;0
5;52;5329689;M001;2.2727454904281;01;01;1;1;1;15;0;0;0
5;52;2673155;M001;2.713283428343;01;01;1;3;2;12;0;0;0
5;52;2686647;M001;3.2366102924453;01;01;1;2;2;17;0;0;0
5;52;1027940;M001;2.4096162749665;01;01;1;3;1;17;0;0;0
5;52;6821711;M001;2.6430901342798;01;01;1;1;2;05;0;0;0
5;52;5296894;M001;2.2465219973414;01;01;1;4;2;17;0;0;0
5;52;6991928;M001;2.9908348340979;01;01;1;3;1;17;0;0;0
5;52;3963768;M001;4.4833217642667;01;01;1;3;1;17;0;0;0
5;52;5311211;M001;4.2980395905691;01;01;1;3;1;17;0;0;0
5;52;2716408;M001;4.6686039379643;01;01;1;3;1;12;0;0;0
5;52;5804182;M001;4.6686039379643;01;01;1;2;1;16;0;0;0
5;52;4070772;M001;4.9327543763297;01;01;1;2;1;16;0;0;0
5;52;7316255;M001;5.3033187237249;01;01;1;3;2;17;0;0;0
5;52;1673268;M001;4.6686039379643;01;05;1;1;2;16;0;0;0
5;52;6834774;M001;5.196904814695;01;01;1;2;2;13;0;0;0
5;52;1383155;M001;5.3033187237249;01;01;1;2;2;14;0;0;0
5;52;1834803;M001;4.6686039379643;01;01;1;2;1;13;0;0;0
5;52;2223624;M001;5.196904814695;01;01;1;1;2;15;0;0;0
5;52;5788115;M001;5.3821869883926;01;01;1;3;2;13;0;0;0
5;52;2496072;M001;4.6686039379643;01;01;1;4;1;14;0;0;0
5;52;6263215;M001;5.1180365500273;01;01;1;3;1;17;0;0;0
5;52;4705492;M001;5.3821869883926;01;01;1;2;1;17;0;0;0
5;52;3549550;M001;4.6686039379643;01;01;1;3;1;16;0;0;0
5;52;3619590;M001;5.1180365500273;01;01;1;4;1;11;0;0;0
5;52;2382167;M001;4.6686039379643;01;01;1;3;1;15;0;0;0
5;52;6521609;M001;5.3033187237249;01;01;1;2;2;14;0;0;0
5;52;1531898;M001;5.3033187237249;01;01;1;2;2;10;0;0;0
5;52;5334008;M001;5.196904814695;01;01;1;2;1;12;0;0;0
5;52;3593864;M001;4.7686400918096;01;01;1;3;2;17;0;0;0
5;52;3747615;M001;4.5681323194905;01;01;1;3;1;16;0;0;0
5;52;7175182;M001;4.3238556346725;01;01;1;1;1;17;0;0;0
5;52;2127274;M001;5.3033187237249;01;01;1;3;2;08;0;0;0
5;52;2322348;M001;4.3074452441599;01;01;1;2;2;13;0;0;0
5;52;3550728;M001;6.7217588521004;01;01;1;2;2;16;0;0;0
5;52;6961032;M001;6.7629802809985;01;01;1;4;2;15;0;0;0
5;52;7520335;M001;4.1357251107715;01;01;1;3;1;15;0;0;0
5;52;4486664;M001;7.7002486893787;01;01;1;2;1;11;0;0;0
5;52;204663;M001;5.6476381483005;01;01;1;3;2;15;0;0;0
5;52;7205842;M001;5.7139100555837;01;01;1;3;1;12;0;0;0
5;52;2948354;M001;5.2085712302926;01;01;1;3;2;14;0;0;0
5;52;2052956;M001;5.2547096155134;01;01;1;4;2;13;0;0;0
5;52;2341907;M001;3.9204364829769;01;01;1;1;2;17;0;0;0
5;52;213861;M001;5.7670711870447;01;01;1;3;2;13;0;0;0
5;52;758773;M001;5.1180365500273;01;01;1;4;1;14;0;0;0
5;52;1531868;M001;4.9327543763297;01;01;1;4;1;14;0;0;0
5;52;5555310;M001;4.9381363314799;01;01;1;3;1;12;0;0;0
5;52;1952915;M001;4.6180871219473;01;01;1;3;2;17;0;0;0
5;52;1748643;M001;5.105749862163;01;01;1;3;2;13;0;0;0
5;52;1748643;M002;5.105749862163;01;01;1;1;1;14;0;0;0
5;52;6565512;M001;6.6338067800221;01;01;1;1;1;15;0;0;0
5;52;5758541;M001;8.4213462375314;01;01;1;3;1;14;0;0;0
5;52;5897179;M001;4.6686039379643;01;01;1;2;1;15;0;0;0
5;52;7563408;M001;5.5674691620902;01;01;1;3;2;15;0;0;0
5;52;671643;M001;4.6686039379643;01;01;1;4;1;17;0;0;0
5;52;2346776;M001;5.3033187237249;01;01;1;1;2;11;0;0;0
5;52;6071730;M001;5.7527513357878;01;01;1;3;2;17;0;0;0
5;52;4308981;M001;4.9327543763297;01;01;1;3;2;03;0;0;0
5;52;1070866;M001;5.1180365500273;01;01;1;1;1;15;0;0;0
5;52;3818072;M001;5.1180365500273;01;01;1;3;1;01;0;0;0
5;52;7407973;M001;6.0169017741531;01;01;1;4;2;15;0;0;0
5;52;4602278;M001;6.2021839478507;01;01;1;4;2;16;0;0;0
5;52;1690634;M001;5.1180365500273;01;01;1;1;2;17;0;0;0
5;52;6324170;M001;5.5674691620902;01;01;1;1;2;12;0;0;0
5;52;7511035;M001;5.7139100555837;01;01;1;3;1;13;0;0;0
5;52;4645310;M001;4.6009936937066;05;01;2;2;1;13;0;0;0
5;52;609543;M001;6.2345668215363;08;01;2;1;2;16;0;0;0
5;52;4851025;M001;6.2345668215363;08;01;2;3;1;14;0;0;0
5;52;4646571;M001;9.2196338552155;08;01;2;3;2;15;0;0;0
5;52;522913;M001;4.1096070745068;08;01;2;3;1;17;0;0;0
5;52;6949382;M001;6.8973438673089;08;01;2;3;2;16;0;0;0
5;52;7426888;M001;5.3440836440929;08;01;2;2;1;17;0;0;0
5;52;2132040;M001;4.9673525389799;02;01;1;3;1;09;0;0;0
5;52;1208683;M001;4.4301575700728;02;01;1;3;1;17;0;0;0
5;52;2545205;M001;7.5040514684982;02;01;1;3;2;15;0;0;0
5;52;4129306;M001;6.1082383225054;02;01;1;3;2;99;0;0;1
5;52;5582989;M001;4.583692674639;01;01;1;1;2;16;0;0;0
5;52;157655;M001;4.4556487079486;01;01;1;4;1;16;0;0;0
5;52;759733;M001;5.6472344086039;02;01;1;2;1;15;0;0;0
5;52;6918584;M001;7.1221418521399;02;01;1;4;1;06;0;0;0
5;52;1463530;M001;3.5804888859317;01;01;1;3;1;17;0;0;0
5;52;4298253;M001;6.0115205513648;01;01;1;1;1;13;0;0;0
5;52;4298253;M002;6.0115205513648;01;01;1;4;1;07;0;0;0
5;52;1797267;M001;5.5935081444318;01;01;1;1;2;14;0;0;0
5;52;2084338;M001;3.3514517536121;01;01;1;3;1;11;0;0;0
5;52;4911889;M001;4.4356820343716;01;01;1;1;2;14;0;0;0
5;52;4184836;M001;5.4543705303617;01;01;1;1;1;09;0;0;0
5;52;7689328;M001;4.8522717732988;08;01;2;3;1;17;0;0;0
5;52;3526199;M001;5.1408430072716;08;01;2;3;1;17;0;0;0
5;52;2703586;M001;8.3430079906173;01;01;1;3;2;17;0;0;1
5;52;6475366;M001;6.9288717915449;08;01;2;4;1;17;0;0;0
5;52;1958066;M001;7.2174430255176;05;01;2;1;1;17;0;0;0
5;52;5878880;M001;5.1888965127505;05;01;2;1;2;17;0;0;0
5;52;4516895;M001;8.0482093341867;05;01;2;3;1;15;0;0;0
5;52;5759003;M001;2.1000454411997;01;01;1;3;2;13;0;0;0
5;52;7113632;M001;1.5446091929376;01;01;1;1;1;16;0;0;0
5;52;1704508;M001;2.1946489805214;01;01;1;1;2;12;0;0;0
5;52;4052637;M001;2.3115392430728;01;01;1;2;1;17;0;0;0
5;52;1824663;M001;2.4086816919326;01;01;1;2;1;15;0;0;0
5;52;5396463;M001;2.584876901729;08;01;2;2;1;17;0;0;0
5;52;6577556;M001;1.3583782780922;01;01;1;4;2;12;0;0;0
5;52;4231252;M001;2.3272152042202;01;01;1;4;2;16;0;0;0
5;52;1136083;M001;2.0785259242104;01;01;1;2;2;13;0;0;0
5;52;2691147;M001;1.2538200387186;01;01;1;2;1;17;0;0;0
5;52;364572;M001;2.5549685478829;01;01;1;2;2;16;0;0;0
5;52;3492261;M001;2.2057399081725;01;01;1;3;1;13;0;0;0
5;52;5564238;M001;1.6205846146662;01;01;1;3;1;11;0;0;0
5;52;499145;M001;2.2687492144934;01;01;1;3;1;13;0;0;0
5;52;1741121;M001;2.0595453167591;01;01;1;3;1;13;0;0;0
5;52;14342;M001;2.2649455643256;01;01;1;3;2;10;0;0;0
5;52;2462682;M001;1.5211185937629;01;01;1;2;1;14;0;0;0
5;52;130200;M001;3.2817541462719;01;01;1;1;1;14;0;0;0
5;52;551653;M001;2.874105928028;01;01;1;4;2;01;0;0;0
5;52;4282028;M001;1.6923468363819;01;01;1;1;1;11;0;0;0
5;52;4282028;M002;1.6923468363819;01;01;1;1;1;10;0;0;0
5;52;3443405;M001;1.6282887214489;01;01;1;4;1;17;0;0;0
5;52;7114163;M001;2.7971416201394;01;01;1;4;1;17;0;0;1
5;52;3259289;M001;2.288384235786;01;01;1;2;2;12;0;0;1
5;52;3414569;M001;2.1263047245993;01;01;1;2;1;09;0;0;1
5;52;3926717;M001;3.0073316165995;01;01;1;4;1;15;0;0;1
5;52;6305603;M001;4.2077872089066;01;01;1;3;1;01;0;0;0
5;52;5461060;M001;2.3272643949622;01;01;1;2;2;01;0;0;0
5;52;1903487;M001;3.9212127869771;01;01;1;4;1;16;0;0;0
5;52;3772305;M001;2.5013135293086;01;01;1;1;2;12;0;0;0
5;52;3090592;M001;2.3927118049867;01;01;1;3;1;08;0;0;0
5;52;2882520;M001;2.3665942274322;01;01;1;4;2;17;0;0;1
5;52;2512152;M001;2.5271962444984;01;01;1;1;1;17;0;0;0
5;52;3324453;M001;2.742795386142;01;01;1;4;2;14;0;0;0
5;52;6195168;M001;3.1009871014154;01;01;1;3;2;17;0;0;0
5;52;5370259;M001;3.9975164400798;01;01;1;2;2;10;0;0;0
5;52;3803018;M001;2.589740623314;01;01;1;2;2;11;0;0;0
5;52;7604588;M001;2.6473482128881;01;01;1;4;2;14;0;0;0
5;52;1760415;M001;2.9378349098912;01;01;1;4;2;17;0;0;0
5;52;7697141;M001;2.3182833949491;01;01;1;2;2;14;0;0;0
5;52;637180;M001;3.0166160382403;01;01;1;3;1;10;0;0;0
5;52;3831798;M001;2.7310837681087;01;01;1;1;2;16;0;0;0
5;52;3831798;M002;2.7310837681087;01;01;1;1;1;17;0;0;0
5;52;766497;M001;3.7691028250969;01;01;1;4;2;17;0;0;0
5;52;1247835;M001;2.6217583286394;01;01;1;2;1;16;0;0;0
5;52;1247835;M002;2.6217583286394;01;01;1;3;2;16;0;0;0
5;52;6058475;M001;2.7398750026461;01;05;1;1;1;16;0;0;0
5;52;3902023;M001;3.1184045192491;01;01;1;2;2;16;0;0;0
5;52;4755295;M001;3.5248783642168;08;01;2;4;1;17;0;0;0
5;52;6666367;M001;3.7983130075359;08;01;2;2;2;14;0;0;0
5;52;2364689;M001;2.5274034381789;08;01;2;4;2;17;0;0;0
5;52;548949;M001;3.1792832928682;08;01;2;2;2;17;0;0;0
5;52;792853;M001;2.2467090256712;05;01;2;4;2;01;0;0;0
5;52;2303754;M001;4.131847464531;05;01;2;3;1;14;0;0;0
5;52;6731487;M001;2.1104523621165;05;01;2;3;1;11;0;0;0
5;52;6031120;M001;3.3829433208453;08;01;2;3;2;14;0;0;0
5;52;7550265;M001;2.2989332522141;05;01;2;2;1;14;0;0;0
5;52;4781353;M001;2.9452158087892;01;01;1;4;1;17;0;0;0
5;52;2548528;M001;2.8986442447697;01;01;1;3;1;06;0;0;0
5;52;5567458;M001;2.9624042105157;01;01;1;3;1;13;0;0;0
5;52;1605850;M001;2.9168534936672;01;01;1;3;1;17;0;0;0
5;52;6140845;M001;3.6818985419016;01;01;1;3;1;15;0;0;0
5;52;3590554;M001;2.2207574181021;08;01;2;3;1;14;0;0;0
5;52;6228492;M001;9.2855082192148;01;01;1;2;2;17;0;0;0
5;52;2028258;M001;9.7435602875174;01;01;1;2;1;09;0;0;0
5;52;5664015;M001;8.8274561509123;01;01;1;3;1;13;0;0;0
5;52;6423165;M001;8.8274561509123;01;01;1;1;1;15;0;0;0
5;52;1376419;M001;8.8274561509123;01;01;1;3;1;11;0;0;0
5;52;4175991;M001;10.8135899830469;01;01;1;3;1;14;0;0;0
5;52;4997286;M001;10.5103109026842;01;01;1;4;1;15;0;0;0
5;52;4989931;M002;11.1168690634095;01;01;1;4;2;14;0;0;0
5;52;4988175;M001;10.5103109026842;01;01;1;1;2;16;0;0;0
5;52;1133352;M001;10.4651691653498;01;01;1;3;1;13;0;0;0
5;52;3867625;M001;10.4651691653498;01;01;1;1;1;17;0;0;0
5;52;657447;M001;10.5103109026842;01;01;1;3;1;15;0;0;0
5;52;2437448;M001;9.029448670339;01;01;1;3;2;17;0;0;0
5;52;2437448;M002;9.029448670339;01;01;1;4;2;11;0;0;0
5;52;329345;M001;9.1031343503041;01;01;1;4;2;16;0;0;0
5;52;2871404;M001;9.2477786064348;01;01;1;1;2;17;0;0;0
5;52;236924;M001;9.9737269908879;01;01;1;1;1;14;0;0;0
5;52;7526127;M001;9.2477786064348;01;01;1;3;1;17;0;0;0
5;52;2540801;M001;9.2477786064348;01;01;1;3;1;06;0;0;0
5;52;2011269;M001;8.7401601580776;01;01;1;2;1;12;0;0;0
5;52;3951765;M001;8.5218302219817;01;01;1;3;1;08;0;0;0
5;52;6857069;M001;9.6107527986614;01;01;1;3;1;11;0;0;0
5;52;2150931;M001;9.2477786064348;01;01;1;3;1;12;0;0;0
5;52;2233257;M001;10.1873000057984;01;01;1;4;2;17;0;0;0
5;52;3548305;M001;10.7065333225522;01;01;1;1;2;15;0;0;0
5;52;3243172;M001;9.7553970547921;01;01;1;3;1;15;0;0;0
5;52;3444685;M001;10.9889638876024;01;01;1;2;1;11;0;0;0
5;52;4346786;M001;9.5002561311408;01;01;1;2;2;13;0;0;0
5;52;7026005;M001;10.0194894478946;01;01;1;2;1;06;0;0;0
5;52;307939;M001;10.1873000057984;01;01;1;3;2;15;0;0;0
5;52;6747513;M001;9.5841614100927;01;01;1;3;1;16;0;0;1
5;52;3484988;M001;10.4548174856965;01;01;1;1;2;17;0;0;1
5;52;1288579;M001;8.2939789397293;01;01;1;2;1;15;0;0;0
5;52;660021;M001;9.9355841689427;01;01;1;1;1;09;0;0;0
5;52;679580;M001;9.5002561311408;01;01;1;3;1;10;0;0;0
5;52;1956766;M001;9.6632256043986;01;01;1;4;2;16;0;0;0
5;52;1173704;M001;9.5002561311408;01;01;1;3;1;15;0;0;0
5;52;194092;M001;9.8561618660667;01;01;1;1;1;11;0;0;0
5;52;7611478;M001;13.6228071342114;01;01;1;4;1;13;0;0;0
5;52;1803823;M001;8.8274561509123;01;01;1;4;1;14;0;0;0
5;52;2311606;M001;9.7435602875174;01;01;1;2;2;17;0;0;0
5;52;3989545;M001;11.19636653597;01;01;1;2;2;16;0;0;0
5;52;486535;M001;15.4248677203476;01;01;1;2;1;03;0;0;0
5;52;134716;M001;4.6065790327363;01;01;1;2;1;15;0;0;0
5;52;5203211;M001;11.9440977321681;01;01;1;4;2;10;0;0;0
5;52;5956974;M001;15.3388591105612;01;01;1;2;1;05;0;0;0
5;52;5766227;M001;7.4372375881139;01;01;1;2;1;13;0;0;0
5;52;7674029;M001;10.5907144815013;01;01;1;3;2;11;0;0;0
5;52;4046862;M001;9.0741758088843;01;01;1;4;1;15;0;0;0
5;52;7391784;M001;9.104336908261;01;01;1;4;1;16;0;0;0
5;52;7391784;M002;9.104336908261;01;01;1;3;2;14;0;0;0
5;52;5993;M001;10.40638091745;01;01;1;2;2;10;0;0;0
5;52;3922399;M001;9.4128398203913;01;01;1;1;2;10;0;0;0
5;52;2036874;M001;9.1473239829618;01;01;1;2;2;17;0;0;0
5;52;2117144;M001;10.2140224138472;01;01;1;2;2;11;0;0;0
5;52;5929122;M001;10.2140224138472;01;01;1;2;1;17;0;0;0
5;52;5248167;M001;9.8057484096771;01;01;1;3;2;12;0;0;0
5;52;951933;M001;12.4264810664304;01;01;1;3;2;01;0;0;0
5;52;1320390;M001;10.5432346272048;01;01;1;2;1;16;0;0;0
5;52;6258706;M001;10.9515086313749;01;01;1;2;2;17;0;0;0
5;52;686490;M001;9.3974744055069;01;01;1;3;1;07;0;0;0
5;52;2487379;M001;8.3778842186813;01;01;1;4;1;10;0;0;0
5;52;4407257;M001;8.2100736607774;01;01;1;4;2;17;0;0;0
5;52;440160;M001;10.2140224138472;01;01;1;1;2;15;0;0;0
5;52;3472273;M001;9.7266866188646;01;01;1;1;2;05;0;0;0
5;52;3472273;M002;9.7266866188646;01;01;1;1;1;10;0;0;0
5;52;6664617;M001;10.2140224138472;01;01;1;2;1;15;0;0;0
5;52;1322112;M001;10.9962736221071;01;01;1;3;2;15;0;0;0
5;52;7489337;M001;9.8297184383303;01;01;1;2;2;13;0;0;0
5;52;6033277;M001;9.8311428615454;01;01;1;3;2;08;0;0;0
5;52;5117422;M001;11.2600555694846;01;01;1;1;2;14;0;0;0
5;52;5041633;M001;11.19636653597;01;01;1;3;2;07;0;0;0
5;52;7000152;M001;13.2395922596702;01;01;1;1;2;17;0;0;0
5;52;1863824;M001;10.7065333225522;01;01;1;3;2;16;0;0;0
5;52;2961021;M001;9.3324455732369;01;01;1;1;2;13;0;0;0
5;52;4519268;M001;9.7613910261818;01;01;1;1;2;15;0;0;0
5;52;1299660;M001;13.5068398895551;01;01;1;1;2;17;0;0;0
5;52;2741521;M001;4.001995631915;01;01;1;1;1;08;0;0;0
5;52;2741521;M002;4.001995631915;01;01;1;1;1;04;0;0;0
5;52;2741521;M003;4.001995631915;01;01;1;2;1;04;0;0;0
5;52;4314286;M001;6.9759110021911;01;01;1;3;1;14;0;0;0
5;52;4237124;M001;7.8191343702293;01;01;1;3;1;16;0;0;0
5;52;6457272;M001;12.0975321148641;01;01;1;3;1;12;0;0;0
5;52;1681045;M001;13.8870941656621;01;01;1;3;1;14;0;0;0
5;52;5516149;M001;15.3695407769148;01;01;1;1;1;17;0;0;0
5;52;4696748;M001;9.0109664535414;01;01;1;1;1;04;0;0;0
5;52;7724005;M001;11.3329460502805;01;01;1;4;2;11;0;0;0
5;52;5368768;M001;8.3274099733047;01;01;1;3;1;05;0;0;0
5;52;1969063;M001;7.8613636622497;01;01;1;3;1;17;0;0;0
5;52;5849923;M001;7.8636319714856;01;01;1;2;1;13;0;0;0
5;52;453618;M001;12.0388084946873;01;01;1;4;1;17;0;0;0
5;52;7087225;M001;9.5678212868243;01;01;1;2;2;12;0;0;0
5;52;1829280;M001;14.287852119435;03;01;1;4;2;15;0;0;0
5;52;5026014;M001;9.2225111577909;02;01;1;3;1;04;0;0;0
5;52;71104;M001;9.6632256043986;01;01;1;3;1;17;0;0;0
5;52;2485150;M001;10.0409429895823;01;01;1;4;1;11;0;0;0
5;52;7078387;M001;10.1212776727011;01;01;1;2;1;13;0;0;0
5;52;5225419;M001;10.5432346272048;01;01;1;3;1;08;0;0;0
5;52;7175393;M001;7.7915210312839;01;01;1;3;1;09;0;0;0
5;52;436431;M001;3.4814087899041;01;01;1;3;1;14;0;0;0
5;52;1907295;M001;9.4263821662699;01;01;1;1;1;16;0;0;0
5;52;7469162;M001;10.1033947268465;01;01;1;1;1;14;0;0;0
5;52;780136;M001;8.3778842186813;01;01;1;4;2;02;0;0;0
5;52;2472255;M001;9.4163508521889;01;01;1;3;1;13;0;0;0
5;52;4140718;M001;9.8848102004895;01;01;1;1;1;16;0;0;0
5;52;5472764;M001;9.0682621921493;01;01;1;2;1;11;0;0;0
5;52;491992;M001;14.2655435776843;02;01;1;1;2;11;0;0;0
5;52;188034;M001;10.0194894478946;01;01;1;2;2;17;0;0;0
5;52;1155087;M001;9.5002561311408;01;01;1;4;1;09;0;0;0
5;52;3835365;M001;11.6738742457107;01;01;1;2;1;12;0;0;0
5;52;2067241;M001;4.033909636857;01;01;1;1;2;06;0;0;0
5;52;7030975;M001;10.6222964180173;01;01;1;3;2;13;0;0;0
5;52;5237649;M001;8.7390499787917;01;01;1;1;2;17;0;0;0
5;52;7707009;M001;8.6627870727221;01;01;1;3;1;07;0;0;0
5;52;729235;M001;8.3402539478244;01;01;1;4;1;14;0;0;0
5;52;6634371;M001;7.7277555870778;01;01;1;4;1;13;0;0;0
5;52;2051284;M001;13.428284562425;01;01;1;4;1;07;0;0;0
5;52;1632890;M001;7.0932943134111;01;01;1;3;2;17;0;0;0
5;52;4417876;M001;11.8110466565693;01;01;1;1;1;09;0;0;0
5;52;4024291;M001;6.9803945756682;01;01;1;3;1;10;0;0;0
5;52;3544357;M001;9.2855082192148;01;01;1;3;1;17;0;0;0
5;52;3923422;M001;11.8324545015546;01;01;1;4;1;17;0;0;0
5;52;2273051;M001;13.7595067962496;01;01;1;3;1;03;0;0;0
5;52;5841611;M001;17.3395277495017;01;01;1;3;1;17;0;0;0
5;52;7731797;M001;13.9675682589334;01;01;1;3;2;17;0;0;0
5;52;4506441;M001;9.9737269908879;01;01;1;3;1;13;0;0;0
5;52;3986980;M001;9.2477786064348;01;01;1;1;1;14;0;0;0
5;52;4279901;M001;10.6259896953759;01;01;1;3;1;17;0;0;0
5;52;3934582;M001;10.9889638876024;01;01;1;4;2;17;0;0;0
5;52;5391126;M001;9.9737269908879;01;01;1;1;1;14;0;0;0
5;52;2513713;M001;9.9737269908879;01;01;1;1;1;14;0;0;0
5;52;919262;M001;10.4813454392451;01;01;1;4;1;10;0;0;0
5;52;1927043;M001;9.6107527986614;01;01;1;1;1;16;0;0;0
5;52;2700373;M001;10.1183712470186;01;01;1;1;2;12;0;0;0
5;52;7565727;M001;2.7149538631276;01;01;1;2;1;09;0;0;0
5;52;6260260;M001;3.1454064137883;01;01;1;2;1;17;0;0;0
5;52;1622233;M001;3.2424760717293;01;01;1;1;1;10;0;0;0
5;52;7275010;M001;3.1454064137883;01;01;1;3;1;11;0;0;0
5;52;352507;M001;7.7711980231278;01;01;1;2;1;09;0;0;0
5;52;66984;M001;10.1663194987354;02;01;1;1;2;17;0;0;0
5;52;3535547;M001;9.9355841689427;01;01;1;4;2;17;0;0;0
5;52;392107;M001;9.5002561311408;01;01;1;1;1;14;0;0;0
5;52;2524394;M001;12.9458020881639;01;01;1;1;2;17;0;0;0
5;52;3938541;M001;19.2674023825546;01;01;1;1;2;13;0;0;0
5;52;6165346;M001;13.3047663133941;01;01;1;1;1;10;0;0;0
5;52;4321418;M001;9.3977677728035;01;01;1;1;1;07;0;0;0
5;52;1096568;M001;15.0042315565404;01;01;1;3;1;04;0;0;0
5;52;6386758;M001;8.4273787948426;01;01;1;3;1;10;0;0;0
5;52;5432872;M001;9.8057484096771;01;01;1;3;1;17;0;0;0
5;52;6572171;M001;11.8378008340014;01;01;1;3;1;13;0;0;0
5;52;5787582;M001;2.0299019607843;01;01;1;3;2;10;0;0;0
5;52;1467552;M001;8.6797061652562;01;01;1;3;1;17;0;0;0
5;52;4030368;M001;10.4161108648519;01;01;1;2;2;13;0;0;0
5;52;3569186;M001;11.5330908261085;01;01;1;2;2;17;0;0;0
5;52;7153389;M001;14.0991603833531;02;01;1;3;2;14;0;0;0
5;52;835206;M001;10.5103109026842;01;01;1;4;1;12;0;0;0
5;52;2878506;M001;10.9889638876024;01;01;1;3;1;15;0;0;0
5;52;4888713;M001;9.7553970547921;01;01;1;3;1;17;0;0;0
5;52;6927475;M001;8.8274561509123;01;01;1;3;2;15;0;0;0
5;52;6927475;M002;8.8274561509123;01;01;1;3;2;15;0;0;0
5;52;7532750;M001;7.2743787261251;05;01;2;4;2;17;0;0;0
5;52;5101462;M001;14.5430107324196;08;01;2;1;2;11;0;0;0
5;52;777453;M001;14.2545786323468;08;01;2;1;1;17;0;0;0
5;52;4132503;M001;8.2912677629011;08;01;2;4;2;15;0;0;0
5;52;1239858;M001;13.0123742409935;08;01;2;1;1;04;0;0;0
5;52;1224132;M001;13.3292349530558;08;01;2;1;2;17;0;0;0
5;52;6132574;M001;7.6476633895686;05;01;2;3;2;15;0;0;0
5;52;248999;M001;11.0127506063534;03;01;1;3;1;08;0;0;0
5;52;174456;M001;12.376854580895;01;01;1;1;2;15;0;0;0
5;52;2490628;M001;6.7615890854109;01;01;1;1;1;04;0;0;0
5;52;7363756;M001;4.8200428320423;01;01;1;1;1;06;0;0;0
5;52;2573997;M001;12.1672468892471;01;01;1;4;1;05;0;0;0
5;52;7127833;M001;8.4104314601967;08;01;2;1;1;17;0;0;0
5;52;6204316;M001;16.3456551258093;08;01;2;2;1;16;0;0;0
5;52;3322424;M001;10.5103109026842;01;01;1;2;1;17;0;0;0
5;52;7510229;M001;10.4651691653498;01;01;1;2;2;08;0;0;0
5;52;949712;M001;10.1618900849871;01;01;1;2;1;09;0;0;0
5;52;95034;M001;10.4651691653498;01;01;1;3;2;14;0;0;0
5;52;6949314;M001;10.7684482457124;01;01;1;2;1;10;0;0;0
5;52;4735916;M001;10.9570471261874;01;01;1;3;2;15;0;0;0
5;52;4852520;M001;4.5194229090547;01;01;1;3;2;17;0;0;0
5;52;4475273;M001;12.9312714136482;01;01;1;3;1;16;0;0;0
5;52;5087710;M001;10.7183359091713;01;01;1;1;1;16;0;0;0
5;52;6221134;M001;11.1518859691075;01;01;1;4;2;15;0;0;0
5;52;3746809;M002;11.7905502060579;01;01;1;2;1;14;0;0;0
5;52;5296933;M001;9.1876348237859;01;01;1;4;1;12;0;0;0
5;52;6672419;M001;6.3212887038121;01;01;1;4;2;16;0;0;0
5;52;2947804;M001;16.7866688309464;01;01;1;4;1;16;0;0;0
5;52;7065740;M001;6.7615890854109;01;01;1;2;2;12;0;0;0
5;52;3242929;M001;10.6226280436003;01;01;1;4;2;14;0;0;0
5;52;3990531;M001;10.0194894478946;01;01;1;3;1;11;0;0;0
5;52;3201489;M001;10.7065333225522;01;01;1;2;2;15;0;0;0
5;52;1683328;M001;6.0765132797554;01;01;1;4;1;05;0;0;0
5;52;6459572;M001;9.6731015898186;01;01;1;3;2;13;0;0;0
5;52;2001840;M001;10.4651691653498;01;01;1;2;1;17;0;0;0
5;52;3021994;M001;7.0905023761664;02;01;1;2;2;15;0;0;0
5;52;1642221;M001;9.3658429023336;01;01;1;2;2;16;0;0;0
5;52;6731518;M001;8.9077908340311;01;01;1;2;1;13;0;0;0
5;52;7013487;M001;8.8274561509123;01;01;1;3;1;14;0;0;0
5;52;4966276;M001;2.7982995863075;01;01;1;2;2;12;0;0;0
5;52;2517109;M001;9.928109448441;01;01;1;2;1;01;0;0;0
5;52;7586295;M001;2.5024688709949;01;01;1;3;2;16;0;0;0
5;52;6609408;M001;2.5895045740878;01;01;1;1;2;17;0;0;0
5;52;6230031;M001;2.5895045740878;01;01;1;4;1;06;0;0;0
5;52;7148894;M001;10.1618900849871;01;01;1;3;2;14;0;0;0
5;52;2660378;M001;10.8135899830469;01;01;1;1;2;17;0;0;0
5;52;6563835;M001;2.5024688709949;01;01;1;1;2;14;0;0;0
5;52;6342205;M001;9.9636659891976;01;01;1;4;1;01;0;0;0
5;52;4904128;M001;28.2190607237999;08;01;2;3;1;17;0;0;0
5;52;5219520;M001;2.5895045740878;01;01;1;2;1;15;0;0;0
5;52;707357;M001;11.6889948489027;01;01;1;1;1;14;0;0;1
5;52;4536102;M001;9.4765361963194;01;01;1;4;1;01;0;0;0
5;52;235728;M001;9.8057484096771;01;01;1;4;1;12;0;0;0
5;52;4480959;M001;9.1473239829618;01;01;1;4;2;02;0;0;0
5;52;767779;M001;9.8126975011414;01;01;1;3;1;01;0;0;0
5;52;6953277;M001;5.2129955247973;01;01;1;3;1;13;0;0;0
5;52;1022209;M001;16.9852691730081;01;01;1;1;1;13;0;0;0
5;52;6646207;M001;11.3750064064377;01;01;1;3;1;11;0;0;0
5;52;6946965;M001;11.9391452714478;01;01;1;1;2;11;0;0;0
5;52;4869299;M001;8.8274561509123;01;01;1;2;1;14;0;0;0
5;52;7758191;M001;8.8274561509123;01;01;1;4;1;17;0;0;0
5;52;3252368;M001;9.7435602875174;01;01;1;3;1;17;0;0;0
5;52;2818053;M001;9.7435602875174;01;01;1;2;1;04;0;0;0
5;52;465746;M001;4.7900832176245;01;01;1;3;1;05;0;0;0
5;52;465746;M002;4.7900832176245;01;01;1;3;2;01;0;0;0
5;52;6301189;M001;3.8345437477039;01;01;1;3;2;08;0;0;0
5;52;3151414;M001;9.1473239829618;01;01;1;3;2;14;0;0;0
5;52;5603581;M001;9.2686790967244;01;01;1;3;1;09;0;0;0
5;52;3050546;M001;10.942194774744;01;01;1;3;2;11;0;0;0
5;52;5364820;M001;10.0655877913682;01;01;1;2;1;16;0;0;0
5;52;929378;M001;10.8989395879535;01;01;1;4;2;15;0;0;0
5;52;4519542;M001;10.1361913308002;01;01;1;3;2;11;0;0;0
5;52;1298869;M001;11.1897364608915;01;01;1;1;1;14;0;0;0
5;52;1095140;M001;10.4269882037382;01;01;1;1;1;16;0;0;0
5;52;1095140;M002;10.4269882037382;01;01;1;2;1;11;0;0;0
5;52;2075069;M001;10.3721670229078;01;01;1;3;1;17;0;0;0
5;52;2788328;M001;10.8989395879535;01;01;1;4;2;17;0;0;0
5;52;1536136;M001;11.1458663226864;01;01;1;2;2;15;0;0;0
5;52;335412;M001;11.1458663226864;01;01;1;3;1;17;0;0;0
5;52;7793771;M001;11.5031457211072;01;01;1;1;2;06;0;0;0
5;52;6821747;M001;10.0916596962846;01;01;1;2;1;05;0;0;0
5;52;6821747;M002;10.0916596962846;01;01;1;4;1;17;0;0;0
5;52;2911413;M001;8.3700614290273;01;01;1;2;1;13;0;0;0
5;52;5324331;M001;8.4464824590545;01;01;1;4;1;12;0;0;0
5;52;5526129;M001;10.8068635672536;01;01;1;3;1;05;0;0;0
5;52;6724916;M001;11.1897364608915;01;01;1;4;1;17;0;0;0
5;52;7638462;M001;10.4269882037382;01;01;1;4;2;15;0;0;0
5;52;3933165;M001;11.1458663226864;01;01;1;3;1;16;0;0;0
5;52;2918386;M001;10.003601161763;01;01;1;1;2;12;0;0;0
5;52;5052816;M001;12.8991461274368;01;01;1;3;1;13;0;0;0
5;52;6414398;M001;11.3495378706287;01;01;1;3;2;17;0;0;0
5;52;7231197;M001;10.003601161763;01;01;1;1;2;13;0;0;0
5;52;4661528;M001;10.4109442576478;01;01;1;1;2;17;0;0;0
5;52;4661528;M002;10.4109442576478;01;01;1;4;2;15;0;0;0
5;52;5465887;M001;16.0820573860693;01;01;1;1;2;12;0;0;0
5;52;5892106;M001;19.1159857540979;01;01;1;3;2;14;0;0;0
5;52;5034851;M001;8.4464824590545;01;01;1;2;2;14;0;0;0
5;52;5639196;M001;13.0199557796351;01;01;1;2;2;01;0;0;0
5;52;5354118;M001;8.7227409921527;01;01;1;2;1;17;0;0;0
5;52;6343798;M001;8.2371559603501;01;01;1;1;2;01;0;0;0
5;52;4985774;M001;10.8612169715617;01;01;1;1;2;13;0;0;0
5;52;748876;M001;8.9784180681016;01;01;1;4;2;16;0;0;0
5;52;7267502;M001;11.1897364608915;01;01;1;1;1;05;0;0;0
5;52;5991141;M001;10.6629638958458;01;01;1;2;2;04;0;0;0
5;52;7754266;M001;12.0167592813379;01;01;1;1;1;15;0;0;0
5;52;3523372;M001;7.6298314664654;01;01;1;3;1;16;0;0;0
5;52;3213523;M001;13.8549323244145;01;01;1;4;1;16;0;0;0
5;52;7185422;M001;10.2123629867957;01;01;1;2;1;07;0;0;0
5;52;5080504;M001;8.0330313909372;01;01;1;2;2;14;0;0;0
5;52;4132054;M001;11.3708909721688;01;01;1;3;1;16;0;0;0
5;52;5270725;M001;10.1361913308002;01;01;1;1;1;04;0;0;0
5;52;1218336;M001;11.7101457302753;01;01;1;2;1;14;0;0;0
5;52;5297157;M001;11.6182089229333;01;01;1;4;1;17;0;0;0
5;52;2833474;M001;10.768338009777;01;01;1;4;2;07;0;0;0
5;52;6002480;M001;11.8672559368236;01;01;1;4;1;17;0;0;0
5;52;5455747;M001;12.4672585503803;01;01;1;2;2;01;0;0;0
5;52;7128401;M001;10.8989395879535;01;01;1;1;1;01;0;0;0
5;52;4864319;M001;14.0585797160884;01;01;1;2;2;17;0;0;0
5;52;4620416;M001;10.6164833324753;02;01;1;1;1;15;0;0;0
5;52;4217032;M001;10.0813701499698;01;01;1;3;1;09;0;0;0
5;52;1154418;M001;10.4269882037382;01;01;1;1;2;15;0;0;0
5;52;363694;M001;10.6629638958458;01;01;1;4;1;09;0;0;0
5;52;5268496;M001;12.1935580371746;01;01;1;3;2;17;0;0;0
5;52;3163922;M001;6.7585039737008;01;01;1;1;1;16;0;0;0
5;52;3618392;M001;6.0147602830755;01;01;1;3;1;05;0;0;0
5;52;5737485;M001;9.99515246444;01;01;1;4;1;10;0;0;0
5;52;3223194;M001;11.6383936738641;02;01;1;1;1;05;0;0;0
5;52;7387015;M001;7.9780189040795;01;01;1;2;1;17;0;0;0
5;52;4352591;M002;8.8267083526835;01;01;1;3;2;17;0;0;0
5;52;7418143;M001;13.7192431024882;01;01;1;4;1;16;0;0;0
5;52;3598043;M001;8.3541722144753;01;01;1;3;1;17;0;0;0
5;52;2781042;M001;9.9454217352761;01;01;1;3;1;17;0;0;0
5;52;3366205;M001;7.2830986714306;01;01;1;1;2;11;0;0;0
5;52;2014325;M001;10.6629638958458;01;01;1;1;2;11;0;0;0
5;52;6267586;M001;10.3721670229078;01;01;1;3;1;17;0;0;0
5;52;417293;M001;9.0154041437188;01;01;1;2;1;13;0;0;0
5;52;6802658;M001;12.2340736854014;01;01;1;2;1;07;0;0;0
5;52;3864361;M001;12.1292439721349;01;01;1;3;2;13;0;0;0
5;52;6985086;M001;9.1233837406623;01;01;1;2;1;13;0;0;0
5;52;1693711;M001;7.8136620087109;01;01;1;4;2;17;0;0;0
5;52;846146;M001;10.3850272877235;01;01;1;2;1;13;0;0;0
5;52;2022153;M001;14.986328465787;01;01;1;4;1;08;0;0;0
5;52;4596587;M001;12.2410669032261;01;01;1;2;2;09;0;0;0
5;52;4948822;M001;6.3114973564204;01;01;1;3;1;11;0;0;0
5;52;1124918;M001;11.5075550409893;01;01;1;3;2;16;0;0;0
5;52;1276923;M001;12.7074428646347;01;01;1;3;1;04;0;0;0
5;52;2177910;M001;8.3672838674263;01;01;1;3;2;10;0;0;0
5;52;3575811;M001;8.3290799330171;01;01;1;2;1;08;0;0;0
5;52;4384372;M001;11.8550245459752;01;01;1;3;1;12;0;0;0
5;52;7018126;M001;9.536302281536;01;01;1;4;1;16;0;0;0
5;52;1586237;M001;2.8340980281164;01;01;1;1;2;17;0;0;0
5;52;2945156;M001;2.6083819885428;01;01;1;3;1;12;0;0;0
5;52;4296392;M001;3.0743767665272;01;01;1;2;1;12;0;0;0
5;52;3028207;M001;4.2138511039202;01;01;1;3;1;13;0;0;0
5;52;5599963;M001;1.2982306383188;01;01;1;2;1;09;0;0;0
5;52;614029;M001;7.2444430352037;01;01;1;2;1;13;0;0;0
5;52;3690414;M001;9.3548784336139;01;01;1;1;2;17;0;0;0
5;52;1403078;M001;2.3251319876758;01;01;1;4;2;16;0;0;0
5;52;3490691;M001;2.3728963039188;01;01;1;2;2;13;0;0;0
5;52;2066934;M001;11.1458663226864;01;01;1;3;1;14;0;0;0
5;52;5864137;M001;9.4723506446668;01;01;1;1;2;14;0;0;0
5;52;5734358;M001;2.7430302625018;01;01;1;4;2;16;0;0;0
5;52;6873023;M001;2.918756156141;01;01;1;1;1;11;0;0;0
5;52;121687;M001;15.9433016516621;01;01;1;2;2;09;0;0;0
5;52;5571609;M001;5.6372992323897;01;01;1;4;1;07;0;0;0
5;52;4003374;M001;9.7214338636034;01;01;1;2;2;16;0;0;0
5;52;3120605;M001;12.6806311244383;01;01;1;2;1;07;0;0;0
5;52;1743607;M001;6.2565633332601;01;01;1;2;2;17;0;0;0
5;52;3563889;M001;9.8349689293243;01;01;1;4;2;14;0;0;0
5;52;6984869;M001;1.4887379641784;01;01;1;4;1;05;0;0;0
5;52;3218845;M001;1.6917564057863;01;01;1;1;1;15;0;0;0
5;52;5821585;M001;2.2916510944428;01;01;1;4;2;17;0;0;0
5;52;1643219;M001;1.7332981447436;01;01;1;1;1;16;0;0;0
5;52;6541832;M001;2.0539543758788;01;01;1;2;1;15;0;0;0
5;52;302286;M001;1.3477036129069;01;01;1;2;1;17;0;0;0
5;52;3442411;M001;2.4655035969665;01;01;1;1;2;10;0;0;0
5;52;5019830;M001;1.6992023053623;01;01;1;3;1;14;0;0;0
5;52;5019830;M002;1.6992023053623;01;01;1;3;2;13;0;0;0
5;52;1783399;M001;1.9129517955261;01;01;1;2;1;14;0;0;0
5;52;5352818;M001;1.9948700899044;01;01;1;3;1;12;0;0;0
5;52;4109247;M001;1.8651413077003;01;01;1;4;2;13;0;0;0
5;52;1285372;M001;1.6344043251061;01;01;1;1;1;13;0;0;0
5;52;3809214;M001;1.5980200427477;08;01;2;4;1;14;0;0;0
5;52;1489910;M001;1.5550873255324;08;01;2;3;1;16;0;0;0
5;52;926120;M001;1.9298951882588;08;01;2;4;1;17;0;0;0
5;52;3009496;M001;1.5375447725453;08;01;2;1;1;12;0;0;0
5;52;5613959;M001;2.2859524403034;08;01;2;3;1;17;0;0;0
5;52;893890;M001;2.0824343997241;08;01;2;2;2;14;0;0;0
5;52;1478485;M001;2.2791984987533;08;01;2;2;1;17;0;0;0
5;52;4258349;M001;1.9778460635206;08;01;2;4;1;14;0;0;0
5;52;1053513;M001;2.2976433442146;02;01;1;2;1;14;0;0;0
5;52;3662262;M001;1.6917564057863;01;01;1;3;1;14;0;0;0
5;52;7604904;M001;2.3543717796911;01;01;1;3;1;14;0;0;0
5;52;3401975;M001;1.4987925324923;01;01;1;3;2;11;0;0;0
5;52;3162924;M001;2.216408083262;01;01;1;2;2;17;0;0;0
5;52;7271068;M001;2.2388574762182;01;01;1;2;1;13;0;0;0
5;52;544754;M001;1.5955153650694;08;01;2;1;2;11;0;0;0
5;52;7240839;M001;1.6679329894126;08;01;2;2;1;17;0;0;0
5;52;4416101;M001;1.3545110258712;08;01;2;1;2;05;0;0;0
5;52;5651276;M001;1.2558373595362;08;01;2;3;1;17;0;0;0
5;52;224029;M001;2.0283987542109;08;01;2;1;2;11;0;0;0
5;52;7415420;M002;5.8343551109888;01;01;1;2;1;12;0;0;0
5;52;6478020;M001;5.114045643262;01;01;1;1;2;16;0;0;0
5;52;3498817;M001;4.1848258565432;01;01;1;3;1;13;0;0;0
5;52;3203986;M001;5.6238757124522;01;01;1;2;1;17;0;0;0
5;52;5717917;M001;6.098280187358;01;01;1;2;2;11;0;0;0
5;52;2213449;M001;6.1011739559116;01;01;1;1;1;16;0;0;0
5;52;5539924;M001;4.7374757300218;01;01;1;4;1;15;0;0;0
5;52;3977628;M001;4.3132360579901;01;01;1;2;1;17;0;0;0
5;52;6105289;M001;8.4700492033851;01;01;1;3;2;17;0;0;0
5;52;457863;M001;4.0532980320348;08;01;2;1;1;16;0;0;0
5;52;5905242;M001;3.7925671012748;08;01;2;3;1;14;0;0;0
5;52;2120706;M001;4.5174062732848;08;01;2;4;1;13;0;0;0
5;52;2223873;M001;6.1530611516838;05;01;2;3;2;12;0;0;0
5;52;7384779;M001;4.0570720029372;01;01;1;3;2;17;0;0;0
5;52;5560382;M001;4.8069485399202;01;01;1;4;1;09;0;0;0
5;52;618427;M001;4.8630109095583;02;01;1;4;1;17;0;0;0
5;52;629810;M001;3.884165638732;05;01;2;3;1;12;0;0;0
5;52;6917376;M001;4.6184174225363;08;01;2;2;1;13;0;0;0
5;52;259522;M001;6.0830997770741;02;01;1;3;2;11;0;0;0
5;52;6375049;M001;5.3296628381139;01;01;1;3;1;09;0;0;0
5;52;7656124;M001;5.32022824101;01;01;1;1;1;09;0;0;0
5;52;806048;M001;3.3876270040787;01;01;1;4;1;09;0;0;0
5;52;2927118;M001;4.7552050376148;01;01;1;4;1;15;0;0;0
5;52;3221818;M001;7.4890443660898;01;01;1;2;1;17;0;0;0
5;52;6468159;M001;6.4828248944313;01;01;1;3;1;17;0;0;0
5;52;3534746;M001;5.902127563136;01;01;1;3;1;14;0;0;0
5;52;5375198;M001;3.9101653739566;01;01;1;1;1;11;0;0;0
5;52;852041;M001;4.9344513018365;01;01;1;3;2;13;0;0;0
5;52;6841274;M001;4.1921312732209;01;01;1;2;2;17;0;0;0
5;52;7351401;M001;3.359466069565;01;01;1;3;2;10;0;0;0
5;52;1730708;M001;5.9204130977376;01;01;1;3;2;11;0;0;0
5;52;7603742;M001;5.5928147511815;01;01;1;3;1;12;0;0;0
5;52;5457791;M001;4.3548442521745;01;01;1;3;2;16;0;0;0
5;52;2262100;M001;5.9660754006569;01;01;1;1;2;17;0;0;0
5;52;3193181;M001;3.4584423069328;01;01;1;1;2;17;0;0;0
5;52;4650795;M001;5.8685071256268;01;01;1;3;2;10;0;0;0
5;52;1178236;M001;8.0623164450685;01;01;1;2;2;17;0;0;0
5;52;7528394;M001;4.3024158373153;01;01;1;1;2;14;0;0;0
5;52;6436675;M001;5.943597458686;01;01;1;3;1;08;0;0;0
5;52;2049402;M001;3.7504920482238;01;01;1;2;1;10;0;0;0
5;52;4553560;M001;3.8701722802525;01;01;1;4;2;17;0;0;0
5;52;4909368;M001;7.8556346009254;01;01;1;1;1;15;0;0;0
5;52;6614195;M001;4.8039970987039;01;01;1;4;2;01;0;0;0
5;52;5869203;M001;6.0174535893287;08;01;2;3;1;02;0;0;0
5;52;5937141;M001;3.7653208105033;08;01;2;4;2;13;0;0;0
5;52;4776462;M001;4.011252806706;08;01;2;4;2;13;0;0;0
5;52;6995309;M001;4.9984726574121;08;01;2;2;2;17;0;0;0
5;52;4735654;M001;5.8246704157989;08;01;2;1;2;16;0;0;0
5;52;6353936;M001;4.0642303797989;08;01;2;4;2;15;0;0;0
5;52;2124288;M001;3.1423957392561;08;01;2;4;2;11;0;0;0
5;52;1955284;M001;4.3130546011318;08;01;2;3;2;17;0;0;0
5;52;3058282;M001;5.8124096833296;08;01;2;3;1;16;0;0;0
5;52;6734903;M001;4.0964137895625;01;01;1;3;1;10;0;0;0
5;52;1765009;M002;6.5795948646373;01;01;1;3;1;17;0;0;0
5;52;1593571;M001;3.7504920482238;01;01;1;2;1;12;0;0;0
5;52;7664891;M001;4.8365531646133;01;01;1;3;2;17;0;0;0
5;52;771214;M001;5.2342633202465;01;01;1;1;1;05;0;0;0
5;52;4121891;M001;4.7931291917681;02;01;1;2;1;11;0;0;0
5;52;2550169;M001;4.413410758693;01;01;1;3;1;17;0;0;0
5;52;2932069;M001;4.4797749315132;01;01;1;3;2;15;0;0;0
5;52;6667537;M001;5.8970700126031;01;01;1;3;1;14;0;0;0
5;52;6521772;M001;4.1305686058697;01;01;1;4;1;09;0;0;0
5;52;6029526;M001;4.2902419316025;01;01;1;4;2;16;0;0;0
5;52;1883191;M001;5.1853020380144;01;01;1;1;1;17;0;0;0
5;52;687738;M001;4.3405450312792;01;01;1;1;1;09;0;0;0
5;52;7228529;M001;2.1250737540572;01;01;1;1;2;12;0;0;0
5;52;2974463;M001;1.5357131017145;01;01;1;1;1;09;0;0;0
5;52;2974463;M002;1.5357131017145;01;01;1;1;1;14;0;0;0
5;52;3357411;M001;2.0634785057083;01;01;1;1;2;12;0;0;0
5;52;905757;M001;1.7369097377557;01;01;1;2;1;17;0;0;0
5;52;6568092;M001;1.8693838278347;01;01;1;4;1;17;0;0;0
5;52;6032724;M001;1.9440914915739;01;01;1;3;2;17;0;0;0
5;52;7134310;M001;1.7818305643106;01;01;1;3;1;15;0;0;0
5;52;5840299;M001;1.6920388201907;01;01;1;4;2;17;0;0;0
5;52;1602191;M001;1.5091636863647;01;01;1;1;2;16;0;0;0
5;52;7770424;M001;2.8523956313971;01;01;1;3;2;06;0;0;0
5;52;7694213;M001;1.6942547863066;01;01;1;3;1;10;0;0;0
5;52;3327560;M001;2.0583362234919;01;01;1;2;1;15;0;0;0
5;52;1386279;M001;1.9438579541558;01;01;1;3;2;14;0;0;0
5;52;1853172;M001;1.9170151952822;01;01;1;3;1;08;0;0;0
5;52;1468423;M001;2.8762996517593;01;01;1;3;2;13;0;0;0
5;52;1863598;M001;2.2031958969361;01;01;1;4;1;12;0;0;0
5;52;3957237;M001;1.805887075309;01;01;1;3;2;17;0;0;0
5;52;7314397;M001;1.6352372785856;01;01;1;4;2;17;0;0;0
5;52;671312;M001;2.0575036426332;01;01;1;3;1;17;0;0;0
5;52;5578738;M001;2.0542985273716;08;01;2;3;2;15;0;0;0
5;52;2738425;M001;2.121719299993;08;01;2;1;2;16;0;0;0
5;52;4109542;M001;1.9732866921383;08;01;2;4;2;17;0;0;0
5;52;2522845;M001;2.8710590115277;01;01;1;3;1;12;0;0;0
5;52;7607366;M001;3.8228439233056;01;01;1;3;2;12;0;0;0
5;52;5052032;M001;2.9747931431782;01;01;1;4;2;17;0;0;0
5;52;5122904;M001;2.4321439281223;01;01;1;1;1;17;0;0;0
5;52;3872471;M001;1.9665739352892;01;01;1;2;1;13;0;0;0
5;52;1480913;M001;3.104160196438;01;01;1;2;1;17;0;0;0
5;52;1364091;M001;2.7536502551427;01;01;1;2;1;05;0;0;0
5;52;3093804;M001;2.1407602560089;01;01;1;1;2;14;0;0;0
5;52;1552450;M002;2.7046553903211;01;01;1;4;1;04;0;0;0
5;52;2271358;M001;4.0667956811653;01;01;1;3;1;08;0;0;0
5;52;3887370;M001;3.26137672197;08;01;2;3;1;10;0;0;0
5;52;3711066;M001;2.6159587367906;08;01;2;2;1;17;0;0;0
5;52;3582803;M001;3.3538485465745;02;01;1;3;2;01;0;0;0
5;52;5901272;M001;3.3814614381532;02;01;1;1;1;16;0;0;0
5;52;4485265;M001;2.7559196750077;02;01;1;2;2;13;0;0;0
5;52;2555777;M001;2.8212166539426;02;01;1;2;1;06;0;0;0
5;52;4642520;M001;3.0104157342445;02;01;1;1;1;13;0;0;0
5;52;2119649;M001;3.3203764064796;01;01;1;4;1;16;0;0;0
5;52;3744862;M001;2.5507205725025;01;01;1;3;1;16;0;0;0
5;52;7169834;M001;1.9780768800031;01;01;1;2;1;17;0;0;0
5;52;877783;M001;3.4376916631997;01;01;1;4;1;16;0;0;0
5;52;2778706;M001;5.2043711694236;01;01;1;4;2;11;0;0;0
5;52;6959705;M001;6.1406836198063;01;01;1;2;2;15;0;0;0
5;52;1888262;M001;5.8958912762873;01;01;1;2;1;14;0;0;0
5;52;3305680;M001;4.9955572531355;01;01;1;1;1;16;0;0;0
5;52;76907;M001;5.626983667305;01;01;1;3;2;12;0;0;0
5;52;4592739;M001;5.308902222487;01;01;1;1;2;06;0;0;0
5;52;4592739;M002;5.308902222487;01;01;1;2;1;06;0;0;0
5;52;5512959;M001;6.003420439952;01;01;1;4;2;17;0;0;0
5;52;2616650;M001;5.2045423737069;01;01;1;2;2;16;0;0;0
5;52;5648977;M001;4.6543343070483;01;01;1;2;1;17;0;0;0
5;52;5681909;M001;4.8197947376851;01;01;1;2;2;11;0;0;0
5;52;6941063;M001;4.1502966525751;01;01;1;1;1;13;0;0;0
5;52;1336269;M001;4.5332287112803;01;01;1;3;2;16;0;0;0
5;52;4943660;M001;5.3236710516201;01;01;1;1;1;09;0;0;0
5;52;6577831;M001;5.626983667305;01;01;1;2;2;13;0;0;0
5;52;3285666;M001;5.6968993374095;01;01;1;3;1;17;0;0;0
5;52;2623617;M001;5.9140065732669;01;01;1;2;2;05;0;0;0
5;52;4945732;M001;4.4402358586977;01;01;1;3;1;12;0;0;0
5;52;5009569;M001;4.6656539884225;01;01;1;2;1;04;0;0;0
5;52;2252242;M001;5.3028430100901;01;01;1;2;2;16;0;0;0
5;52;3193102;M001;5.641577796599;01;01;1;2;1;14;0;0;0
5;52;2624387;M001;5.626983667305;01;01;1;4;1;09;0;0;0
5;52;4850243;M001;5.6431407919336;01;01;1;2;1;17;0;0;0
5;52;3885481;M001;5.7958348737273;01;01;1;3;2;17;0;0;0
5;52;741931;M001;5.1203115300478;01;01;1;3;2;05;0;0;0
5;52;2455161;M001;6.0597091468143;01;01;1;2;2;10;0;0;0
5;52;579447;M001;4.9703938611494;01;01;1;2;2;11;0;0;0
5;52;5611010;M001;7.4630852432944;01;01;1;2;1;17;0;0;0
5;52;6479262;M001;5.4377939566029;01;01;1;4;1;12;0;0;0
5;52;182258;M001;3.5379853373004;01;01;1;4;1;01;0;0;0
5;52;3081507;M001;1.0477611940298;01;01;1;3;1;14;0;0;0
5;52;1198873;M001;3.9365236540352;01;01;1;1;1;13;0;0;0
5;52;1502370;M001;5.0580221882329;01;01;1;3;1;13;0;0;0
5;52;3646854;M001;4.8086819277099;01;01;1;4;1;10;0;0;0
5;52;3653322;M001;5.6968993374095;01;01;1;1;1;16;0;0;0
5;52;3079767;M001;5.8811952098998;01;01;1;3;1;06;0;0;0
5;52;4082917;M001;5.9716757815312;01;01;1;4;1;11;0;0;0
5;52;5458209;M001;5.6431407919336;01;01;1;4;1;11;0;0;0
5;52;2309179;M001;4.335942803507;01;01;1;3;2;13;0;0;0
5;52;7646810;M001;2.8829025950927;01;01;1;3;1;17;0;0;0
5;52;6848414;M001;2.1158694602812;01;01;1;2;1;13;0;0;0
5;52;7105410;M001;2.9136018296426;01;01;1;4;2;17;0;0;0
5;52;3229533;M001;3.3749974336518;01;01;1;2;2;16;0;0;0
5;52;7233366;M001;2.9136018296426;01;01;1;4;1;15;0;0;0
5;52;1514070;M001;3.0357548927662;01;01;1;3;2;11;0;0;0
5;52;5920904;M001;3.0760893603298;01;01;1;4;1;17;0;0;0
5;52;7073844;M001;4.1153729876465;01;01;1;4;2;17;0;0;0
5;52;3283688;M001;3.1478537857987;01;01;1;3;2;15;0;0;0
5;52;5565363;M001;3.277462897371;08;01;2;3;1;14;0;0;0
5;52;6759881;M001;2.5547638823498;08;01;2;2;1;11;0;0;0
5;52;5784591;M001;2.4128157153272;08;01;2;2;2;17;0;0;0
5;52;4208144;M001;1.9784890181229;08;01;2;2;1;11;0;0;0
5;52;5573407;M001;1.0752483793651;08;01;2;2;1;17;0;0;0
5;52;7252054;M001;3.4512591757016;02;01;1;3;1;11;0;0;0
5;52;4724122;M001;10.2838030053313;01;01;1;3;2;03;0;0;0
5;52;6462094;M002;7.6305548088645;01;01;1;1;1;14;0;0;0
5;52;7202057;M001;10.5470777086029;01;01;1;1;2;05;0;0;0
5;52;133204;M001;9.6522914007977;01;01;1;4;1;17;0;0;0
5;52;3218670;M001;13.8086771161121;01;01;1;2;1;13;0;0;0
5;52;4375571;M001;10.4752641228435;01;01;1;3;1;12;0;0;0
5;52;3436921;M001;9.0181022536565;01;01;1;2;2;15;0;0;0
5;52;1893063;M001;12.351761674889;01;01;1;4;1;15;0;0;0
5;52;6390618;M001;14.0202776275142;01;01;1;4;1;14;0;0;0
5;52;3913892;M001;9.6373046488509;01;01;1;2;1;16;0;0;0
5;52;2904942;M001;8.3871010429083;01;01;1;3;1;16;0;0;0
5;52;4443203;M001;6.4921810699598;01;01;1;4;2;17;0;0;0
5;52;7474414;M001;7.9109716973885;01;01;1;2;1;16;0;0;0
5;52;1759527;M001;11.1977351155028;01;01;1;1;1;06;0;0;0
5;52;893186;M001;13.2381134580782;01;01;1;2;1;12;0;0;0
5;52;6666771;M001;10.0435839319122;01;01;1;3;2;16;0;0;0
5;52;233785;M001;9.0181022536565;01;01;1;1;1;15;0;0;0
5;52;2599103;M001;7.4866183185506;01;01;1;4;1;14;0;0;0
5;52;6321427;M001;5.812276871581;01;01;1;3;1;17;0;0;0
5;52;4054286;M001;7.92761155656;01;01;1;1;2;17;0;0;0
5;52;6893484;M001;12.2004240356764;01;01;1;1;1;17;0;0;0
5;52;1644538;M001;6.450491731941;01;01;1;4;2;13;0;0;0
5;52;106723;M001;13.133185535747;01;01;1;4;2;16;0;0;0
5;52;4187988;M001;13.3671181908529;01;01;1;2;2;16;0;0;0
5;52;4178769;M001;10.0955992806527;01;01;1;4;2;16;0;0;0
5;52;4460047;M001;10.13026857395;01;01;1;3;1;14;0;0;0
5;52;171593;M001;7.9109716973885;01;01;1;3;1;14;0;0;0
5;52;5649576;M001;12.1824158209224;01;01;1;4;2;13;0;0;0
5;52;1081567;M001;6.4008552965034;01;01;1;3;1;17;0;0;0
5;52;4206092;M001;7.3105006750626;01;01;1;2;1;17;0;0;0
5;52;2678848;M001;11.8943704632044;01;01;1;3;2;17;0;0;0
5;52;415280;M001;9.4929181567486;01;01;1;4;1;13;0;0;0
5;52;2712773;M001;9.0181022536565;01;01;1;3;1;02;0;0;0
5;52;3265806;M001;6.4921810699598;01;01;1;4;1;12;0;0;0
5;52;6376189;M001;6.4921810699598;01;01;1;2;1;04;0;0;0
5;52;2147269;M001;9.2402014996256;01;01;1;3;2;15;0;0;0
5;52;2031955;M001;11.6960873773777;01;01;1;3;2;15;0;0;0
5;52;4281619;M001;12.6921034330814;01;01;1;2;2;17;0;0;0
5;52;7719857;M001;9.9335335945652;01;01;1;1;1;13;0;0;0
5;52;1580154;M001;10.3520481825499;01;01;1;3;1;14;0;0;0
5;52;6615218;M001;7.8428929673426;01;01;1;2;1;14;0;0;0
5;52;7691284;M001;10.5757063987515;01;01;1;4;2;17;0;0;0
5;52;6998165;M001;14.183006573251;01;01;1;4;1;14;0;0;0
5;52;1910372;M001;14.7951388499531;01;01;1;3;1;16;0;0;0
5;52;223365;M001;12.0600023906112;01;01;1;2;2;17;0;0;0
5;52;2008469;M001;11.6136707461451;08;01;2;3;2;03;0;0;0
5;52;2010280;M001;9.4767911065124;05;01;2;4;2;17;0;0;0
5;52;2305377;M001;10.3729256425026;05;01;2;3;2;13;0;0;0
5;52;5757063;M001;10.2686913734658;01;01;1;2;2;17;0;0;0
5;52;598206;M001;7.8428929673426;01;01;1;3;1;16;0;0;0
5;52;4740731;M001;9.2998084085657;01;01;1;1;1;16;0;0;0
5;52;5033342;M001;10.1599832948056;02;01;1;1;1;04;0;0;0
5;52;5279817;M001;6.4921810699598;08;01;2;3;1;06;0;0;0
5;52;5917176;M001;10.9149019119943;01;01;1;3;2;17;0;0;0
5;52;4039199;M001;6.8958691989023;08;01;2;1;2;14;0;0;0
5;52;6184355;M001;10.4006336437522;08;01;2;3;1;13;0;0;0
5;52;6728954;M001;6.6246924380422;08;01;2;3;2;16;0;0;0
5;52;2744986;M001;8.0454140599382;08;01;2;1;1;15;0;0;0
5;52;2089720;M001;13.3678732309568;08;01;2;3;1;06;0;0;0
5;52;382656;M001;9.8490173388286;01;01;1;3;1;10;0;0;0
5;52;5174999;M001;10.6997157097494;01;01;1;3;1;12;0;0;0
5;52;278073;M001;11.0568687401242;01;01;1;3;2;16;0;0;0
5;52;1629324;M001;9.6358330483108;01;01;1;2;1;15;0;0;0
5;52;1001627;M001;9.6358330483108;01;01;1;1;2;17;0;0;0
5;52;5976778;M001;9.9891978638427;01;01;1;3;1;09;0;0;0
5;52;2407009;M001;10.3463508942175;01;01;1;2;2;13;0;0;0
5;52;4372045;M001;9.9891978638427;01;01;1;3;2;14;0;0;0
5;52;1470985;M001;9.9891978638427;01;01;1;1;1;15;0;0;0
5;52;3428054;M001;7.6397656841919;01;01;1;3;1;07;0;0;0
5;52;5831732;M001;5.922318658832;01;01;1;3;2;17;0;0;0
5;52;2653887;M001;4.1073134857243;01;01;1;4;1;10;0;0;0
5;52;2653887;M002;4.1073134857243;01;01;1;4;1;17;0;0;0
5;52;3028379;M001;9.432201682307;01;01;1;3;1;13;0;0;0
5;52;3714853;M001;9.4972082126517;01;01;1;1;2;17;0;0;0
5;52;7061756;M001;10.0192758354688;01;01;1;1;1;17;0;0;0
5;52;3074347;M001;10.9959606383117;01;01;1;3;2;10;0;0;0
5;52;2683751;M001;12.0492991274574;01;01;1;2;1;16;0;0;0
5;52;3513143;M001;13.8353544128173;01;01;1;4;1;17;0;0;0
5;52;6430796;M001;5.688215943108;01;01;1;3;2;10;0;0;0
5;52;6099773;M001;7.3711218593934;01;01;1;3;2;17;0;0;0
5;52;5974828;M001;12.4266789729749;01;01;1;4;1;17;0;0;0
5;52;4042749;M001;7.948498460474;01;01;1;1;2;01;0;0;0
5;52;5469849;M001;5.6579395400867;01;01;1;3;2;17;0;0;0
5;52;2265156;M001;10.9877871701016;01;01;1;4;2;15;0;0;0
5;52;3039335;M001;11.3828297921314;01;01;1;2;1;13;0;0;0
5;52;6013154;M001;13.2633654241617;01;01;1;2;2;17;0;0;0
5;52;5455168;M001;14.580845606271;01;01;1;2;1;17;0;0;0
5;52;6965404;M001;12.0667745327486;01;01;1;1;1;02;0;0;0
5;52;5141679;M001;14.1390539193655;01;01;1;3;1;17;0;0;0
5;52;2852933;M001;12.2891725303533;01;01;1;1;2;17;0;0;0
5;52;135452;M001;13.7294849074601;01;01;1;3;2;17;0;0;0
5;52;1261384;M001;13.3777960075025;01;01;1;2;2;17;0;0;0
5;52;924896;M001;9.644974367604;01;01;1;1;2;17;0;0;0
5;52;1073608;M001;7.6397656841919;01;01;1;4;1;13;0;0;0
5;52;352160;M001;10.7029620406534;01;01;1;1;1;13;0;0;0
5;52;1895675;M001;7.4158208622187;01;01;1;3;1;17;0;0;0
5;52;1892373;M001;6.245489004268;01;01;1;4;2;16;0;0;0
5;52;1634112;M001;9.4260615279463;01;01;1;1;2;14;0;0;0
5;52;6907011;M001;10.931927332259;01;01;1;2;2;15;0;0;0
5;52;3510714;M001;7.9251269131963;01;01;1;4;2;17;0;0;0
5;52;3604959;M001;8.2566859099038;01;01;1;4;1;06;0;0;0
5;52;591754;M001;10.7741600336475;01;01;1;4;2;11;0;0;0
5;52;6870026;M001;9.2824682327789;01;01;1;1;1;10;0;0;0
5;52;1264247;M001;9.6626457468122;01;01;1;3;1;12;0;0;0
5;52;2081666;M001;8.949385569499;01;01;1;3;1;12;0;0;0
5;52;1536825;M001;10.3463508942175;01;01;1;2;1;05;0;0;0
5;52;6438145;M001;11.3869035502714;01;01;1;2;1;17;0;0;0
5;52;4541363;M001;10.4282568722049;01;01;1;1;1;17;0;0;0
5;52;2373604;M001;9.4016119354036;01;01;1;4;2;12;0;0;0
5;52;1099164;M001;9.8538383013083;01;01;1;3;1;17;0;0;0
5;52;3013146;M001;11.3869035502714;01;01;1;2;2;17;0;0;0
5;52;2134689;M001;12.3255930035786;01;01;1;3;1;17;0;0;0
5;52;1419993;M001;9.044981846747;01;01;1;4;1;16;0;0;0
5;52;1966682;M001;11.0193248445261;01;01;1;3;2;13;0;0;0
5;52;7260713;M001;10.4282568722049;01;01;1;1;2;05;0;0;0
5;52;6041304;M001;10.4878047010919;01;01;1;4;1;06;0;0;0
5;52;566658;M001;10.2104683899649;01;01;1;2;2;08;0;0;0
5;52;1254965;M001;9.044981846747;01;01;1;4;2;16;0;0;0
5;52;5382833;M001;11.366946325512;08;01;2;3;1;05;0;0;0
5;52;2160880;M001;6.7280546477012;02;01;1;3;2;17;0;0;0
5;52;1294467;M001;5.4825381364742;01;01;1;2;2;17;0;0;0
5;52;3384738;M001;9.9372684906314;01;01;1;3;2;16;0;0;0
5;52;3384738;M002;9.9372684906314;01;01;1;4;1;16;0;0;0
5;52;6172507;M001;6.5375385072746;01;01;1;3;1;11;0;0;0
5;52;1086227;M001;9.9450710860145;01;01;1;1;1;04;0;0;0
5;52;3933656;M001;12.345550228338;01;01;1;2;1;17;0;0;0
5;52;3852663;M001;11.366946325512;01;01;1;1;2;14;0;0;0
5;52;5585783;M001;11.3869035502714;01;01;1;4;2;14;0;0;0
5;52;2646935;M001;9.4016119354036;01;01;1;2;2;09;0;0;0
5;52;4166535;M001;9.4016119354036;01;01;1;2;1;16;0;0;0
5;52;3777449;M001;9.044981846747;01;01;1;4;2;10;0;0;0
5;52;4376694;M001;9.6358330483108;01;01;1;4;1;16;0;0;0
5;52;4911469;M001;8.5719503868722;01;01;1;4;1;11;0;0;0
5;52;5765395;M001;11.7955336915712;01;01;1;3;1;13;0;0;0
5;52;1618865;M001;6.4384388627921;01;01;1;4;1;09;0;0;0
5;52;4519647;M001;8.5719503868722;01;01;1;3;1;11;0;0;0
5;52;6684970;M001;13.7841359797356;01;01;1;4;2;07;0;0;0
5;52;5400046;M001;5.5398313272357;01;01;1;4;2;16;0;0;0
5;52;7390006;M001;9.7312862636415;01;01;1;4;2;11;0;0;0
5;52;2674284;M001;1.9591931710718;01;01;1;4;1;01;0;0;0
5;52;1067850;M001;2.1746507854078;01;01;1;4;2;17;0;0;0
5;52;572447;M001;1.9584232399253;01;01;1;3;1;04;0;0;0
5;52;6332124;M001;2.1746507854078;01;01;1;2;2;07;0;0;0
5;52;3468064;M001;10.8210506756208;01;01;1;2;1;08;0;0;0
5;52;2056222;M001;4.145621933954;01;01;1;1;2;17;0;0;0
5;52;6664290;M001;6.4647259661424;01;01;1;4;2;14;0;0;0
5;52;5062830;M001;9.1443566482842;01;01;1;3;1;06;0;0;0
5;52;7246458;M001;13.2328910735785;01;01;1;4;1;10;0;0;0
5;52;2083898;M001;13.140304574891;01;01;1;3;2;17;0;0;0
5;52;6503145;M001;10.5301963799269;01;01;1;4;1;15;0;0;0
5;52;124877;M001;6.2635663159895;01;01;1;3;1;07;0;0;0
5;52;4779660;M001;14.9370303121084;01;01;1;4;2;17;0;0;0
5;52;1677369;M001;8.6052115555181;01;01;1;2;1;11;0;0;0
5;52;5366918;M001;8.949385569499;01;01;1;4;1;14;0;0;0
5;52;4217640;M001;8.949385569499;01;01;1;3;1;17;0;0;0
5;52;3781406;M001;9.6358330483108;01;01;1;4;1;04;0;0;0
5;52;3781406;M002;9.6358330483108;01;01;1;1;2;17;0;0;0
5;52;2689725;M001;11.0568687401242;01;01;1;3;1;10;0;0;0
5;52;3141649;M001;9.6358330483108;01;01;1;3;1;01;0;0;0
5;52;7155379;M001;8.7795689032324;01;01;1;1;1;11;0;0;0
5;52;7155379;M002;8.7795689032324;01;01;1;4;2;05;0;0;0
5;52;1821711;M001;13.4789917474279;01;01;1;2;1;07;0;0;0
5;52;4665388;M001;17.0379922839545;01;01;1;4;2;16;0;0;0
5;52;537951;M001;9.9908286808701;01;01;1;3;2;09;0;0;0
5;52;5998913;M001;11.7729834748461;01;01;1;2;2;01;0;0;0
5;52;5532390;M001;1.4496218535913;01;01;1;2;1;12;0;0;0
5;52;384669;M001;2.4122480624183;01;01;1;3;1;12;0;0;0
5;52;5222609;M001;1.7746465632807;01;01;1;4;1;05;0;0;0
5;52;7127877;M001;2.5443929135311;01;01;1;3;2;16;0;0;0
5;52;5731000;M001;1.7276150973455;01;01;1;3;2;12;0;0;0
5;52;4026214;M001;1.5003793236977;01;01;1;1;1;15;0;0;0
5;52;6309593;M001;1.7623966707491;01;01;1;2;2;16;0;0;0
5;52;7104333;M001;2.2569460819891;01;01;1;2;1;10;0;0;0
5;52;7104333;M002;2.2569460819891;01;01;1;3;1;17;0;0;0
5;52;4845743;M001;1.8981485684792;01;01;1;1;2;13;0;0;0
5;52;1109206;M001;2.340074527426;01;01;1;2;2;13;0;0;0
5;52;4148026;M001;1.7180057738605;08;01;2;1;1;13;0;0;0
5;52;2694552;M001;1.999346936717;08;01;2;1;1;13;0;0;0
5;52;6617157;M001;1.5755250960883;08;01;2;4;1;15;0;0;0
5;52;4016174;M001;1.6484615909541;08;01;2;1;1;16;0;0;0
5;52;341536;M001;1.3347281647145;01;01;1;1;1;17;0;0;0
5;52;6453608;M001;1.6017254410453;01;01;1;3;2;14;0;0;0
5;52;3618029;M001;2.3613306806927;01;01;1;3;1;15;0;0;0
5;52;5161351;M001;2.0452231890399;01;01;1;4;2;17;0;0;0
5;52;2134285;M001;2.5150619368866;01;01;1;2;1;13;0;0;0
5;52;5188519;M001;1.8319553523891;01;01;1;1;2;11;0;0;0
5;52;293191;M001;1.6359171061464;08;01;2;3;2;14;0;0;0
5;52;201909;M001;5.0242151176653;01;01;1;3;2;17;0;0;0
5;52;178729;M001;5.0783734963037;01;01;1;4;1;17;0;0;0
5;52;2617459;M001;5.9938711331702;01;01;1;4;1;17;0;0;0
5;52;5501971;M001;5.4959533080366;01;01;1;4;1;17;0;0;0
5;52;1931156;M001;5.6144043252017;01;01;1;3;1;02;0;0;0
5;52;3618126;M001;3.085131691483;01;01;1;2;1;16;0;0;0
5;52;3118394;M001;8.1983048518533;01;01;1;3;2;08;0;0;0
5;52;2649028;M001;3.50979488352;01;01;1;4;1;17;0;0;0
5;52;3361525;M001;5.96713134423;01;01;1;3;2;17;0;0;0
5;52;6690124;M001;4.2674735521165;05;01;2;2;2;13;0;0;0
5;52;5483705;M001;4.4333846529862;08;01;2;3;1;13;0;0;0
5;52;5594317;M001;4.0427824964249;08;01;2;1;1;17;0;0;0
5;52;6080092;M001;2.5848366775954;08;01;2;2;1;15;0;0;0
5;52;5832777;M001;5.2736170094917;08;01;2;4;1;01;0;0;0
5;52;345778;M001;5.1426679674966;01;01;1;2;1;04;0;0;0
5;52;4256057;M001;5.4226595811763;01;01;1;4;2;15;0;0;0
5;52;588114;M001;3.3367156610316;01;01;1;3;1;04;0;0;0
5;52;808767;M001;1.3507582832481;08;01;2;3;2;11;0;0;0
5;52;1112791;M001;1.5473089641848;08;01;2;4;2;16;0;0;0
5;52;2993806;M001;3.0625415802429;08;01;2;1;1;17;0;0;0
5;52;7189607;M001;1.1352467129006;08;01;2;1;2;13;0;0;0
5;52;6282968;M001;1.8393532790547;08;01;2;4;2;17;0;0;0
5;52;4039458;M001;3.1742019680642;08;01;2;3;1;16;0;0;0
5;52;58553;M001;2.1135011205822;08;01;2;3;2;10;0;0;0
5;52;2582298;M001;2.2156257150543;08;01;2;1;1;06;0;0;0
5;52;4855031;M001;2.9850935290035;01;01;1;3;2;07;0;0;0
5;52;6021559;M001;3.975623975366;01;01;1;2;1;12;0;0;0
5;52;5833798;M001;4.9425623958951;01;01;1;2;1;17;0;0;0
5;52;7086081;M001;4.479507673638;01;01;1;2;1;17;0;0;0
5;52;1959757;M001;4.2143303652166;01;01;1;1;1;16;0;0;0
5;52;1717446;M001;3.8224507198731;01;01;1;1;2;15;0;0;0
5;52;6583211;M001;4.0869043404412;01;01;1;1;1;05;0;0;0
5;52;1568860;M001;5.3788440876833;01;01;1;2;1;11;0;0;0
5;52;4103890;M001;6.5127708205764;01;01;1;4;2;17;0;0;0
5;52;4505782;M001;5.7773324531783;01;01;1;3;1;15;0;0;0
5;52;5321093;M001;5.0462431763594;01;01;1;1;1;11;0;0;0
5;52;4056500;M001;4.3671419360699;08;01;2;3;2;08;0;0;0
5;52;1511527;M001;5.0243365034415;08;01;2;3;1;09;0;0;0
5;52;799196;M001;5.3221719412852;08;01;2;2;1;08;0;0;0
5;52;6261729;M001;6.325441313176;08;01;2;3;1;13;0;0;0
5;52;241454;M001;4.2143303652166;01;01;1;4;1;17;0;0;0
5;52;1445060;M001;5.3440786142032;01;01;1;1;1;08;0;0;0
5;52;5101751;M001;3.9589272157487;01;01;1;1;1;13;0;0;0
5;52;2400574;M001;4.2065690994668;01;01;1;3;1;10;0;0;0
5;52;6302077;M001;5.0295394101149;01;01;1;3;1;14;0;0;0
5;52;7085131;M001;4.2143303652166;02;01;1;3;1;15;0;0;0
5;52;2865879;M001;5.7603507827828;01;01;1;2;1;17;0;0;0
5;52;2865879;M002;5.7603507827828;01;01;1;1;1;17;0;0;0
5;52;3659514;M001;4.6940657329331;08;01;2;4;2;17;0;0;0
5;52;5550299;M001;3.982586150821;01;01;1;4;1;14;0;0;0
5;52;1201702;M001;4.6385450175049;01;01;1;4;2;17;0;0;0
5;52;5259803;M001;4.6385450175049;01;01;1;1;2;17;0;0;0
5;52;701335;M001;4.2258085905603;01;01;1;3;2;17;0;0;0
5;52;4381891;M001;4.2829183085438;01;01;1;3;1;08;0;0;0
5;52;1229610;M001;3.6399687111119;01;01;1;3;1;13;0;0;0
5;52;71111;M001;5.7384441098649;08;01;2;4;2;17;0;0;0
5;52;3399435;M001;5.4471402407101;01;01;1;3;1;11;0;0;0
5;52;4568339;M001;4.9345390881694;01;01;1;3;2;16;0;0;0
5;52;5989776;M001;5.0905217306089;01;01;1;2;1;16;0;0;0
5;52;3924714;M001;5.0554228549033;01;01;1;3;2;14;0;0;0
5;52;6608957;M001;5.0554228549033;01;01;1;1;1;13;0;0;0
5;52;3699094;M001;5.0554228549033;01;01;1;3;2;11;0;0;0
5;52;4678159;M001;5.6357324122123;01;01;1;4;1;17;0;0;0
5;52;1205023;M001;5.0554228549033;01;01;1;4;2;11;0;0;0
5;52;7287103;M001;5.4471402407101;01;01;1;1;2;17;0;0;0
5;52;5243602;M001;4.6105301071308;01;01;1;3;2;06;0;0;0
5;52;7250834;M001;5.3794318359419;01;01;1;1;2;17;0;0;0
5;52;6772960;M001;5.1763066216373;01;01;1;4;2;15;0;0;0
5;52;6587946;M001;5.6357324122123;01;01;1;2;1;17;0;0;0
5;52;3533837;M001;5.3794318359419;01;01;1;2;1;14;0;0;0
5;52;7496243;M001;5.3794318359419;01;01;1;3;1;11;0;0;0
5;52;191454;M001;5.3794318359419;01;01;1;3;1;16;0;0;0
5;52;2474357;M001;5.5680240074441;01;01;1;4;1;16;0;0;0
5;52;3987962;M001;4.0274602724725;01;01;1;1;2;14;0;0;0
5;52;231022;M001;4.773878214449;01;01;1;1;2;15;0;0;0
5;52;231022;M002;4.773878214449;01;01;1;2;2;09;0;0;0
5;52;7502933;M001;5.5442171677686;01;01;1;3;1;15;0;0;0
5;52;3754566;M001;5.0064418289386;01;01;1;4;1;11;0;0;0
5;52;6606070;M001;7.4597768220189;01;01;1;2;2;07;0;0;0
5;52;6427329;M001;5.3794318359419;01;01;1;2;1;14;0;0;0
5;52;44277;M001;5.3794318359419;01;01;1;1;2;15;0;0;0
5;52;1870946;M001;4.799122278633;01;01;1;1;1;10;0;0;0
5;52;1390044;M001;5.3117234311737;01;01;1;3;1;12;0;0;0
5;52;5221502;M001;5.9377719478571;01;01;1;3;1;15;0;0;0
5;52;3587173;M001;5.469618712748;01;01;1;1;2;17;0;0;0
5;52;866939;M001;6.6293465972288;01;01;1;4;2;17;0;0;0
5;52;6217277;M001;5.5019224724811;01;01;1;4;2;14;0;0;0
5;52;7069494;M001;5.3801908537786;08;01;2;3;2;11;0;0;0
5;52;3096925;M001;5.2455330620788;08;01;2;1;1;01;0;0;0
5;52;6390128;M001;4.599033135675;08;01;2;2;2;14;0;0;0
5;52;5081462;M001;4.9222830988769;08;01;2;3;2;06;0;0;0
5;52;5381133;M001;1.6094017117586;01;01;1;1;2;01;0;0;0
5;52;4430323;M001;6.0229656426913;01;01;1;3;1;07;0;0;0
5;52;1901718;M001;4.0274602724725;02;01;1;1;2;16;0;0;0
5;52;7625474;M001;3.9498702505118;01;01;1;1;1;17;0;0;0
5;52;7625474;M002;3.9498702505118;01;01;1;3;2;16;0;0;0
5;52;4393391;M001;6.4522088986064;01;01;1;1;1;14;0;0;0
5;52;5218105;M001;3.4100998107757;08;01;2;3;2;11;0;0;0
5;52;5834922;M001;6.6308775953909;01;01;1;2;1;13;0;0;0
5;52;3383604;M001;3.7987023006239;01;01;1;1;1;09;0;0;0
5;52;7406182;M001;7.7732230458106;01;01;1;4;2;09;0;0;0
5;52;1845873;M001;7.8621570901323;01;01;1;3;1;14;0;0;0
5;52;5652467;M001;3.8597698695085;01;01;1;3;1;12;0;0;0
5;52;7732044;M001;2.7443678618894;01;01;1;2;2;15;0;0;0
5;52;5793263;M001;3.6362144534144;01;01;1;2;1;12;0;0;0
5;52;7593736;M001;3.5960421051141;01;01;1;2;2;16;0;0;0
5;52;2203706;M001;2.7595447439777;01;01;1;3;2;06;0;0;0
5;52;2618346;M001;3.1223678701858;01;01;1;4;1;15;0;0;0
5;52;1527461;M001;2.9860088412918;03;01;1;3;1;17;0;0;0
5;52;6941628;M001;3.4639398048268;03;01;1;2;1;17;0;0;0
5;52;4081831;M001;3.4372968373075;08;01;2;3;1;17;0;0;0
5;52;6905975;M001;1.6284841630834;08;01;2;2;2;17;0;0;0
5;52;2079833;M001;2.9566743895166;08;01;2;3;1;16;0;0;0
5;52;4150855;M001;2.6972754517979;08;01;2;1;1;16;0;0;0
5;52;7092671;M001;1.7461268441511;08;01;2;4;1;13;0;0;0
5;52;3335387;M001;2.3623773288127;08;01;2;4;1;17;0;0;0
5;52;2643913;M001;3.8490035681542;08;01;2;3;1;14;0;0;0
5;52;4148911;M001;2.1968689311266;08;01;2;3;2;15;0;0;0
5;52;1701684;M001;9.9752418493263;01;01;1;3;1;17;0;0;0
5;52;1701684;M002;9.9752418493263;01;01;1;3;2;16;0;0;0
5;52;623008;M001;10.4471660831348;01;01;1;3;1;15;0;0;0
5;52;2914185;M001;10.1316102386166;01;01;1;2;2;08;0;0;0
5;52;909505;M001;9.6596860048081;01;01;1;1;1;09;0;0;0
5;52;1018381;M001;9.9724227833887;01;01;1;1;2;08;0;0;0
5;52;6883564;M001;9.818873460036;01;01;1;3;1;12;0;0;0
5;52;1139383;M001;9.6596860048081;01;01;1;3;1;14;0;0;0
5;52;6828130;M001;10.2964358257198;01;01;1;3;2;16;0;0;0
5;52;2154963;M001;9.6568669388705;01;01;1;3;1;17;0;0;0
5;52;4450485;M001;9.8160543940984;01;01;1;1;1;16;0;0;0
5;52;5820545;M001;9.8160543940984;01;01;1;3;2;10;0;0;0
5;52;5820545;M002;9.8160543940984;01;01;1;4;1;08;0;0;0
5;52;1355556;M001;9.8160543940984;01;01;1;3;1;15;0;0;0
5;52;454588;M001;9.8160543940984;01;01;1;2;2;11;0;0;0
5;52;1970862;M001;9.6596860048081;01;01;1;2;1;16;0;0;0
5;52;2751407;M001;9.6568669388705;01;01;1;4;2;17;0;0;0
5;52;7229906;M001;9.8160543940984;01;01;1;1;1;12;0;0;0
5;52;24525;M001;9.08120843386;01;01;1;4;2;09;0;0;0
5;52;1246051;M001;8.6340726012639;01;01;1;2;2;13;0;0;0
5;52;7571944;M001;9.6596860048081;01;01;1;3;1;15;0;0;0
5;52;3486655;M001;9.6596860048081;01;01;1;1;2;11;0;0;0
5;52;7309683;M001;9.9752418493263;01;01;1;1;1;08;0;0;0
5;52;3292000;M001;9.8160543940984;01;01;1;3;1;07;0;0;0
5;52;7614950;M001;7.3029150993233;01;01;1;1;1;13;0;0;0
5;52;5757713;M001;6.7417551238239;01;01;1;1;2;11;0;0;0
5;52;94408;M001;17.9165598164741;01;01;1;2;1;04;0;0;0
5;52;177465;M001;8.18326211243;01;01;1;2;1;12;0;0;0
5;52;5663159;M001;12.1199380500552;01;01;1;4;2;16;0;0;0
5;52;317301;M001;14.2198481709234;01;01;1;4;2;16;0;0;0
5;52;7494507;M001;7.4433704840018;01;01;1;3;1;17;0;0;0
5;52;5649700;M001;12.538036424992;01;01;1;3;2;17;0;0;0
5;52;4125518;M001;8.0645934751155;01;01;1;3;1;07;0;0;0
5;52;4754032;M001;11.7073368668649;01;01;1;3;2;17;0;0;0
5;52;5920251;M001;23.0414605589101;01;01;1;2;1;17;0;0;0
5;52;7338136;M001;7.3713460977504;01;01;1;1;2;17;0;0;0
5;52;3004033;M001;9.8160543940984;01;01;1;4;1;17;0;0;0
5;52;1793074;M001;10.6063535383627;01;01;1;4;1;16;0;0;0
5;52;1398578;M001;10.0983190945691;05;01;2;3;2;17;0;0;0
5;52;7672460;M001;9.4313569979549;08;01;2;1;2;11;0;0;0
5;52;266414;M001;8.3857530842179;08;01;2;1;2;14;0;0;0
5;52;2922515;M001;12.4518521020283;08;01;2;3;1;16;0;0;0
5;52;3236120;M001;11.0529013774269;08;01;2;4;1;14;0;0;0
5;52;7371247;M001;9.8160543940984;01;01;1;3;2;16;0;0;0
5;52;7730236;M001;9.9780609152639;01;01;1;2;1;15;0;0;0
5;52;2682985;M001;9.2605488437799;01;01;1;1;1;17;0;0;0
5;52;6709162;M001;8.5779932306498;01;01;1;3;2;13;0;0;0
5;52;1646218;M001;16.3461328939681;01;01;1;2;1;04;0;0;0
5;52;6926868;M001;9.2014999191275;01;01;1;1;2;12;0;0;0
5;52;3657882;M001;12.575362655317;01;01;1;2;1;14;0;0;0
5;52;2770744;M001;8.3767847787986;01;01;1;2;1;01;0;0;0
5;52;5577266;M001;8.6229433350763;01;01;1;3;2;16;0;0;0
5;52;4076452;M001;4.9230273180655;01;01;1;3;2;14;0;0;0
5;52;6358682;M001;9.7086210728866;01;01;1;3;1;11;0;0;0
5;52;3713078;M001;4.4605814459081;01;01;1;1;1;17;0;0;0
5;52;2963599;M001;9.6568669388705;01;01;1;4;2;09;0;0;0
5;52;7214720;M001;9.9724227833887;01;01;1;3;1;17;0;0;0
5;52;1294332;M001;9.6568669388705;01;01;1;2;2;12;0;0;0
5;52;3342535;M001;9.6568669388705;01;01;1;1;2;16;0;0;0
5;52;7380191;M001;9.8160543940984;01;01;1;4;2;15;0;0;0
5;52;4026173;M001;19.7575666448367;01;01;1;2;1;16;0;0;0
5;52;4204662;M001;9.8187807645122;01;01;1;4;1;17;0;0;0
5;52;1292792;M002;9.3289742138285;01;01;1;3;1;16;0;0;0
5;52;1927558;M001;31.4281690704032;01;01;1;3;1;17;0;0;0
5;52;5390952;M001;7.1903608186378;01;01;1;1;2;04;0;0;0
5;52;3717220;M001;11.0641334836102;01;01;1;3;2;16;0;0;0
5;52;3442784;M001;8.0677380225012;01;01;1;1;1;15;0;0;0
5;52;2778947;M001;6.1798981415538;01;01;1;4;2;11;0;0;0
5;52;4008627;M001;9.9996915972003;01;01;1;4;2;12;0;0;0
5;52;559608;M001;10.9486545540398;01;01;1;4;1;07;0;0;0
5;52;4782013;M001;12.9746168091362;01;01;1;3;1;17;0;0;0
5;52;29228;M001;10.1316102386166;01;01;1;4;1;17;0;0;0
5;52;5690935;M001;9.8160543940984;01;01;1;3;1;17;0;0;0
5;52;7363958;M001;10.1316102386166;01;01;1;4;2;17;0;0;0
5;52;3210700;M001;12.8924408354979;01;01;1;1;1;13;0;0;0
5;52;2663671;M001;9.6568669388705;01;01;1;1;2;15;0;0;0
5;52;7723000;M001;10.1372483704919;01;01;1;3;1;12;0;0;0
5;52;741515;M001;9.2470253632492;01;01;1;3;2;17;0;0;0
5;52;6481069;M001;11.8862561730638;01;01;1;3;1;01;0;0;0
5;52;4319303;M001;14.1240047347853;01;01;1;2;1;06;0;0;0
5;52;1793515;M001;11.9877010710495;01;01;1;3;2;09;0;0;0
5;52;6142108;M001;12.0465925731514;01;01;1;1;2;15;0;0;0
5;52;2897611;M001;8.5083391177329;01;01;1;1;1;13;0;0;0
5;52;6786814;M001;12.0465925731514;01;01;1;1;1;17;0;0;0
5;52;7201717;M001;11.4283315428837;01;01;1;4;1;17;0;0;0
5;52;4016589;M001;7.8293679535489;01;01;1;3;2;16;0;0;0
5;52;5371860;M001;7.0419354530998;01;01;1;3;1;17;0;0;0
5;52;3341537;M001;6.5048058367848;01;01;1;1;1;04;0;0;0
5;52;4754415;M001;8.0645934751155;01;01;1;3;1;11;0;0;0
5;52;3055786;M001;8.0677380225012;01;01;1;3;2;17;0;0;0
5;52;4614585;M001;12.8665645938544;01;01;1;2;1;16;0;0;0
5;52;4498286;M001;15.064583809742;01;01;1;3;1;10;0;0;0
5;52;5017866;M001;15.4671084338567;01;01;1;4;1;01;0;0;1
5;52;3937410;M001;2.1510764930465;01;01;1;2;1;13;0;0;0
5;52;3245646;M001;2.0674613215732;01;01;1;3;1;09;0;0;0
5;52;3245646;M002;2.0674613215732;01;01;1;2;1;12;0;0;0
5;52;3753665;M001;1.6295330580576;01;01;1;1;1;15;0;0;0
5;52;3373638;M001;2.1564073999293;01;01;1;2;1;12;0;0;0
5;52;2105355;M001;1.7111270281259;01;01;1;1;1;17;0;0;0
5;52;6430778;M001;1.93942943105;01;01;1;3;1;10;0;0;0
5;52;3698718;M001;1.9846981756781;01;01;1;4;1;14;0;0;0
5;52;6985277;M001;1.6759454657848;01;01;1;2;2;16;0;0;0
5;52;4799944;M001;2.405552073071;01;01;1;2;2;17;0;0;0
5;52;3315315;M001;2.613890095143;01;01;1;3;2;17;0;0;0
5;52;1059767;M001;1.9472721634334;01;01;1;4;1;17;0;0;0
5;52;3482216;M001;1.6180491081427;01;01;1;3;1;14;0;0;0
5;52;5123930;M001;2.5553048946222;01;01;1;2;1;13;0;0;0
5;52;6472482;M001;1.9699381040243;01;01;1;1;1;14;0;0;0
5;52;2884358;M001;1.9069156274758;08;01;2;4;1;17;0;0;0
5;52;2746142;M001;1.8545408873874;08;01;2;2;2;14;0;0;0
5;52;7531378;M001;2.414282300067;08;01;2;4;2;13;0;0;0
5;52;2185131;M001;2.2836331906045;08;01;2;1;1;01;0;0;0
5;52;2869018;M001;2.2315475940222;08;01;2;1;2;16;0;0;0
5;52;7745174;M001;2.2401596151921;08;01;2;3;2;11;0;0;0
5;52;2807433;M001;1.4024743906881;01;01;1;4;1;04;0;0;0
5;52;4961628;M001;2.5440217674221;01;01;1;2;1;17;0;0;0
5;52;3597890;M001;2.6698791377792;01;01;1;1;1;04;0;0;0
5;52;858330;M001;1.0000000000002;01;01;1;1;1;11;0;0;0
5;52;6105555;M001;2.0654390589374;01;01;1;3;2;10;0;0;0
5;52;4765389;M001;1.7111270281259;01;01;1;1;2;15;0;0;0
5;52;7217617;M001;2.6553136517753;01;01;1;4;2;01;0;0;0
5;52;684118;M001;2.673125702963;01;01;1;3;2;14;0;0;0
5;52;4295335;M001;2.4595055763903;01;01;1;3;2;17;0;0;0
5;52;7419866;M001;4.0049981339829;01;01;1;3;1;11;0;0;0
5;52;2846651;M001;2.8225442705341;01;01;1;4;2;10;0;0;0
5;52;2017198;M001;3.2051363255597;01;01;1;2;2;17;0;0;0
5;52;3012462;M001;4.0699174915316;01;01;1;1;1;17;0;0;0
5;52;2567397;M001;3.3251653510273;01;01;1;3;2;16;0;0;0
5;52;4394582;M002;2.6475668328901;01;01;1;3;2;17;0;0;0
5;52;4544906;M001;2.2620362963248;01;01;1;3;2;17;0;0;0
5;52;25464;M001;3.2893180742788;01;01;1;3;2;14;0;0;0
5;52;2767941;M001;1.8953774952818;01;01;1;3;2;17;0;0;0
5;52;3285391;M001;3.3929013893002;01;01;1;3;2;16;0;0;0
5;52;113390;M001;2.7380450605116;01;01;1;1;2;13;0;0;0
5;52;3852729;M001;3.1372023550994;01;01;1;3;1;10;0;0;0
5;52;2523871;M001;2.6720871006571;01;01;1;4;2;16;0;0;0
5;52;3985559;M001;3.1780713144217;01;01;1;3;2;13;0;0;0
5;52;5988780;M001;3.7393774530317;05;01;2;3;1;17;0;0;0
5;52;5192669;M001;2.2918327649279;08;01;2;3;2;15;0;0;0
5;52;3299589;M001;3.3028934418325;08;01;2;3;1;17;0;0;0
5;52;7141466;M001;3.7436847270956;08;01;2;1;1;14;0;0;0
5;52;7141466;M002;3.7436847270956;08;01;2;1;2;12;0;0;0
5;52;4564222;M001;2.0335378282303;08;01;2;3;2;17;0;0;0
5;52;2756198;M001;2.7996702896162;08;01;2;3;1;13;0;0;0
5;52;199553;M001;3.0991294504992;08;01;2;2;1;15;0;0;0
5;52;7793683;M001;3.1967863025536;08;01;2;1;1;04;0;0;0
5;52;238387;M001;2.9340609433965;08;01;2;3;2;17;0;0;0
5;52;6270525;M001;4.548079135358;08;01;2;1;1;10;0;0;0
5;52;188153;M001;2.8570540222427;01;01;1;1;2;12;0;0;0
5;52;781203;M001;3.2732538004426;01;01;1;4;1;15;0;0;0
5;52;6400567;M001;2.1481422882554;02;01;1;4;2;13;0;0;0
5;52;2325980;M001;1.9109289822003;02;01;1;4;1;14;0;0;0
5;52;2162923;M001;3.2308432494172;01;01;1;1;2;16;0;0;0
5;52;4397801;M001;3.1910398315543;01;01;1;1;2;11;0;0;0
5;52;639244;M001;3.9730197284011;01;01;1;3;1;12;0;0;0
5;52;2542521;M001;5.1553520103262;01;01;1;2;1;17;0;0;0
5;52;6377874;M001;5.2088626085115;01;01;1;4;1;15;0;0;0
5;52;6650053;M001;5.2055186323748;01;01;1;3;1;11;0;0;0
5;52;2934276;M001;5.3091958526087;01;01;1;1;1;17;0;0;0
5;52;495277;M001;5.2590292305601;01;01;1;2;2;07;0;0;0
5;52;1015685;M001;5.2088626085115;01;01;1;3;1;17;0;0;0
5;52;890386;M001;4.0318608995608;01;01;1;2;2;16;0;0;0
5;52;2154713;M001;5.4587682936305;01;01;1;4;2;12;0;0;0
5;52;6506843;M001;3.7245614786873;01;01;1;3;2;15;0;0;0
5;52;1972230;M001;1.7649725996292;01;01;1;1;2;17;0;0;0
5;52;680001;M001;5.3125398287454;01;01;1;4;2;17;0;0;0
5;52;6214626;M001;5.3091958526087;01;01;1;3;2;15;0;0;0
5;52;4484336;M001;5.2088626085115;01;01;1;1;1;16;0;0;0
5;52;112701;M001;5.2088626085115;01;01;1;1;1;14;0;0;0
5;52;4397836;M001;5.362706450794;01;01;1;2;1;12;0;0;0
5;52;5528268;M001;4.9948202157702;01;01;1;1;1;11;0;0;0
5;52;6817251;M001;5.3125398287454;01;01;1;1;1;16;0;0;0
5;52;2011005;M001;5.2590292305601;01;01;1;3;1;14;0;0;0
5;52;4325204;M001;5.2523412782866;01;01;1;3;1;08;0;0;0
5;52;5435910;M001;5.3125398287454;01;01;1;4;2;12;0;0;0
5;52;7576362;M001;5.0449868378188;01;01;1;4;1;07;0;0;0
5;52;3369282;M001;5.2088626085115;01;01;1;1;1;08;0;0;0
5;52;743241;M001;5.2088626085115;01;01;1;1;1;13;0;0;0
5;52;7632352;M001;5.3125398287454;01;01;1;3;2;11;0;0;0
5;52;2778311;M001;5.3058518764719;01;01;1;2;1;05;0;0;0
5;52;3767841;M001;5.2590292305601;01;01;1;1;2;17;0;0;0
5;52;525247;M001;5.2590292305601;01;01;1;1;1;17;0;0;0
5;52;1243922;M001;5.2055186323748;01;01;1;2;1;10;0;0;0
5;52;2969496;M001;5.3091958526087;01;01;1;3;1;07;0;0;0
5;52;5556663;M001;5.2590292305601;01;01;1;4;1;17;0;0;0
5;52;1005268;M001;5.0449868378188;01;01;1;2;1;12;0;0;0
5;52;7445558;M001;5.3593624746572;01;01;1;4;2;16;0;0;0
5;52;7359352;M001;5.202174656238;01;01;1;4;2;13;0;0;0
5;52;7224985;M001;5.2590292305601;01;01;1;2;2;17;0;0;0
5;52;20567;M001;5.3125398287454;01;01;1;2;2;13;0;0;0
5;52;20567;M002;5.3125398287454;01;01;1;4;1;13;0;0;0
5;52;2707821;M001;5.2590292305601;01;01;1;1;1;13;0;0;0
5;52;3676667;M001;5.2088626085115;01;01;1;2;2;17;0;0;0
5;52;1716940;M001;5.1520080341894;01;01;1;3;1;09;0;0;0
5;52;4614200;M001;5.2590292305601;01;01;1;1;1;15;0;0;0
5;52;1486629;M001;6.5637762133675;08;01;2;4;1;15;0;0;0
5;52;2539733;M001;5.3526745223837;01;01;1;1;1;05;0;0;0
5;52;5291942;M001;5.2088626085115;01;01;1;3;1;14;0;0;0
5;52;5291942;M002;5.2088626085115;01;01;1;2;2;12;0;0;0
5;52;7126914;M001;5.1520080341894;01;01;1;2;1;06;0;0;0
5;52;6027485;M001;5.1018414121409;01;01;1;4;1;14;0;0;0
5;52;1749662;M001;5.3125398287454;01;01;1;2;1;05;0;0;0
5;52;1749662;M002;5.3125398287454;01;01;1;2;1;04;0;0;0
5;52;1613997;M001;5.3058518764719;01;01;1;3;1;07;0;0;0
5;52;7050943;M002;5.3526745223837;01;01;1;1;2;14;0;0;0
5;52;7050943;M003;5.3526745223837;01;01;1;2;2;07;0;0;0
5;52;121758;M001;5.2590292305601;01;01;1;3;1;17;0;0;0
5;52;992459;M001;5.3593624746572;01;01;1;2;2;10;0;0;0
5;52;729413;M001;5.0902773457947;01;01;1;2;2;12;0;0;0
5;52;2826675;M001;8.2817767943913;08;01;2;3;1;17;0;0;0
5;52;2826675;M002;8.2817767943913;08;01;2;1;2;15;0;0;0
5;52;432527;M001;5.7411898256534;08;01;2;3;2;17;0;0;0
5;52;6724767;M001;4.3300322672351;01;01;1;4;2;17;0;0;0
5;52;2970857;M001;5.3444020860717;01;01;1;2;1;15;0;0;0
5;52;4861723;M001;5.1443886095841;01;01;1;3;1;11;0;0;0
5;52;5455107;M001;6.2403570262992;01;01;1;4;1;10;0;0;0
5;52;4737944;M001;4.0201126604905;01;01;1;1;1;16;0;0;0
5;52;2753349;M001;2.7016444848651;01;01;1;1;2;14;0;0;0
5;52;4007414;M001;3.8864154248799;01;01;1;3;2;12;0;0;0
5;52;5902943;M001;5.5466109423586;01;01;1;4;2;13;0;0;0
5;52;3755931;M001;6.3109437084867;01;01;1;1;1;01;0;0;0
5;52;1175395;M001;4.6080378084282;01;01;1;3;1;11;0;0;0
5;52;410835;M001;4.5003373897639;01;01;1;3;1;04;0;0;0
5;52;1120339;M001;3.0654752689239;01;01;1;2;2;08;0;0;0
5;52;5210862;M001;2.4888472874106;01;01;1;1;2;17;0;0;0
5;52;5210862;M002;2.4888472874106;01;01;1;3;1;13;0;0;0
5;52;2556242;M001;3.3851837706531;01;01;1;3;2;14;0;0;0
5;52;6055572;M001;3.3690077296489;01;01;1;4;2;17;0;0;0
5;52;903525;M001;2.5234511854609;01;01;1;4;2;17;0;0;0
5;52;5015394;M001;3.7737340576827;01;01;1;1;2;14;0;0;0
5;52;4766267;M001;2.9542772611363;01;01;1;3;1;17;0;0;0
5;52;516993;M001;1.9032058857366;01;01;1;1;1;15;0;0;0
5;52;5779101;M001;2.0884763984284;01;01;1;2;2;15;0;0;0
5;52;5779101;M002;2.0884763984284;01;01;1;4;1;04;0;0;0
5;52;232248;M001;3.8256924267394;01;01;1;1;2;14;0;0;0
5;52;232248;M002;3.8256924267394;01;01;1;4;2;09;0;0;0
5;52;5726341;M001;3.3170778652999;01;01;1;1;1;17;0;0;0
5;52;4894113;M001;3.7316948990641;01;01;1;4;1;17;0;0;0
5;52;3502590;M001;3.0751944055775;01;01;1;2;1;17;0;0;0
5;52;1807640;M001;2.6198298709911;01;01;1;4;2;09;0;0;0
5;52;966951;M001;3.7766845664672;01;01;1;1;1;15;0;0;0
5;52;81947;M001;2.4671176385042;01;01;1;1;1;09;0;0;0
5;52;7357887;M002;2.2516952274406;01;01;1;3;1;09;0;0;0
5;52;1426024;M001;3.0359582433255;01;01;1;3;2;17;0;0;0
5;52;4060832;M001;2.6113593779107;01;01;1;3;1;14;0;0;0
5;52;918615;M001;4.1074128834259;01;01;1;3;2;17;0;0;0
5;52;5432125;M001;3.1388016556142;01;01;1;4;1;14;0;0;0
5;52;5353574;M001;2.9000951410198;01;01;1;3;2;12;0;0;0
5;52;6260929;M001;4.3427555409554;01;01;1;2;2;12;0;0;0
5;52;6371879;M001;2.446995851832;01;01;1;1;1;09;0;0;0
5;52;6577512;M001;3.7455051805513;01;01;1;1;1;12;0;0;0
5;52;5378468;M001;3.1315883806646;01;01;1;3;2;17;0;0;0
5;52;5378468;M002;3.1315883806646;01;01;1;4;1;15;0;0;0
5;52;387455;M001;3.7144469649197;01;01;1;3;1;17;0;0;0
5;52;7642198;M001;3.367305219885;01;01;1;3;2;17;0;0;0
5;52;7642198;M002;3.367305219885;01;01;1;2;1;17;0;0;0
5;52;5453642;M001;3.9299155727115;01;01;1;2;2;15;0;0;0
5;52;7142033;M001;2.4797113302955;01;01;1;1;1;15;0;0;0
5;52;7046114;M001;2.8873230892832;01;01;1;3;2;17;0;0;0
5;52;3539040;M001;3.7723633140428;08;01;2;3;1;15;0;0;0
5;52;4838192;M001;3.8849625219477;08;01;2;1;2;08;0;0;0
5;52;5023773;M001;2.9683154948538;08;01;2;3;1;15;0;0;0
5;52;221385;M001;4.4813514818961;01;01;1;4;1;16;0;0;0
5;52;7600116;M001;3.0766108744563;01;01;1;3;1;17;0;0;0
5;52;448630;M001;3.6347574695582;01;01;1;4;2;16;0;0;0
5;52;2710637;M001;3.7030207440325;01;01;1;3;1;07;0;0;0
5;52;4366427;M001;4.731300846311;08;01;2;4;1;17;0;0;0
5;52;6044245;M001;10.0000000000002;08;01;2;1;2;13;0;0;0
5;52;2331808;M001;2.9926755362381;08;01;2;4;1;14;0;0;0
5;52;7152632;M001;3.8306085901918;08;01;2;4;1;11;0;0;0
5;52;6276116;M001;3.0977277668301;08;01;2;1;1;08;0;0;0
5;52;5103508;M001;4.1842079188556;08;01;2;4;1;17;0;0;0
5;52;970666;M001;3.178617007997;01;01;1;3;2;17;0;0;0
5;52;5685807;M001;2.5636920572456;01;01;1;2;2;13;0;0;0
5;52;629149;M001;3.7416964483925;01;01;1;3;2;15;0;0;0
5;52;5673240;M001;2.7277019367419;01;01;1;1;2;17;0;0;0
5;52;4900239;M001;4.5593938332817;01;01;1;3;1;12;0;0;0
5;52;5385543;M001;3.6609115553793;01;01;1;4;2;15;0;0;0
5;52;5310943;M001;3.1637674595241;01;01;1;3;2;06;0;0;0
5;52;404483;M001;4.1893952969037;01;01;1;2;2;17;0;0;0
5;52;7083631;M001;2.6267595233451;01;01;1;1;1;16;0;0;0
5;52;6222933;M001;2.9808065285688;01;01;1;3;1;07;0;0;0
5;52;3492122;M001;3.5732699738463;01;01;1;3;2;14;0;0;0
5;52;4189438;M001;3.3046516468309;01;01;1;3;1;14;0;0;0
5;52;4372831;M001;2.9763523500448;01;01;1;2;1;14;0;0;0
5;52;6843604;M001;3.0105787457533;08;01;2;1;1;17;0;0;0
5;52;4965479;M001;1.8916784574497;08;01;2;2;1;10;0;0;0
5;52;6643365;M001;3.4191076911289;08;01;2;3;2;12;0;0;0
5;52;4966854;M001;2.6127227178656;08;01;2;2;1;16;0;0;0
5;52;7207085;M001;2.3366066491712;08;01;2;1;1;14;0;0;0
5;52;3261776;M001;2.6444089810971;08;01;2;1;1;16;0;0;0
5;52;4729127;M001;3.0180160046365;08;01;2;4;2;08;0;0;0
5;52;816286;M001;6.879132309038;01;01;1;3;2;12;0;0;0
5;52;816286;M002;6.879132309038;01;01;1;3;2;17;0;0;0
5;52;930106;M001;4.2499693276664;01;01;1;4;1;08;0;0;0
5;52;3349326;M001;9.5315871551555;01;01;1;2;1;14;0;0;0
5;52;3589980;M001;1.8467597740161;01;01;1;2;1;14;0;0;0
5;52;2817763;M001;4.5963588250412;01;01;1;4;2;16;0;0;0
5;52;6211576;M001;3.462145692579;01;01;1;1;2;13;0;0;0
5;52;2672805;M001;3.5823483319702;01;01;1;4;2;16;0;0;0
5;52;1120843;M001;3.1110492320187;01;01;1;4;2;17;0;0;0
5;52;5625997;M001;7.0420544334581;01;01;1;3;1;10;0;0;0
5;52;6426112;M001;4.3306570049092;01;01;1;1;1;15;0;0;0
5;52;7462179;M001;6.10875386426;01;01;1;4;2;17;0;0;0
5;52;278847;M001;4.8736097192154;01;01;1;2;1;16;0;0;0
5;52;2855061;M001;4.7305463665629;01;01;1;1;1;14;0;0;0
5;52;3495732;M001;7.2302069121383;01;01;1;1;2;13;0;0;0
5;52;4834274;M001;4.341902748127;01;01;1;3;1;12;0;0;0
5;52;5533562;M001;3.462145692579;01;01;1;2;2;17;0;0;0
5;52;5027796;M001;6.1356420198906;01;01;1;3;2;11;0;0;0
5;52;229281;M001;6.1425612668155;01;01;1;3;1;17;0;0;0
5;52;6261874;M001;3.2344329770833;01;01;1;3;1;15;0;0;0
5;52;1747655;M001;3.462145692579;01;01;1;1;2;99;0;0;1
5;52;2928034;M001;2.7388248059055;01;01;1;3;1;13;0;0;0
5;52;7153898;M001;5.7641628535905;05;01;2;3;1;15;0;0;0
5;52;693685;M001;6.4484946667437;01;01;1;1;1;09;0;0;0
5;52;5700569;M001;4.8253967051496;01;01;1;1;2;17;0;0;0
5;52;6076448;M001;3.9455463353222;01;01;1;2;1;12;0;0;0
5;52;829184;M001;4.4754495390885;01;01;1;3;1;07;0;0;0
5;52;6659602;M001;4.7849101442294;01;01;1;1;2;15;0;0;0
5;52;6418868;M001;4.4948586986757;01;01;1;2;2;05;0;0;0
5;52;7588403;M001;3.9718407546184;02;01;1;3;1;16;0;0;0
5;52;2765834;M001;7.0445671257389;05;01;2;2;1;11;0;0;0
5;52;1477432;M001;5.7641628535905;05;01;2;3;1;16;0;0;0
5;52;4791172;M001;3.2236679443752;02;01;1;3;2;16;0;0;0
5;52;3686733;M001;5.796229363837;02;01;1;4;1;15;0;0;0
5;52;1081893;M001;4.6832639937995;02;01;1;3;2;17;0;0;0
5;52;4011987;M001;4.9243964821458;01;01;1;4;1;14;0;0;0
5;52;4011987;M002;4.9243964821458;01;01;1;4;2;14;0;0;0
5;52;6272919;M001;10.5290950702094;01;01;1;4;1;07;0;0;0
5;52;6098067;M001;7.2172957251402;01;01;1;4;2;17;0;0;0
5;52;1184587;M001;9.9104878999246;01;01;1;4;1;17;0;0;0
5;52;7320201;M001;10.7140519295368;01;01;1;3;1;05;0;0;0
5;52;5292570;M001;9.9104878999246;01;01;1;2;1;12;0;0;0
5;52;7792732;M001;8.5161864876689;01;01;1;3;2;12;0;0;0
5;52;7792732;M002;8.5161864876689;01;01;1;3;2;17;0;0;0
5;52;5032366;M001;9.7135754390434;01;01;1;3;1;16;0;0;0
5;52;3862042;M001;9.7135754390434;01;01;1;2;2;16;0;0;0
5;52;1713199;M001;10.7140519295368;01;01;1;3;2;14;0;0;0
5;52;120489;M001;9.9104878999246;01;01;1;3;2;09;0;0;0
5;52;868603;M001;11.1078768512992;01;01;1;2;2;16;0;0;0
5;52;491542;M001;12.1083533417925;01;01;1;4;1;11;0;0;0
5;52;5122874;M002;10.5290950702094;01;01;1;3;1;16;0;0;0
5;52;4125993;M001;8.3783765639442;01;01;1;1;1;17;0;0;0
5;52;2474113;M001;12.7978562392543;01;01;1;3;2;17;0;0;0
5;52;4956436;M001;8.3731463741165;01;01;1;3;2;08;0;0;0
5;52;7520527;M001;5.0125407967245;01;01;1;3;2;14;0;0;0
5;52;664703;M001;10.6978986665045;01;01;1;3;1;14;0;0;0
5;52;2935049;M001;8.1856217860778;01;01;1;4;2;13;0;0;0
5;52;7373010;M001;9.0207010693371;01;01;1;2;2;15;0;0;0
5;52;2595544;M001;7.2171762982445;01;01;1;1;1;06;0;0;0
5;52;1957412;M001;8.6690309736848;01;01;1;3;1;17;0;0;0
5;52;6845309;M001;8.7821774862269;01;01;1;2;2;13;0;0;0
5;52;5941651;M001;10.9924519594255;01;01;1;3;2;17;0;0;0
5;52;3010228;M001;11.3047893121803;01;01;1;2;2;11;0;0;0
5;52;5845632;M001;9.9104878999246;01;01;1;4;2;17;0;0;0
5;52;6936712;M001;10.7140519295368;01;01;1;2;1;13;0;0;0
5;52;1353089;M001;8.5161864876689;01;01;1;1;2;07;0;0;0
5;52;5657372;M001;9.7135754390434;01;01;1;3;2;12;0;0;0
5;52;2378991;M001;10.910964390418;01;01;1;1;2;08;0;0;0
5;52;1973265;M001;9.7135754390434;01;01;1;2;1;14;0;0;0
5;52;2938609;M001;9.5166629781623;01;01;1;4;1;17;0;0;0
5;52;1440785;M001;12.1083533417925;01;01;1;3;1;12;0;0;0
5;52;805197;M001;9.9104878999246;01;01;1;2;2;17;0;0;0
5;52;3493708;M001;11.1078768512992;01;01;1;1;2;16;0;0;0
5;52;3493708;M002;11.1078768512992;01;01;1;2;1;15;0;0;0
5;52;42044;M001;9.9104878999246;01;01;1;1;1;17;0;0;0
5;52;2714055;M001;10.7140519295368;08;01;2;1;2;09;0;0;0
5;52;2714055;M002;10.7140519295368;08;01;2;1;1;05;0;0;0
5;52;4040709;M001;11.5017017730615;08;01;2;1;2;13;0;0;0
5;52;609318;M001;10.7140519295368;08;01;2;4;1;14;0;0;0
5;52;511479;M001;9.5166629781623;08;01;2;3;1;15;0;0;0
5;52;541216;M001;13.5026547540483;02;01;1;2;1;17;0;0;0
5;52;3389807;M001;10.9661852309158;01;01;1;2;2;17;0;0;0
5;52;4730741;M001;7.2951104591252;01;01;1;1;2;16;0;0;0
5;52;2817681;M001;7.4668623072523;01;01;1;4;1;17;0;0;0
5;52;6533937;M001;20.3285093478866;01;01;1;3;2;10;0;0;0
5;52;4640186;M001;7.9554579027688;01;01;1;4;2;15;0;0;0
5;52;225062;M001;7.7539460084177;01;01;1;2;1;17;0;0;0
5;52;806669;M001;10.7876178709879;01;01;1;3;1;05;0;0;0
5;52;2525701;M001;11.1078768512992;01;01;1;1;2;15;0;0;0
5;52;7548213;M001;8.5161864876689;01;01;1;1;2;17;0;0;0
5;52;3568452;M001;9.7135754390434;01;01;1;1;1;17;0;0;0
5;52;1260252;M001;9.9104878999246;01;01;1;2;1;04;0;0;0
5;52;687855;M001;11.1078768512992;01;01;1;3;1;17;0;0;0
5;52;6601785;M001;7.3663339230957;01;01;1;2;2;15;0;0;0
5;52;5724293;M001;7.7969432064207;01;01;1;3;2;15;0;0;0
5;52;3539223;M001;9.313806237619;01;01;1;2;2;15;0;0;0
5;52;3596071;M001;9.3255656229926;01;01;1;1;2;01;0;0;0
5;52;6742981;M001;8.2296937613663;01;01;1;3;1;14;0;0;0
5;52;7449787;M001;10.7450554249943;01;01;1;4;1;15;0;0;0
5;52;6204872;M001;12.4408575991712;01;01;1;2;1;14;0;0;0
5;52;2310957;M001;8.2137869493049;01;01;1;4;2;15;0;0;0
5;52;501460;M001;8.1976949924477;01;01;1;1;2;16;0;0;0
5;52;2203919;M001;9.7378849584802;01;01;1;3;1;10;0;0;0
5;52;1005753;M001;7.7184212847858;01;01;1;2;1;09;0;0;0
5;52;6225122;M001;7.3110172711867;01;01;1;3;2;13;0;0;0
5;52;4301780;M001;8.4609173495822;01;01;1;1;2;14;0;0;0
5;52;3576143;M001;6.8557732468067;01;01;1;2;2;14;0;0;0
5;52;4865873;M001;11.139665282192;01;01;1;1;2;12;0;0;0
5;52;7604024;M001;13.7801849602786;01;01;1;3;1;12;0;0;0
5;52;6555875;M001;13.7731616911455;01;01;1;3;1;16;0;0;0
5;52;3193328;M001;7.0508023794056;01;01;1;3;1;12;0;0;0
5;52;840719;M001;12.8766564267169;01;01;1;3;2;15;0;0;0
5;52;6378776;M001;10.7140519295368;01;01;1;2;1;11;0;0;0
5;52;2352723;M001;9.5166629781623;01;01;1;1;1;15;0;0;0
5;52;5721913;M001;8.5161864876689;01;01;1;3;1;15;0;0;0
5;52;1176821;M001;6.6513938334665;01;01;1;1;1;12;0;0;0
5;52;1176821;M002;6.6513938334665;01;01;1;2;1;17;0;0;0
5;52;3591465;M001;17.865423828955;01;01;1;2;1;14;0;0;0
5;52;6006968;M001;6.5160992026524;01;01;1;2;2;16;0;0;0
5;52;4279025;M001;8.3729277192643;01;01;1;4;1;12;0;0;0
5;52;2782121;M001;6.678759670211;01;01;1;2;1;16;0;0;0
5;52;1118550;M001;11.5937134844939;01;01;1;3;2;12;0;0;0
5;52;3562874;M001;12.3387419615861;01;01;1;4;1;16;0;0;0
5;52;5093178;M001;8.7341644353415;01;01;1;2;1;14;0;0;0
5;52;2056805;M001;8.4784998040938;01;01;1;1;2;17;0;0;0
5;52;4899614;M001;6.6949457302716;01;01;1;3;2;15;0;0;0
5;52;7659746;M001;13.8622797884128;01;01;1;1;2;16;0;0;0
5;52;7659746;M002;13.8622797884128;01;01;1;3;1;16;0;0;0
5;52;7725479;M001;10.6551025075868;01;01;1;2;1;10;0;0;0
5;52;7262508;M001;20.7000155076403;01;01;1;1;2;11;0;0;0
5;52;4982751;M001;9.3175237764583;01;01;1;3;2;12;0;0;0
5;52;1281949;M001;9.136240325028;01;01;1;1;2;13;0;0;0
5;52;6890648;M001;10.514723896005;01;01;1;1;1;17;0;0;0
5;52;6443094;M001;6.1942745939072;01;01;1;2;2;11;0;0;0
5;52;5540898;M001;16.9325903622887;01;01;1;4;1;11;0;0;0
5;52;3527400;M001;14.0115955421145;01;01;1;4;1;17;0;0;0
5;52;5725304;M001;13.7657806789703;01;01;1;3;1;15;0;0;0
5;52;7034720;M001;6.5160992026524;01;01;1;1;1;13;0;0;0
5;52;19605;M001;16.2139911285147;01;01;1;1;2;06;0;0;0
5;52;796477;M001;9.136240325028;01;01;1;4;2;17;0;0;0
5;52;5781873;M001;11.3895689888433;01;01;1;1;1;13;0;0;0
5;52;2936770;M001;7.7529424654058;01;01;1;3;1;17;0;0;0
5;52;6497376;M001;6.5160992026524;01;01;1;3;1;13;0;0;0
5;52;5269331;M001;7.9073711849678;01;01;1;2;1;14;0;0;0
5;52;7586218;M001;12.9490878199735;01;01;1;1;1;16;0;0;0
5;52;5154495;M001;10.7899008467018;01;01;1;3;1;99;0;0;1
5;52;349958;M001;11.0783815504183;01;01;1;4;2;05;0;0;0
5;52;3406592;M001;12.7732655092281;01;01;1;3;1;08;0;0;0
5;52;4977225;M001;8.1006573517276;01;01;1;2;1;12;0;0;0
5;52;6455245;M001;14.2654839894379;01;01;1;3;1;15;0;0;0
5;52;3478622;M001;9.811858719083;08;01;2;2;1;17;0;0;0
5;52;6976809;M001;9.7979648804343;05;01;2;1;1;17;0;0;0
5;52;5395426;M001;9.3951230225617;05;01;2;3;2;12;0;0;0
5;52;5237224;M001;10.6687225970888;01;01;1;4;2;11;0;0;0
5;52;5900602;M001;2.0572839506173;01;01;1;3;1;12;0;0;0
5;52;2275553;M001;12.3387419615861;01;01;1;2;2;14;0;0;0
5;52;7422413;M001;7.8929733921673;01;01;1;4;2;15;0;0;0
5;52;563410;M001;17.7107672546871;01;01;1;4;1;14;0;0;0
5;52;692776;M001;13.9010753097844;01;01;1;3;1;11;0;0;0
5;52;5663051;M001;10.0062518330943;01;01;1;2;1;14;0;0;0
5;52;7317881;M001;13.835323818847;01;01;1;2;2;17;0;0;0
5;52;5099192;M001;8.3967566498568;01;01;1;1;2;15;0;0;0
5;52;520830;M001;21.98899479228;01;01;1;3;1;17;0;0;0
5;52;1080886;M001;14.254539611827;01;01;1;3;1;17;0;0;0
5;52;5150303;M001;10.3142755779174;01;01;1;2;1;14;0;0;0
5;52;5247952;M001;7.7322697577286;01;01;1;2;2;09;0;0;0
5;52;928277;M001;10.0062518330943;01;01;1;3;1;15;0;0;0
5;52;7756404;M001;9.9910194997668;01;01;1;3;1;17;0;0;0
5;52;4137811;M001;7.7683606762161;01;01;1;1;1;11;0;0;0
5;52;6574311;M001;18.8633561834391;01;01;1;2;2;17;0;0;0
5;52;4090273;M001;8.0521513481797;01;01;1;1;1;06;0;0;0
5;52;534882;M001;7.0004571458653;08;01;2;4;2;16;0;0;0
5;52;2704405;M001;15.7971313397836;08;01;2;1;1;04;0;0;0
5;52;6248660;M001;7.9854685188059;08;01;2;2;1;05;0;0;0
5;52;972769;M001;11.0754035141734;08;01;2;4;2;17;0;0;0
5;52;6310793;M001;15.4237340118988;08;01;2;3;1;16;0;0;0
5;52;7572254;M001;7.2003150836943;05;01;2;4;1;13;0;0;0
5;52;3759618;M001;6.6468366618011;08;01;2;3;1;13;0;0;0
5;52;3114499;M001;2.8410470380147;08;01;2;1;1;16;0;0;0
5;52;4467510;M001;12.7631658400736;08;05;2;2;2;15;0;0;0
5;52;4182934;M001;2.0339152119701;08;01;2;4;1;16;0;0;0
5;52;4712867;M001;9.3723612719347;08;01;2;3;2;11;0;0;0
5;52;846395;M001;9.4519386419157;08;01;2;3;2;17;0;0;0
5;52;842922;M001;12.9426958196848;08;01;2;4;2;16;0;0;0
5;52;2924100;M001;4.8555634621465;08;01;2;3;1;09;0;0;0
5;52;2250821;M001;6.8119310525568;08;01;2;3;1;11;0;0;0
5;52;6488829;M001;14.2972072836724;05;01;2;1;1;01;0;0;0
5;52;500849;M001;15.8312724974957;08;01;2;1;2;13;0;0;0
5;52;500849;M002;15.8312724974957;08;01;2;1;2;17;0;0;0
5;52;7580385;M001;7.780570368204;08;01;2;1;1;09;0;0;0
5;52;7290317;M001;1.5527821158531;01;01;1;2;1;10;0;0;0
5;52;2392106;M001;1.8456510607123;01;01;1;2;1;16;0;0;0
5;52;6783728;M001;2.2323136259968;01;01;1;4;1;12;0;0;0
5;52;6519116;M001;2.1978121667992;01;01;1;2;1;16;0;0;0
5;52;3687163;M001;2.4727397610194;01;01;1;4;1;17;0;0;0
5;52;2943911;M001;1.8673801309608;01;01;1;2;2;14;0;0;0
5;52;5625724;M001;2.0161897613154;01;01;1;1;2;16;0;0;0
5;52;2633125;M001;2.0530014839373;01;01;1;3;2;13;0;0;0
5;52;4384943;M001;2.1453850382076;01;01;1;4;1;16;0;0;0
5;52;5685156;M001;2.7767556172002;01;01;1;3;1;12;0;0;0
5;52;2932683;M001;1.979148772418;01;01;1;4;1;11;0;0;0
5;52;136335;M001;1.918521871713;01;01;1;2;1;15;0;0;0
5;52;5070451;M001;1.8390980392758;01;01;1;3;1;14;0;0;0
5;52;2173657;M001;1.8616475048718;08;01;2;1;1;01;0;0;0
5;52;7334758;M001;2.5395115455136;08;01;2;2;2;17;0;0;0
5;52;213274;M001;1.9494819153894;08;01;2;2;1;04;0;0;0
5;52;3042002;M001;2.0089055460729;01;01;1;4;1;15;0;0;0
5;52;2775099;M001;1.784651880302;08;01;2;4;1;16;0;0;0
5;52;7464330;M001;1.260138145063;08;01;2;3;1;16;0;0;0
5;52;924917;M001;1.6633663266074;01;01;1;1;2;17;0;0;0
5;52;5066937;M001;2.0341715165401;01;01;1;4;2;14;0;0;0
5;52;5584348;M001;2.1515216547737;01;01;1;3;1;16;0;0;0
5;52;5291412;M001;2.3542090344315;01;01;1;3;1;06;0;0;0
5;52;91960;M001;1.8589411047138;01;01;1;4;1;17;0;0;0
5;52;5694466;M001;1.8687707692949;01;01;1;3;2;09;0;0;0
5;52;6437731;M001;1.8052032119662;01;01;1;4;2;09;0;0;0
5;52;2992013;M001;1.8199377900045;01;01;1;2;1;11;0;0;0
5;52;44907;M001;1.8749176140194;01;01;1;4;2;15;0;0;0
5;52;746541;M001;1.6443782709825;01;01;1;4;2;09;0;0;0
5;52;5278150;M001;1.6828368963179;01;01;1;2;1;16;0;0;0
5;52;6342900;M001;1.535510354027;01;01;1;3;1;13;0;0;0
5;52;4639191;M001;1.3737623209947;01;01;1;3;1;15;0;0;0
5;52;23503;M001;2.5728605597632;01;01;1;2;1;09;0;0;0
5;52;5714724;M001;1.9981722621985;01;01;1;2;2;17;0;0;0
5;52;6856179;M001;1.6483306782391;01;01;1;4;2;16;0;0;0
5;52;2649211;M001;2.2086173028102;01;01;1;3;2;17;0;0;0
5;52;666318;M001;1.7117915646026;01;01;1;3;1;09;0;0;0
5;52;3780322;M001;1.9269287789769;01;01;1;3;1;13;0;0;0
5;52;5740064;M001;2.0505718887667;02;01;1;4;2;17;0;0;0
5;52;2273791;M001;3.361140431303;01;01;1;3;1;13;0;0;0
5;52;2487724;M001;6.4074119359411;01;01;1;1;1;13;0;0;0
5;52;2186499;M001;4.9960246504257;01;01;1;2;1;10;0;0;0
5;52;1973897;M001;4.5370569725798;01;01;1;3;1;16;0;0;0
5;52;1643885;M001;5.8540261953971;01;01;1;3;2;13;0;0;0
5;52;64565;M001;3.7810171646778;01;01;1;3;2;17;0;0;0
5;52;2150161;M001;8.8257260737762;01;01;1;4;2;15;0;0;0
5;52;1719271;M001;3.7135116165965;01;01;1;1;1;02;0;0;0
5;52;7481635;M001;3.0575780645881;01;01;1;3;2;10;0;0;0
5;52;7481635;M002;3.0575780645881;01;01;1;3;2;17;0;0;0
5;52;7481635;M003;3.0575780645881;01;01;1;3;1;10;0;0;0
5;52;2636727;M001;4.6612408431677;01;01;1;4;2;16;0;0;0
5;52;846958;M001;4.6202216776888;01;01;1;2;1;09;0;0;0
5;52;5300355;M001;5.1039391422249;01;01;1;2;1;05;0;0;0
5;52;2484083;M001;2.9578207112211;01;01;1;3;1;15;0;0;0
5;52;7344981;M001;9.8913450490488;01;01;1;3;1;09;0;0;0
5;52;686659;M001;5.7384703274149;01;01;1;2;2;17;0;0;0
5;52;7666805;M001;6.3200394521721;01;01;1;3;2;12;0;0;0
5;52;4357541;M001;3.2071945659418;01;01;1;1;1;15;0;0;0
5;52;3771773;M001;6.5150412469065;01;01;1;2;1;15;0;0;0
5;52;6753364;M001;9.9933733908935;01;01;1;3;1;17;0;0;0
5;52;1959390;M001;4.7579341169191;01;01;1;4;2;17;0;0;0
5;52;5691683;M001;4.296988723514;01;01;1;3;2;14;0;0;0
5;52;7004950;M001;6.3433438525875;01;01;1;3;1;16;0;0;0
5;52;5490086;M001;3.2568516404743;01;01;1;4;1;15;0;0;0
5;52;3416417;M001;2.9712618478299;01;01;1;4;2;16;0;0;0
5;52;6212553;M001;5.9262052719617;01;01;1;2;1;04;0;0;0
5;52;1929262;M002;5.6860517791464;02;01;1;4;2;01;0;0;0
5;52;541898;M001;4.0028192949049;01;01;1;2;1;15;0;0;0
5;52;6439837;M001;5.2687240488823;01;01;1;4;2;17;0;0;0
5;52;1924651;M001;6.4875938475848;01;01;1;3;1;16;0;0;0
5;52;5700549;M001;3.3745119094692;01;01;1;4;1;05;0;0;0
5;52;788429;M001;5.6250256283918;08;01;2;1;1;07;0;0;0
5;52;6117328;M001;6.9022686039262;08;01;2;1;1;08;0;0;0
5;52;1797547;M001;4.2573711276483;01;01;1;1;1;17;0;0;0
5;52;6137604;M001;5.8646058161174;01;01;1;3;1;17;0;0;0
5;52;5111466;M001;3.7036881531985;01;01;1;3;1;07;0;0;0
5;52;4134500;M001;7.0301949353476;01;01;1;1;1;15;0;0;0
5;52;6081676;M001;4.1355741664982;01;01;1;3;1;09;0;0;0
5;52;4865723;M001;3.5974524729798;01;01;1;2;2;14;0;0;0
5;52;3862911;M001;4.8410943808053;08;01;2;2;1;01;0;0;0
5;52;5246991;M001;6.5288111028866;02;01;1;4;1;14;0;0;0
5;52;2379864;M001;4.0395134695304;02;01;1;3;1;17;0;0;0
5;52;6445057;M001;3.9265376628246;08;01;2;3;2;15;0;0;0
5;52;6009930;M001;2.7656086814186;01;01;1;3;1;16;0;0;0
5;52;3141096;M001;4.3762775855717;01;01;1;1;2;17;0;0;0
5;52;299442;M001;6.3029590939795;01;01;1;3;1;16;0;0;0
5;52;2839883;M001;3.8927987785049;01;01;1;1;1;14;0;0;0
5;52;2690110;M001;3.7249620429801;01;01;1;3;2;08;0;0;0
5;52;6410020;M001;6.3029590939795;01;01;1;3;1;15;0;0;0
5;52;1644153;M001;5.7160525411287;01;01;1;4;2;06;0;0;0
5;52;3056335;M001;5.2878194631526;01;01;1;3;2;15;0;0;0
5;52;3793854;M001;6.4334437826509;01;01;1;3;2;01;0;0;0
5;52;3224943;M001;6.6672714973266;01;01;1;2;1;12;0;0;0
5;52;3809706;M001;5.7609951049095;01;01;1;3;2;01;0;0;0
5;52;4264063;M001;4.8064941524481;01;01;1;3;2;16;0;0;0
5;52;6164276;M001;3.8927987785049;01;01;1;1;1;16;0;0;0
5;52;3079050;M001;6.169216681646;01;01;1;1;2;17;0;0;0
5;52;3698392;M001;6.6928451994183;01;01;1;1;2;14;0;0;0
5;52;6597887;M001;4.9134780005781;01;01;1;2;2;12;0;0;0
5;52;4712564;M001;4.9497852606058;01;01;1;3;2;17;0;0;0
5;52;801739;M001;5.5987470156528;08;01;2;4;2;12;0;0;0
5;52;3044584;M001;5.0341204429145;05;01;2;3;2;17;0;0;0
5;52;3167709;M001;5.5176599662279;05;01;2;3;1;17;0;0;0
5;52;3167709;M002;5.5176599662279;05;01;2;4;2;17;0;0;0
5;52;1299103;M001;3.085062393129;08;01;2;3;2;08;0;0;0
5;52;7148046;M001;5.2773943774561;08;01;2;3;1;17;0;0;0
5;52;7148046;M002;5.2773943774561;08;01;2;3;2;17;0;0;0
5;52;2607392;M001;6.8912358304575;08;01;2;3;1;09;0;0;0
5;52;5107729;M001;5.2856981111433;01;01;1;3;2;03;0;0;0
5;52;2902537;M001;4.8095224293325;02;01;1;1;1;16;0;0;0
5;52;7685664;M001;4.3862269342056;01;01;1;2;2;01;0;0;0
5;52;3913001;M001;4.0699968261068;01;01;1;1;1;10;0;0;0
5;52;673868;M001;3.5954748774062;01;01;1;4;1;14;0;0;0
5;52;4619163;M001;3.5907571704858;01;01;1;2;2;11;0;0;0
5;52;7386714;M001;1.9721328670221;01;01;1;4;1;16;0;0;0
5;52;2957816;M001;4.1854172166656;01;01;1;2;1;17;0;0;0
5;52;3083943;M001;2.9986521639166;01;01;1;1;2;09;0;0;0
5;52;6325524;M001;4.6825634085773;01;01;1;1;1;14;0;0;0
5;52;414905;M001;4.3353039899182;01;01;1;4;2;16;0;0;0
5;52;5856848;M001;3.1470114532033;01;01;1;3;2;17;0;0;0
5;52;2727937;M001;2.1433671294099;01;01;1;2;2;17;0;0;0
5;52;135488;M001;3.3996116988743;01;01;1;1;1;11;0;0;0
5;52;3365695;M001;3.0191577291049;01;01;1;3;1;17;0;0;0
5;52;5206205;M001;2.4817370976907;01;01;1;3;1;15;0;0;0
5;52;364727;M001;2.6438564927835;01;01;1;2;1;10;0;0;0
5;52;1920116;M001;3.088153334091;01;01;1;3;2;17;0;0;0
5;52;2849840;M001;3.8472495461058;01;01;1;4;2;17;0;0;0
5;52;6939413;M001;2.4116079407677;01;01;1;1;1;13;0;0;0
5;52;7470410;M001;3.175135586198;01;01;1;1;1;11;0;0;0
5;52;552891;M001;3.6280658636643;01;01;1;3;1;15;0;0;0
5;52;2991293;M001;3.4541290030204;01;01;1;3;1;17;0;0;0
5;52;4246370;M001;3.3209865233176;01;01;1;1;1;17;0;0;0
5;52;5751647;M001;3.8818742381657;01;01;1;3;1;14;0;0;0
5;52;4210370;M001;1.5744937962096;08;01;2;1;2;17;0;0;0
5;52;2969935;M001;4.5529318700122;08;01;2;1;1;17;0;0;0
5;52;834567;M001;3.4190384866948;01;01;1;3;1;17;0;0;0
5;52;6607746;M001;3.1652867500656;02;01;1;3;1;99;0;0;1
5;52;5134786;M001;2.7640630329055;08;01;2;2;1;14;0;0;0
5;52;5195957;M001;3.5013453591773;08;01;2;1;1;16;0;0;0
5;52;1117998;M001;4.6468655427276;05;01;2;2;1;17;0;0;0
5;52;7625660;M001;2.2572359907178;08;01;2;3;2;01;0;0;1
5;52;2225718;M001;3.1874107062781;08;01;2;3;1;13;0;0;0
5;52;158105;M001;3.3454179351599;08;01;2;2;1;13;0;0;0
5;52;5921867;M001;4.2071074763876;01;01;1;4;1;08;0;0;0
5;52;6617864;M001;2.9674404595453;01;01;1;2;1;16;0;0;0
5;52;66958;M001;6.5282206922029;01;01;1;3;2;17;0;0;0
5;52;5769957;M001;2.6349395313865;01;01;1;4;1;17;0;0;0
5;52;1961537;M001;3.0633187662257;01;01;1;2;1;07;0;0;0
5;52;2788078;M001;4.4027575778663;01;01;1;3;1;15;0;0;0
5;52;7312902;M001;4.2336880641464;01;01;1;3;1;13;0;0;0
5;52;4126819;M001;3.109517353978;01;01;1;3;1;13;0;0;0
5;52;2098049;M001;6.056384375676;01;01;1;3;1;12;0;0;0
5;52;7474160;M001;2.3012149159203;01;01;1;1;2;08;0;0;0
5;52;2324795;M001;7.5677432634312;01;01;1;2;2;08;0;0;0
5;52;2324795;M002;7.5677432634312;01;01;1;3;2;08;0;0;0
5;52;135211;M001;2.4543624484047;01;01;1;4;1;14;0;0;0
5;52;4666278;M001;5.2727244147618;01;01;1;2;1;07;0;0;0
5;52;1226641;M001;3.967977246387;01;01;1;1;1;11;0;0;0
5;52;3678680;M001;6.0382904975133;01;01;1;1;2;11;0;0;0
5;52;6123798;M001;7.0525469661643;01;01;1;3;2;11;0;0;0
5;52;546670;M001;5.2157838618075;01;01;1;4;1;14;0;0;0
5;52;1355472;M001;5.7221136404643;01;01;1;1;2;14;0;0;0
5;52;5516417;M001;5.0235922684705;01;01;1;2;1;12;0;0;0
5;52;5751928;M001;3.9663001317493;01;01;1;3;1;10;0;0;0
5;52;3528019;M001;3.0658648774228;01;01;1;3;1;11;0;0;0
5;52;3829432;M001;4.2788605626101;01;01;1;4;1;14;0;0;0
5;52;2499090;M001;5.3701051590624;01;01;1;2;2;07;0;0;0
5;52;4358535;M001;5.7304593610283;08;01;2;1;2;10;0;0;0
5;52;7451644;M001;7.1198040675692;08;01;2;2;2;15;0;0;0
5;52;1181414;M001;3.5784956958175;08;01;2;4;1;17;0;0;0
5;52;6784294;M001;6.022177611155;08;01;2;3;2;17;0;0;0
5;52;762958;M001;6.0460579460523;01;01;1;1;2;17;0;0;0
5;52;4130975;M001;4.2945909832573;01;01;1;2;2;04;0;0;0
5;52;4948038;M001;4.8917770004377;01;01;1;3;1;17;0;0;0
5;52;6307992;M001;5.3582973302994;01;01;1;4;1;17;0;0;0
5;52;2718464;M001;2.4310705036034;01;01;1;4;1;12;0;0;0
5;52;5184931;M001;2.8607786603466;01;01;1;4;1;11;0;0;0
5;52;5814882;M001;2.6022500809217;01;01;1;4;1;13;0;0;0
5;52;2566687;M001;2.2767422339502;01;01;1;1;2;16;0;0;0
5;52;4839224;M001;4.724273506785;01;01;1;3;1;16;0;0;0
5;52;91889;M001;3.2482001741306;01;01;1;1;1;15;0;0;0
5;52;253579;M001;3.2954713562085;01;01;1;1;1;13;0;0;0
5;52;2790418;M001;2.2791936023568;01;01;1;3;2;08;0;0;0
5;52;4072176;M001;3.864124302279;01;01;1;1;1;08;0;0;0
5;52;2455977;M001;2.2236477305821;01;01;1;2;2;14;0;0;0
5;52;330935;M001;3.5812663328058;01;01;1;3;1;99;0;0;1
5;52;118087;M001;2.4446262608839;01;01;1;4;1;17;0;0;0
5;52;3954033;M001;4.0217241807089;01;01;1;1;1;13;0;0;0
5;52;2316576;M001;3.5961165979494;01;01;1;3;1;16;0;0;0
5;52;4540089;M001;3.0872758305744;01;01;1;3;1;12;0;0;0
5;52;5236838;M001;3.8612601653384;01;01;1;3;1;16;0;0;0
5;52;5875139;M001;3.802251083439;01;01;1;1;1;14;0;0;0
5;52;179610;M001;2.369119891042;01;01;1;2;2;10;0;0;1
5;52;6890220;M001;3.3754502028933;01;01;1;1;1;15;0;0;0
5;52;6834953;M001;4.4490828006988;01;01;1;1;1;13;0;0;0
5;52;6206673;M001;3.5406774252817;01;01;1;1;1;17;0;0;0
5;52;4597084;M001;1.8707704232763;01;01;1;1;1;15;0;0;0
5;52;836702;M001;4.0434868294114;01;01;1;3;2;13;0;0;0
5;52;1723067;M001;4.2375382947534;05;01;2;3;2;14;0;0;0
5;52;231142;M001;2.435784397744;05;01;2;4;1;16;0;0;0
5;52;6346802;M001;3.0243629149956;08;01;2;4;2;17;0;0;0
5;52;1675941;M001;3.3092659186092;08;01;2;4;1;17;0;0;0
5;52;1183201;M001;10.4159465959281;01;01;1;1;1;14;0;0;0
5;52;7162633;M001;9.5561984342059;01;01;1;2;1;11;0;0;0
5;52;7384716;M001;11.6517224636329;01;01;1;1;1;15;0;0;0
5;52;1103485;M001;6.6975030941816;01;01;1;1;1;10;0;0;0
5;52;6515389;M001;6.3930636376687;01;01;1;3;2;17;0;0;0
5;52;6563401;M001;9.9293348870605;01;01;1;1;1;16;0;0;0
5;52;974701;M001;6.9542655433343;01;01;1;1;1;17;0;0;0
5;52;278161;M001;8.9737253558538;01;01;1;3;1;15;0;0;0
5;52;5540332;M001;11.2849182472113;01;01;1;2;1;14;0;0;0
5;52;3912885;M001;8.3981962483226;01;01;1;4;2;17;0;0;0
5;52;1539651;M001;8.9584181174186;01;01;1;1;1;14;0;0;0
5;52;1891072;M001;9.4581719470915;01;01;1;3;1;17;0;0;0
5;52;1847546;M001;15.2014582139518;01;01;1;2;1;10;0;0;0
5;52;6954260;M001;7.6492691996758;01;01;1;4;1;15;0;0;0
5;52;4105929;M001;6.7125423991213;01;01;1;1;1;11;0;0;0
5;52;972298;M001;10.1615318610723;01;01;1;4;2;09;0;0;0
5;52;5592355;M001;10.9810885834117;01;01;1;1;1;15;0;0;0
5;52;440613;M001;8.2560582520119;01;01;1;2;1;08;0;0;0
5;52;6411923;M001;8.7437476733528;01;01;1;2;1;16;0;0;0
5;52;4782981;M001;8.2318016869876;01;01;1;1;1;08;0;0;0
5;52;4979895;M001;7.4657620530004;01;01;1;1;1;15;0;0;0
5;52;2727411;M001;8.5577258785813;01;01;1;3;2;14;0;0;0
5;52;641820;M001;11.367443428338;01;01;1;1;1;05;0;0;0
5;52;4442783;M001;6.4440684552248;01;01;1;1;2;15;0;0;0
5;52;6106489;M001;9.3445070735507;01;01;1;2;1;09;0;0;0
5;52;5978615;M001;8.7432838972614;01;01;1;1;1;07;0;0;0
5;52;7643125;M001;9.012614559361;01;01;1;2;1;12;0;0;0
5;52;2565527;M001;9.908027216337;01;01;1;1;1;10;0;0;0
5;52;417700;M001;11.8232734972672;01;01;1;2;1;12;0;0;0
5;52;754793;M001;12.7681145587625;01;01;1;1;1;17;0;0;0
5;52;5545522;M001;11.1300445926409;01;01;1;3;1;06;0;0;0
5;52;1445968;M001;8.7368685455103;01;01;1;2;2;17;0;0;0
5;52;6353247;M001;8.3594461653333;01;01;1;3;2;15;0;0;0
5;52;6290781;M001;9.7480920053116;01;01;1;2;2;17;0;0;0
5;52;2871905;M001;9.8336854709609;01;01;1;1;2;15;0;0;0
5;52;1277167;M001;11.0441553650494;01;01;1;1;1;13;0;0;0
5;52;2373847;M001;9.7480920053116;01;01;1;3;1;17;0;0;0
5;52;5040764;M001;10.090465867909;01;01;1;4;1;08;0;0;0
5;52;1873864;M001;9.6250053876813;01;01;1;1;2;13;0;0;0
5;52;1261048;M001;10.1279590198899;01;01;1;3;2;17;0;0;0
5;52;7155761;M001;9.9192789366103;01;01;1;3;1;14;0;0;0
5;52;1417940;M001;4.3580809229863;01;01;1;4;2;17;0;0;0
5;52;2073506;M001;4.5504577831359;01;01;1;2;1;04;0;0;0
5;52;6197676;M001;5.6018183847293;01;01;1;4;2;12;0;0;0
5;52;7701227;M001;3.5726771869334;01;01;1;1;2;14;0;0;0
5;52;653133;M001;12.9550163508015;01;01;1;3;1;05;0;0;0
5;52;3056884;M001;8.7333616122912;01;01;1;2;2;10;0;0;0
5;52;1722620;M001;1.9535269709544;01;01;1;4;1;08;0;0;0
5;52;1496322;M001;4.0219878373353;01;01;1;2;1;09;0;0;0
5;52;2063853;M001;7.0145073953707;01;01;1;2;2;15;0;0;0
5;52;7048213;M001;10.4076253040751;02;01;1;2;1;05;0;0;0
5;52;1443068;M001;11.0961155073726;02;01;1;2;2;06;0;0;0
5;52;5191953;M001;16.2390627069104;02;01;1;2;1;09;0;0;0
5;52;4990090;M001;17.9474722548147;01;01;1;2;1;17;0;0;0
5;52;2839693;M001;11.5473842753878;01;01;1;3;1;11;0;0;0
5;52;898750;M001;12.2998211777232;01;01;1;1;1;06;0;0;0
5;52;4417369;M001;12.566135961386;01;01;1;1;1;17;0;0;0
5;52;2410017;M001;10.4242670541019;01;01;1;2;1;17;0;0;0
5;52;3891428;M001;11.7112377908452;01;01;1;1;2;16;0;0;0
5;52;4896612;M001;12.1004002685361;01;01;1;2;2;17;0;0;0
5;52;826569;M001;8.7556796596309;01;01;1;3;1;14;0;0;0
5;52;7356959;M001;9.8360361007478;01;01;1;2;1;11;0;0;0
5;52;7356959;M002;9.8360361007478;01;01;1;4;1;09;0;0;0
5;52;926707;M001;7.3139315755175;01;01;1;3;1;17;0;0;0
5;52;3433383;M001;6.2513352379819;01;01;1;4;1;11;0;0;0
5;52;3210893;M001;7.024387290293;01;01;1;4;2;11;0;0;0
5;52;7542569;M001;7.1671434031955;01;01;1;2;1;14;0;0;0
5;52;7584435;M001;11.3551143310889;01;01;1;3;1;17;0;0;0
5;52;6466750;M001;6.0660828826734;01;01;1;2;1;17;0;0;0
5;52;3052535;M001;4.8715817576507;01;01;1;3;2;15;0;0;0
5;52;6100671;M001;14.2511708379566;01;01;1;3;2;11;0;0;0
5;52;6948554;M001;9.0041950922628;01;01;1;2;2;16;0;0;0
5;52;4600869;M001;6.2234498938272;01;01;1;1;2;17;0;0;0
5;52;4600869;M002;6.2234498938272;01;01;1;2;1;16;0;0;0
5;52;4600869;M003;6.2234498938272;01;01;1;3;1;09;0;0;0
5;52;4585128;M001;6.4304051946025;01;01;1;4;1;17;0;0;0
5;52;4588558;M001;16.1159166212828;01;01;1;1;2;16;0;0;0
5;52;6994553;M001;5.2509630828222;01;01;1;3;1;10;0;0;0
5;52;369260;M001;6.106605643576;01;01;1;2;1;12;0;0;0
5;52;369260;M002;6.106605643576;01;01;1;3;2;10;0;0;0
5;52;369260;M003;6.106605643576;01;01;1;3;1;05;0;0;0
5;52;469016;M001;3.7396734217786;01;01;1;4;2;16;0;0;0
5;52;5660843;M001;7.3146329031263;01;01;1;4;1;06;0;0;0
5;52;2250156;M001;11.7526298231861;01;01;1;4;1;07;0;0;0
5;52;511093;M001;17.220265907225;01;01;1;2;2;14;0;0;0
5;52;5650815;M001;7.988409815292;01;01;1;2;2;17;0;0;0
5;52;7020982;M001;10.2425607789481;01;01;1;3;2;12;0;0;0
5;52;6226605;M001;11.5451910435807;01;01;1;2;1;09;0;0;0
5;52;3472085;M001;13.1539537342272;01;01;1;3;1;16;0;0;0
5;52;4132356;M001;12.220800832835;01;01;1;3;2;06;0;0;0
5;52;5008494;M001;9.9115964715891;01;01;1;3;2;11;0;0;0
5;52;1494619;M001;10.6059242240819;01;01;1;1;1;05;0;0;0
5;52;7173957;M001;4.1031293985676;01;01;1;4;1;15;0;0;0
5;52;1072488;M001;3.4200839072895;01;01;1;4;1;14;0;0;0
5;52;91685;M001;4.3593758113991;01;01;1;2;1;10;0;0;0
5;52;3625782;M001;5.9819633499538;01;01;1;3;1;13;0;0;0
5;52;3437970;M001;5.2645766235018;01;01;1;2;2;13;0;0;0
5;52;3221771;M001;5.2506031337073;01;01;1;3;1;01;0;0;0
5;52;4625005;M001;4.0439010323069;01;01;1;4;2;05;0;0;0
5;52;3249116;M001;3.781314586878;01;01;1;2;2;14;0;0;0
5;52;1917992;M001;11.1879008754596;01;01;1;2;1;11;0;0;0
5;52;1455535;M001;11.0961155073726;01;01;1;3;1;12;0;0;0
5;52;1906438;M001;8.2495577439429;01;01;1;3;1;15;0;0;0
5;52;2383347;M001;8.5752881506282;08;01;2;3;2;17;0;0;0
5;52;5951437;M001;11.6721890163534;01;01;1;3;2;14;0;0;0
5;52;3306848;M001;6.8170261346644;01;01;1;2;1;05;0;0;0
5;52;6668618;M001;9.6495715089004;01;01;1;4;1;10;0;0;0
5;52;760293;M001;8.7100056594726;01;01;1;3;2;09;0;0;0
5;52;3422354;M001;3.85293236033;01;01;1;3;1;13;0;0;0
5;52;6819231;M001;13.0580882817134;01;01;1;2;1;10;0;0;0
5;52;2994245;M001;12.6123285658633;01;01;1;4;1;11;0;0;0
5;52;7266245;M001;5.3149536021356;01;01;1;1;2;17;0;0;0
5;52;5595896;M001;10.6951928880963;01;01;1;1;2;13;0;0;0
5;52;303302;M001;12.5395338704067;01;01;1;3;1;14;0;0;0
5;52;1699186;M001;7.4610140770826;01;01;1;1;1;01;0;0;0
5;52;1375352;M001;6.6348064505196;01;01;1;2;1;13;0;0;0
5;52;7153603;M001;10.8662354342025;01;01;1;3;2;08;0;0;0
5;52;728529;M001;12.1466631630641;01;01;1;3;2;17;0;0;0
5;52;1463289;M001;19.3515982160399;01;01;1;4;1;14;0;0;0
5;52;1937292;M001;5.6303056753401;02;01;1;1;2;13;0;0;0
5;52;6471946;M001;4.8771342264363;01;01;1;2;1;14;0;0;0
5;52;3664511;M001;4.7192897694496;01;01;1;3;1;10;0;0;0
5;52;663600;M001;9.992796857025;01;01;1;4;1;10;0;0;0
5;52;1603076;M001;6.1310156459887;01;01;1;1;1;13;0;0;0
5;52;1330631;M001;9.2264314309308;01;01;1;2;1;14;0;0;0
5;52;2688231;M001;9.3210036315842;01;01;1;4;2;15;0;0;0
5;52;4896755;M001;9.5679824057052;01;01;1;2;1;16;0;0;0
5;52;4828812;M001;11.5863271606773;01;01;1;4;2;17;0;0;0
5;52;1756716;M001;2.9999999999916;01;01;1;3;2;16;0;0;0
5;52;7681244;M001;18.5625809426451;01;01;1;2;2;16;0;0;0
5;52;1736193;M001;7.4725988269039;01;01;1;2;2;17;0;0;0
5;52;1318593;M001;4.6785670143631;01;01;1;4;2;12;0;0;0
5;52;73503;M001;4.5731722343289;01;01;1;4;1;17;0;0;0
5;52;3626844;M001;4.1625502036745;01;01;1;3;2;11;0;0;0
5;52;5766013;M001;5.2884979817417;01;01;1;3;2;10;0;0;0
5;52;4907177;M001;8.5021109417808;01;01;1;2;1;05;0;0;0
5;52;7331961;M001;3.6861321866128;01;01;1;1;2;10;0;0;0
5;52;247579;M001;3.8795033463132;01;01;1;4;2;17;0;0;0
5;52;5983507;M001;4.911695921168;01;01;1;4;2;09;0;0;0
5;52;3800670;M001;7.1047461981536;01;01;1;1;2;13;0;0;0
5;52;272505;M001;11.8561859389974;02;01;1;3;1;04;0;0;0
5;52;90215;M001;10.0526317381867;01;01;1;1;1;01;0;0;0
5;52;5682781;M001;10.0268527399315;02;01;1;3;1;17;0;0;0
5;52;7462415;M001;4.7192897694496;01;01;1;4;2;09;0;0;0
5;52;4805776;M001;4.7192897694496;01;01;1;4;2;15;0;0;0
5;52;7285892;M001;12.5033219861736;01;01;1;1;1;05;0;0;0
5;52;4825400;M001;5.8471354498163;01;01;1;2;2;14;0;0;0
5;52;6364481;M001;3.8537100296958;01;01;1;3;2;17;0;0;0
5;52;5787149;M001;5.0842658058305;01;01;1;1;1;01;0;0;0
5;52;5787149;M002;5.0842658058305;01;01;1;1;1;08;0;0;0
5;52;7794136;M001;9.377120901092;01;01;1;3;1;17;0;0;0
5;52;1875711;M001;4.3564574392561;01;01;1;3;1;15;0;0;0
5;52;6983477;M001;6.3907389131047;01;01;1;1;1;09;0;0;0
5;52;2584831;M001;2.6053093605451;01;01;1;3;2;17;0;0;0
5;52;2584831;M002;2.6053093605451;01;01;1;3;1;13;0;0;0
5;52;547916;M001;4.06863576576;01;01;1;1;1;17;0;0;0
5;52;710188;M001;8.6890765794238;02;01;1;1;1;11;0;0;0
5;52;74352;M001;9.0508209417083;01;01;1;4;2;17;0;0;0
5;52;2678576;M001;9.8596599705615;01;01;1;3;1;06;0;0;0
5;52;2058232;M001;9.9567720885912;01;01;1;2;1;09;0;0;0
5;52;2263248;M001;13.9889340101718;01;01;1;2;2;05;0;0;0
5;52;1276523;M001;7.9370706426567;01;01;1;2;1;11;0;0;0
5;52;2516281;M001;5.4901801158867;01;01;1;4;1;13;0;0;0
5;52;5010029;M001;10.0721400633808;01;01;1;1;2;15;0;0;0
5;52;5176083;M001;8.7135968615941;01;01;1;3;2;16;0;0;0
5;52;1534557;M001;11.2384838048033;01;01;1;4;1;12;0;0;0
5;52;3070092;M001;2.218098277393;01;01;1;2;2;14;0;0;0
5;52;640365;M001;3.9029789721842;01;01;1;3;1;11;0;0;0
5;52;1541721;M001;2.8820887488561;01;01;1;4;1;05;0;0;0
5;52;6549013;M001;2.2347473415416;01;01;1;2;2;17;0;0;0
5;52;4092070;M001;5.2513205698703;01;01;1;4;2;14;0;0;0
5;52;3287979;M001;3.6323642962491;01;01;1;3;1;17;0;0;0
5;52;1844859;M001;3.3265735359401;01;01;1;4;1;01;0;0;0
5;52;1440055;M001;3.2818461547445;01;01;1;4;1;17;0;0;0
5;52;506765;M001;1.0000000000003;01;01;1;2;2;17;0;0;0
5;52;506765;M002;1.0000000000003;01;01;1;1;2;11;0;0;0
5;52;6447297;M001;2.9468052212788;01;01;1;4;1;17;0;0;0
5;52;3241691;M001;2.2237721035534;01;01;1;1;1;17;0;0;0
5;52;546994;M001;1.9042740038685;01;01;1;1;2;14;0;0;0
5;52;7166490;M001;2.8820887488561;01;01;1;4;1;10;0;0;0
5;52;2927644;M001;3.1715025380949;01;01;1;4;2;17;0;0;0
5;52;4007387;M001;3.5571040755602;01;01;1;2;1;12;0;0;0
5;52;5982170;M001;4.1357055971633;01;01;1;4;1;10;0;0;0
5;52;6773060;M001;2.5439118597133;01;01;1;3;1;14;0;0;0
5;52;221233;M001;3.9458862871141;05;01;2;3;2;17;0;0;0
5;52;6180873;M001;2.708306172995;08;01;2;1;1;16;0;0;0
5;52;7044910;M001;5.5971023436568;01;01;1;2;1;10;0;0;0
5;52;5709039;M001;5.1049272291433;01;01;1;3;1;13;0;0;0
5;52;1538174;M001;5.3980280431145;01;01;1;2;1;11;0;0;0
5;52;5926059;M001;3.5100008056123;01;01;1;1;1;04;0;0;0
5;52;5811016;M001;5.0058838449592;01;01;1;1;2;14;0;0;0
5;52;7650812;M001;4.8667181900265;01;01;1;2;1;16;0;0;0
5;52;2116892;M001;4.7708469663527;01;01;1;3;1;13;0;0;0
5;52;5573619;M001;4.5890039879732;01;01;1;4;1;14;0;0;0
5;52;2361427;M001;3.652915482224;01;01;1;1;1;17;0;0;0
5;52;121369;M001;3.9651593830513;01;01;1;4;1;17;0;0;0
5;52;3244123;M001;4.8667181900265;01;01;1;1;1;15;0;0;0
5;52;7725175;M001;4.9564549895228;01;01;1;3;1;16;0;0;0
5;52;2037520;M001;2.5310948412301;01;01;1;4;1;17;0;0;0
5;52;2037520;M002;2.5310948412301;01;01;1;4;1;17;0;0;0
5;52;5226374;M001;4.4333093784741;01;01;1;2;1;11;0;0;0
5;52;5072713;M001;5.1886622458918;01;01;1;2;2;12;0;0;0
5;52;3064493;M001;3.7420649023847;01;01;1;3;2;12;0;0;0
5;52;4467124;M001;2.3501067377745;01;01;1;3;1;05;0;0;0
5;52;5632768;M001;4.6177848392809;01;01;1;4;2;14;0;0;0
5;52;1080625;M001;4.1228018891486;01;01;1;1;2;13;0;0;0
5;52;782885;M001;5.1725073880539;03;01;1;3;2;17;0;0;0
5;52;831344;M001;9.0260751078972;08;01;2;2;2;15;0;0;0
5;52;2760612;M001;3.2215508994132;08;01;2;2;1;07;0;0;0
5;52;4266112;M001;8.0349601325853;08;01;2;3;1;17;0;0;0
5;52;3707603;M001;3.0017377800911;08;01;2;3;2;15;0;0;0
5;52;845400;M001;5.7819434237005;08;01;2;3;2;10;0;0;0
5;52;7636124;M001;2.7389650321226;08;01;2;4;2;17;0;0;0
5;52;4485167;M001;4.515117566735;08;01;2;3;1;16;0;0;0
5;52;6126585;M001;2.7674593741626;08;01;2;2;2;16;0;0;0
5;52;6394190;M001;5.6079352711818;08;01;2;4;2;08;0;0;0
5;52;2357098;M001;6.2329039890467;03;01;1;1;2;10;0;0;0
5;52;3888246;M001;7.3617470064949;03;01;1;2;1;16;0;0;0
5;52;6697539;M001;4.3637059449978;03;01;1;2;2;15;0;0;0
5;52;6266455;M001;6.6282344405132;08;01;2;4;1;10;0;0;0
5;52;3727462;M001;6.6369806834245;08;01;2;2;2;17;0;0;0
5;52;3401903;M001;8.5095920790056;08;01;2;3;1;17;0;0;0
5;52;114002;M001;5.786323370673;08;01;2;1;1;17;0;0;0
5;52;7354847;M001;4.5068226353186;08;01;2;2;2;17;0;0;0
5;52;6052295;M001;5.3425587075379;08;01;2;2;2;17;0;0;0
5;52;1754003;M001;6.6810202089352;08;01;2;2;1;17;0;0;0
5;52;3590664;M001;7.3763117386989;08;01;2;4;2;17;0;0;0
5;52;1868399;M001;4.6976325046809;01;01;1;3;2;15;0;0;0
5;52;6897556;M001;4.8736217726856;01;01;1;3;1;10;0;0;0
5;52;7534279;M001;4.909794589191;01;01;1;3;1;10;0;0;0
5;52;6084121;M001;4.8152552117027;08;01;2;2;1;14;0;0;0
5;52;127173;M001;6.3124978438717;01;01;1;3;2;17;0;0;0
5;52;5739276;M001;5.7759203672442;08;01;2;1;2;17;0;0;0
5;52;6736873;M001;4.5587218354304;08;01;2;3;1;08;0;0;0
5;52;5921482;M001;5.0369833517444;08;01;2;3;2;17;0;0;0
5;52;2294334;M001;5.4813042254161;08;01;2;4;1;17;0;0;0
5;52;793957;M001;4.745426300855;08;01;2;3;2;16;0;0;0
5;52;5427251;M002;5.3249305348204;08;01;2;3;2;15;0;0;0
5;52;6513451;M001;3.4881848410547;01;01;1;4;1;11;0;0;0
5;52;5702452;M001;4.8971137561436;01;01;1;3;2;11;0;0;0
5;52;5521593;M001;3.7402890093379;01;01;1;4;2;16;0;0;0
5;52;3588456;M001;3.1555952309873;01;01;1;4;2;17;0;0;0
5;52;3638163;M001;1.6052347292819;01;01;1;3;1;16;0;0;0
5;52;6408240;M001;2.4091053655556;01;01;1;2;1;12;0;0;0
5;52;3324038;M002;2.9228550091342;01;01;1;4;2;15;0;0;0
5;52;7155762;M001;2.489660707689;01;01;1;4;2;14;0;0;0
5;52;6981085;M001;3.8464865321119;01;01;1;2;2;17;0;0;0
5;52;106195;M001;2.8912147540846;01;01;1;4;1;17;0;0;0
5;52;2533547;M001;2.0029069556674;01;01;1;4;2;16;0;0;0
5;52;187004;M001;2.489660707689;01;01;1;1;2;15;0;0;0
5;52;711733;M001;4.2424356844014;01;01;1;3;1;17;0;0;0
5;52;6733845;M001;2.3764204773695;01;01;1;3;2;16;0;0;0
5;52;509392;M001;2.4604985263588;01;01;1;4;2;13;0;0;0
5;52;4844001;M001;2.8068240534105;01;01;1;2;2;05;0;0;0
5;52;1583375;M001;4.0696078531411;01;01;1;4;1;12;0;0;0
5;52;4076099;M001;3.4739389759665;01;01;1;2;1;16;0;0;0
5;52;720842;M001;2.8118742174946;01;01;1;3;2;15;0;0;0
5;52;720842;M002;2.8118742174946;01;01;1;1;2;17;0;0;0
5;52;5040541;M001;3.6657482052812;08;01;2;1;1;17;0;0;0
5;52;7461144;M001;2.7011554779817;08;01;2;4;1;15;0;0;0
5;52;797655;M001;2.5478436272055;08;01;2;1;2;13;0;0;0
5;52;2038773;M001;3.7241808348821;08;01;2;3;1;17;0;0;0
5;52;3937218;M001;2.8991818355458;08;01;2;4;2;16;0;0;0
5;52;6797398;M001;3.0305894633669;08;01;2;3;1;15;0;0;0
5;52;1819629;M001;3.84959752152;01;01;1;1;2;10;0;0;0
5;52;4624452;M001;3.0156857928331;01;01;1;3;1;14;0;0;0
5;52;3203403;M001;3.4497128589095;01;01;1;2;2;17;0;0;0
5;52;5394440;M001;2.9196275049328;01;01;1;3;1;15;0;0;0
5;52;6379916;M001;2.9221493939206;01;01;1;3;1;15;0;0;0
5;52;7720367;M001;1.9824612289986;08;01;2;4;1;17;0;0;0
5;52;3190093;M001;3.8546989894613;08;01;2;4;2;17;0;0;0
5;52;2501550;M001;3.0658527377469;08;01;2;1;1;17;0;0;0
5;52;3185898;M001;2.7621978506696;01;01;1;2;2;12;0;0;0
5;52;4688646;M001;3.1956685165335;01;01;1;3;2;09;0;0;0
5;52;4688646;M002;3.1956685165335;01;01;1;3;1;13;0;0;0
5;52;611103;M001;1.8654843232188;01;01;1;2;1;09;0;0;0
5;52;414186;M001;4.7152304756643;01;01;1;4;1;15;0;0;0
5;52;82154;M001;2.3766881564071;01;01;1;3;2;17;0;0;0
5;52;4911494;M001;3.3826452115419;01;01;1;2;1;09;0;0;0
5;52;1048694;M001;2.1933694191231;01;01;1;4;2;17;0;0;0
5;52;2570061;M001;3.3268086165917;01;01;1;1;1;14;0;0;0
5;52;4963549;M001;3.9273245350462;01;01;1;1;1;05;0;0;0
5;52;2767542;M001;2.6733683625845;01;01;1;1;1;17;0;0;0
5;52;7618654;M001;2.4563867551237;01;01;1;3;2;17;0;0;0
5;52;1182850;M001;3.1017333325017;01;01;1;4;2;15;0;0;0
5;52;2838599;M001;2.8731196861031;01;01;1;3;1;17;0;0;0
5;52;114297;M001;4.7140887841879;01;01;1;1;1;08;0;0;0
5;52;7763584;M001;3.2148102767448;01;01;1;2;2;16;0;0;0
5;52;291277;M001;3.2150847702543;01;01;1;2;2;11;0;0;0
5;52;2437589;M001;2.4933192711758;01;01;1;3;2;17;0;0;0
5;52;7019713;M001;2.5604461024047;01;01;1;1;1;17;0;0;0
5;52;5843822;M001;2.145543384104;01;01;1;1;2;17;0;0;0
5;52;6887889;M001;2.3950293521607;01;01;1;2;1;11;0;0;0
5;52;387329;M001;2.5394652760106;01;01;1;1;2;17;0;0;0
5;52;7314747;M001;2.8890696636965;01;01;1;3;2;10;0;0;0
5;52;5231998;M001;3.1481504292596;01;01;1;3;2;08;0;0;0
5;52;5445936;M001;2.5253737417726;01;01;1;4;2;12;0;0;0
5;52;5445936;M002;2.5253737417726;01;01;1;4;2;17;0;0;0
5;52;3421754;M001;2.6959841153361;01;01;1;1;2;13;0;0;0
5;52;5713354;M001;2.3956988425187;08;01;2;4;1;16;0;0;0
5;52;7443070;M001;2.495808375545;01;01;1;4;1;14;0;0;0
5;52;7246938;M001;2.8852018183355;01;01;1;4;2;17;0;0;0
5;52;4326771;M001;2.9716297063325;01;01;1;3;2;17;0;0;0
5;52;5644585;M001;2.5761942154603;01;01;1;1;2;07;0;0;0
5;52;4632319;M001;2.8202823398835;01;01;1;4;2;16;0;0;0
5;52;4260883;M001;2.6550674777766;01;01;1;4;1;17;0;0;0
5;52;4771826;M001;2.6550674777766;01;01;1;4;1;10;0;0;0
5;52;4398766;M001;3.1102915200833;01;01;1;2;2;15;0;0;0
5;52;478014;M001;2.8946094362592;01;01;1;3;2;16;0;0;0
5;52;5107020;M001;2.935474636757;01;01;1;1;1;16;0;0;0
5;52;7327265;M001;4.0358477880903;01;01;1;1;1;15;0;0;0
5;52;7062735;M001;3.8065245676792;08;01;2;2;2;12;0;0;0
5;52;2340139;M001;2.5812192443063;01;01;1;3;2;17;0;0;0
5;52;6553259;M001;6.2929051689865;01;01;1;2;1;17;0;0;0
5;52;6373386;M001;11.301378999754;01;01;1;3;2;15;0;0;0
5;52;1012561;M001;11.8373278265691;01;01;1;4;2;99;0;0;1
5;52;7178395;M001;10.3946312184645;01;01;1;3;1;06;0;0;0
5;52;7226299;M001;10.8654239671171;01;01;1;3;2;12;0;0;0
5;52;348900;M001;11.8378899498663;01;01;1;1;2;15;0;0;0
5;52;7493233;M001;9.4190323078616;01;01;1;1;2;16;0;0;0
5;52;1148286;M001;9.9530841770757;01;01;1;3;2;14;0;0;0
5;52;624694;M001;9.2861630441311;01;01;1;3;2;15;0;0;0
5;52;2149842;M001;9.7870214376746;01;01;1;1;2;13;0;0;0
5;52;6640561;M001;11.8789683179328;01;01;1;2;1;11;0;0;0
5;52;665074;M001;10.4194057154823;01;01;1;2;1;11;0;0;0
5;52;7096681;M001;11.6828798209858;01;01;1;3;2;17;0;0;0
5;52;4506879;M001;12.8915932860432;01;01;1;4;1;12;0;0;0
5;52;3412147;M001;12.7496605852199;01;01;1;3;2;09;0;0;0
5;52;5485077;M001;13.3280400373286;08;01;2;1;1;17;0;0;0
5;52;6079422;M001;14.0780669437457;08;01;2;4;2;14;0;0;0
5;52;6910307;M001;10.4950842772742;08;01;2;3;1;15;0;0;0
5;52;1460943;M001;13.059513134513;08;01;2;3;1;12;0;0;0
5;52;5405434;M001;16.1506071166864;08;01;2;3;2;17;0;0;0
5;52;4275989;M001;7.8260475882251;02;01;1;2;2;09;0;0;0
5;52;826370;M001;9.1375463223417;08;01;2;3;1;05;0;0;0
5;52;1305754;M001;12.0939050342717;01;01;1;2;1;14;0;0;0
5;52;5358478;M001;9.5948245807725;01;01;1;2;1;15;0;0;0
5;52;3693184;M001;10.256138485114;01;01;1;3;2;12;0;0;0
5;52;7459532;M001;8.6347299840419;01;01;1;2;2;17;0;0;0
5;52;1348031;M001;9.8305707546498;01;01;1;3;2;17;0;0;0
5;52;5667082;M001;5.6892918102826;01;01;1;3;2;01;0;0;0
5;52;5891892;M001;8.4419109840718;03;01;1;1;1;05;0;0;0
5;52;4630845;M001;13.259582747817;08;01;2;1;1;15;0;0;0
5;52;1055965;M001;5.5460466894018;02;01;1;1;2;01;0;0;0
5;52;3447534;M001;10.5532971607607;01;01;1;3;1;17;0;0;0
5;52;6055642;M001;7.9725655902358;01;01;1;2;2;16;0;0;0
5;52;6373887;M001;9.1638666564631;02;01;1;3;1;05;0;0;0
5;52;6214868;M001;10.4709656888686;01;01;1;1;2;09;0;0;0
5;52;5993280;M001;7.5176748803164;01;01;1;3;2;12;0;0;0
5;52;577830;M001;9.0944115049921;01;01;1;3;1;09;0;0;0
5;52;4413604;M001;9.3396791322492;01;01;1;4;1;17;0;0;0
5;52;2474570;M001;9.9516190711346;01;01;1;3;1;17;0;0;0
5;52;3240528;M001;10.2600304679033;02;01;1;1;2;08;0;0;0
5;52;2044822;M001;10.2260262817295;02;01;1;3;2;14;0;0;0
5;52;7184183;M001;9.3811009401316;02;01;1;1;1;07;0;0;0
5;52;102177;M001;7.8227175633674;02;01;1;3;1;16;0;0;0
5;52;4856058;M001;10.0294951330939;02;01;1;4;1;17;0;0;0
5;52;5931625;M001;1.9110774449099;01;01;1;3;1;10;0;0;0
5;52;1577073;M001;2.1508902963961;01;01;1;4;2;14;0;0;0
5;52;4762269;M001;1.7914551959086;01;01;1;4;2;15;0;0;0
5;52;3881067;M001;1.5877677707641;01;01;1;4;2;17;0;0;0
5;52;5809132;M001;1.8964845659896;01;01;1;4;1;16;0;0;0
5;52;2938229;M001;2.3305282790181;01;01;1;2;1;17;0;0;0
5;52;2553426;M001;1.9350229722826;01;01;1;2;1;13;0;0;0
5;52;3965295;M001;1.9404132712263;01;01;1;4;2;13;0;0;0
5;52;7334217;M001;1.5877677707641;01;01;1;3;2;11;0;0;0
5;52;7756561;M001;1.9513537431954;01;01;1;3;2;16;0;0;0
5;52;3852393;M001;2.1376351205995;01;01;1;1;1;09;0;0;0
5;52;84297;M001;1.5966827614609;01;01;1;3;2;15;0;0;0
5;52;926068;M001;1.5966827614609;01;01;1;4;1;08;0;0;0
5;52;650030;M001;2.035818789261;01;01;1;1;1;14;0;0;0
5;52;7642568;M001;2.7229924478114;01;01;1;3;1;10;0;0;0
5;52;3157170;M001;2.1047983580201;01;01;1;1;1;06;0;0;0
5;52;3157170;M002;2.1047983580201;01;01;1;3;1;16;0;0;0
5;52;5709112;M001;2.0386009265423;01;01;1;2;1;17;0;0;0
5;52;5385299;M001;1.8622225842553;01;01;1;2;1;07;0;0;0
5;52;2186569;M001;1.777400954596;01;01;1;4;2;10;0;0;0
5;52;261279;M001;3.7700044146921;01;01;1;1;1;10;0;0;0
5;52;6271878;M001;10.023625073672;01;01;1;2;1;17;0;0;0
5;52;4443426;M001;12.2415993872194;01;01;1;2;2;17;0;0;0
5;52;2131640;M001;9.9530841770757;01;01;1;3;2;15;0;0;0
5;52;1485316;M001;4.0121280782823;01;01;1;4;2;17;0;0;0
5;52;2715751;M001;2.4590149724691;01;01;1;2;1;17;0;0;0
5;52;2935759;M001;2.6302286888198;01;01;1;1;1;12;0;0;0
5;52;132921;M001;2.5517738312632;01;01;1;4;1;17;0;0;0
5;52;1879731;M001;2.0871568040831;08;01;2;2;2;13;0;0;0
5;52;4087226;M001;3.1421013201253;08;01;2;1;1;16;0;0;0
5;52;1612167;M001;4.2386809182438;08;01;2;3;2;17;0;0;0
5;52;3616325;M001;2.23260041749;08;01;2;1;2;15;0;0;0
5;52;6729568;M001;3.9572957889972;08;01;2;1;1;13;0;0;0
5;52;3177018;M001;3.1673362981717;01;01;1;3;1;12;0;0;0
5;52;1107278;M001;2.7649643353083;01;01;1;2;2;17;0;0;0
5;52;6408797;M001;3.4750503985419;01;01;1;3;2;12;0;0;0
5;52;2746821;M001;2.3325217389822;01;01;1;4;2;17;0;0;0
5;52;2687115;M001;1.5989605251763;01;01;1;3;2;08;0;0;0
5;52;4529272;M001;8.3313628865227;01;01;1;3;1;17;0;0;0
5;52;3591301;M001;10.2179092978714;01;01;1;1;1;10;0;0;0
5;52;1867321;M001;12.6855675587127;01;01;1;1;1;17;0;0;0
5;52;1803204;M001;8.3819866470258;01;01;1;2;1;12;0;0;0
5;52;607135;M001;9.3081709543137;01;01;1;1;2;16;0;0;0
5;52;7377189;M001;12.9203434602217;01;01;1;1;1;15;0;0;0
5;52;2009936;M001;12.276576334413;01;01;1;2;1;14;0;0;0
5;52;3369609;M001;9.3034616848597;01;01;1;3;1;08;0;0;0
5;52;1476845;M001;11.159513849398;01;01;1;2;1;15;0;0;0
5;52;5225546;M001;8.7190134392028;01;01;1;4;2;12;0;0;0
5;52;5561212;M001;13.3597132663056;01;01;1;2;2;17;0;0;0
5;52;4229182;M001;14.6461366314065;01;01;1;4;1;16;0;0;0
5;52;1201094;M001;9.3679109335635;08;01;2;4;1;14;0;0;0
5;52;275346;M001;13.3410429669256;08;01;2;2;1;11;0;0;0
5;52;1143213;M001;10.1997434881478;08;01;2;3;1;16;0;0;0
5;52;5294026;M001;9.3806540871222;08;01;2;3;2;12;0;0;0
5;52;378774;M001;13.0707148016411;08;01;2;3;2;12;0;0;0
5;52;5219109;M001;12.6782713613663;08;01;2;3;1;16;0;0;0
5;52;5219109;M002;12.6782713613663;08;01;2;3;2;16;0;0;0
5;52;2174066;M001;4.9573943002968;08;01;2;2;1;13;0;0;0
5;52;973690;M001;6.60783323312;08;01;2;3;1;17;0;0;0
5;52;4088002;M001;9.0819218933432;01;01;1;3;1;15;0;0;0
5;52;5149162;M001;13.5898504108382;01;01;1;3;1;09;0;0;0
5;52;670311;M001;12.1543914014503;01;01;1;1;2;01;0;0;0
5;52;2707726;M001;10.8539141924667;01;01;1;4;2;17;0;0;0
5;52;1578276;M001;13.9521482564136;01;01;1;2;1;14;0;0;0
5;52;2566409;M001;12.4040947029157;01;01;1;4;1;15;0;0;0
5;52;871841;M001;12.0681417700184;01;01;1;4;2;15;0;0;0
5;52;9904;M001;10.1001287152466;01;01;1;2;1;14;0;0;0
5;52;874830;M001;12.0006093263418;02;01;1;2;1;03;0;0;0
5;52;1812146;M001;9.3323565257022;01;01;1;2;2;17;0;0;0
5;52;4670644;M001;12.00396959222;01;01;1;1;2;06;0;0;0
5;52;6824482;M001;6.7602079215696;08;01;2;2;1;17;0;0;0
5;52;3148633;M001;12.1829111679291;02;01;1;3;2;10;0;0;0
5;52;7074781;M001;13.6057864973104;01;01;1;2;2;12;0;0;0
5;52;4164516;M001;10.9548616782098;01;01;1;3;1;14;0;0;0
5;52;2869955;M001;12.7497310524078;01;01;1;2;1;15;0;0;0
5;52;2129553;M001;12.1549278553185;01;01;1;1;2;13;0;0;0
5;52;6438266;M001;11.7308185801621;01;01;1;4;2;12;0;0;0
5;52;4286858;M001;2.0261210998135;01;01;1;1;2;15;0;0;0
5;52;7202312;M001;1.9110754657574;01;01;1;1;2;17;0;0;0
5;52;752642;M001;1.80800961955;01;01;1;3;1;11;0;0;0
5;52;7581286;M001;1.73251781342;01;01;1;4;1;15;0;0;0
5;52;5023365;M001;1.80800961955;01;01;1;1;1;13;0;0;0
5;52;3902060;M001;1.9110754657574;01;01;1;2;1;09;0;0;0
5;52;1654840;M001;2.0614346969567;01;01;1;1;2;17;0;0;0
5;52;6053501;M001;1.8232735470217;01;01;1;1;2;17;0;0;0
5;52;7458944;M001;1.6924015271889;01;01;1;1;2;17;0;0;0
5;52;1128368;M001;2.6356077876037;01;01;1;1;2;01;0;0;0
5;52;4941864;M001;1.9791782551267;01;01;1;1;1;17;0;0;0
5;52;3300348;M001;1.5996777966779;01;01;1;2;1;15;0;0;0
5;52;4479383;M001;1.320688815062;01;01;1;1;1;12;0;0;0
5;52;70949;M001;2.0207824168289;01;01;1;4;1;15;0;0;0
5;52;5509391;M001;1.7079643247743;01;01;1;1;1;11;0;0;0
5;52;2733022;M001;1.6451552221275;01;01;1;4;1;17;0;0;0
5;52;2733022;M002;1.6451552221275;01;01;1;3;2;17;0;0;0
5;52;3458667;M001;1.5736978580537;01;01;1;3;2;12;0;0;0
5;52;1663736;M001;2.7244378788564;01;01;1;1;2;17;0;0;0
5;52;7046337;M001;2.1904824785491;01;01;1;2;2;17;0;0;0
5;52;7738340;M001;2.0107012747296;01;01;1;3;1;12;0;0;0
5;52;2735902;M001;2.7867478447898;01;01;1;3;1;17;0;0;0
5;52;5253360;M001;2.1121688914823;01;01;1;1;2;17;0;0;0
5;52;4194643;M001;1.9259187549096;01;01;1;3;1;17;0;0;0
5;52;7035734;M002;1.7490040831158;01;01;1;1;2;14;0;0;0
5;52;7035734;M003;1.7490040831158;01;01;1;1;1;17;0;0;0
5;52;4093484;M001;1.5613491778432;01;01;1;1;1;17;0;0;0
5;52;5528179;M001;1.4460399555958;01;01;1;1;2;17;0;0;0
5;52;5528179;M002;1.4460399555958;01;01;1;1;2;13;0;0;0
5;52;6524217;M001;2.0078621798967;01;01;1;3;1;11;0;0;0
5;52;6524217;M002;2.0078621798967;01;01;1;3;1;14;0;0;0
5;52;6524217;M003;2.0078621798967;01;01;1;3;1;14;0;0;0
5;52;179953;M001;1.9791782551267;01;01;1;1;1;08;0;0;0
5;52;1472399;M001;2.3989426175229;08;01;2;1;1;17;0;0;0
5;52;6729322;M001;2.4564537085379;01;01;1;4;1;12;0;0;0
5;52;885516;M001;3.2333889235992;01;01;1;1;1;12;0;0;0
5;52;6959215;M001;4.1486141935979;01;01;1;1;1;16;0;0;0
5;52;5721590;M001;2.4350960680326;01;01;1;4;1;16;0;0;0
5;52;1129130;M001;3.0586058798898;01;01;1;4;2;17;0;0;0
5;52;3881311;M001;3.0586058798898;01;01;1;4;2;11;0;0;0
5;52;2079782;M001;4.0209386274134;01;01;1;2;1;07;0;0;0
5;52;4316400;M001;3.0225338450346;01;01;1;4;2;15;0;0;0
5;52;7380384;M001;4.7113311098476;01;01;1;1;1;15;0;0;0
5;52;3359246;M001;2.7199195981884;01;01;1;4;1;06;0;0;0
5;52;5760270;M001;2.995522811463;08;01;2;2;2;14;0;0;0
5;52;1539862;M001;2.1788116979416;08;01;2;1;2;13;0;0;0
5;52;237863;M001;3.1842287593184;08;01;2;3;1;10;0;0;0
5;52;2289679;M001;2.1084211009965;08;01;2;3;2;06;0;0;0
5;52;7752140;M001;3.203166573238;01;01;1;2;1;17;0;0;0
5;52;1017014;M001;2.7023001621519;01;01;1;2;1;17;0;0;0
5;52;5849525;M001;3.7666681364997;01;01;1;2;1;09;0;0;0
5;52;395422;M001;2.2326817927197;01;01;1;2;2;16;0;0;0
5;52;4478147;M001;2.959876860214;01;01;1;2;1;11;0;0;0
5;52;3775187;M001;4.4888431847608;01;01;1;1;1;17;0;0;0
5;52;5827458;M001;2.4350960680326;01;01;1;3;1;14;0;0;0
5;52;5040558;M001;3.9690666466989;01;01;1;1;2;17;0;0;0
5;52;5724699;M001;5.4870148800176;01;01;1;2;2;17;0;0;0
5;52;1113473;M001;3.5423118183916;01;01;1;3;1;14;0;0;0
5;52;4595205;M001;2.6868224749781;01;01;1;4;1;09;0;0;0
5;52;1432901;M001;2.3017495440687;01;01;1;2;1;15;0;0;0
5;52;5947570;M001;2.5380772383322;01;01;1;1;1;17;0;0;0
5;52;5947570;M002;2.5380772383322;01;01;1;1;1;17;0;0;0
5;52;1018608;M001;1.9449128767373;01;01;1;4;2;13;0;0;0
5;52;5619272;M001;4.1300018197828;01;01;1;4;1;17;0;0;0
5;52;7255582;M001;2.397125094563;01;01;1;3;2;08;0;0;0
5;52;259789;M001;1.7417558762797;01;01;1;1;2;17;0;0;0
5;52;1174945;M001;2.9318614735683;01;01;1;1;2;11;0;0;0
5;52;2118503;M002;3.1608029146678;01;01;1;2;2;11;0;0;0
5;52;7641226;M001;2.1231752348021;01;01;1;1;2;11;0;0;0
5;52;1939918;M001;3.3519705943478;08;01;2;4;1;16;0;0;0
5;52;1791240;M001;1.795473855228;08;01;2;2;2;17;0;0;0
5;52;2122172;M001;3.2568083314391;02;01;1;3;2;17;0;0;0
5;52;2578741;M001;5.6972805455799;01;01;1;3;1;14;0;0;0
5;52;4077359;M001;4.8374380607458;01;01;1;3;1;13;0;0;0
5;52;2548754;M001;4.2795020950014;01;01;1;1;2;15;0;0;0
5;52;3260765;M001;3.4517696576886;01;01;1;2;2;17;0;0;1
5;52;21038;M001;6.7132121372786;01;01;1;2;1;09;0;0;1
5;52;5148238;M001;5.4772511818983;01;01;1;1;1;12;0;0;1
5;52;1211898;M001;5.7985072899158;01;01;1;1;1;14;0;0;0
5;52;1726109;M001;4.876646964725;01;01;1;2;1;15;0;0;0
5;52;3245013;M001;4.1187576667645;01;01;1;3;2;15;0;0;0
5;52;4478414;M001;4.5101957801265;01;01;1;3;1;15;0;0;0
5;52;1008597;M001;3.4517696576886;01;01;1;1;1;16;0;0;0
5;52;7741630;M001;4.4176295692986;01;01;1;1;2;12;0;0;0
5;52;5218660;M001;4.0542797243708;01;01;1;2;2;17;0;0;0
5;52;4862906;M001;4.876646964725;01;01;1;2;1;15;0;0;0
5;52;5051748;M001;4.9814298494895;01;01;1;3;1;16;0;0;0
5;52;5051748;M002;4.9814298494895;01;01;1;4;2;17;0;0;0
5;52;1666910;M001;3.81696971128;01;01;1;2;2;15;0;0;0
5;52;332948;M001;3.569912292487;01;01;1;4;2;17;0;0;0
5;52;7524030;M002;6.5314247826582;01;01;1;1;2;01;0;0;0
5;52;4880349;M001;5.3870759526305;01;01;1;3;2;17;0;0;0
5;52;1570582;M001;5.3634089801693;01;01;1;4;2;17;0;0;0
5;52;2183961;M001;5.0548194412673;01;01;1;2;2;01;0;0;0
5;52;3124129;M001;4.2691627352813;01;01;1;3;2;11;0;0;0
5;52;529655;M001;5.5180182589023;01;01;1;2;1;01;0;0;0
5;52;1309248;M001;4.5155601689761;01;01;1;3;1;01;0;0;0
5;52;7639977;M001;5.3682297199614;01;01;1;4;1;11;0;0;0
5;52;2728750;M001;5.498805294677;01;01;1;1;2;17;0;0;0
5;52;7519180;M001;5.6394750558469;01;01;1;1;1;15;0;0;0
5;52;3860672;M001;6.120002971847;01;01;1;4;2;01;0;0;0
5;52;7501455;M001;6.8732300412006;01;01;1;1;1;16;0;0;0
5;52;538334;M001;6.7482311602919;01;01;1;3;1;15;0;0;0
5;52;538334;M002;6.7482311602919;01;01;1;4;2;13;0;0;0
5;52;3988455;M001;5.1622948439671;01;01;1;2;1;13;0;0;0
5;52;236735;M001;4.876646964725;01;01;1;2;1;09;0;0;0
5;52;6942770;M001;4.1392145949414;01;01;1;2;1;16;0;0;0
5;52;6091294;M001;4.946871019179;01;01;1;2;1;10;0;0;0
5;52;7200640;M001;4.946871019179;01;01;1;1;2;14;0;0;0
5;52;7487049;M001;4.3229066440451;01;01;1;1;2;11;0;0;0
5;52;173678;M001;5.5708353943128;01;01;1;1;1;05;0;0;0
5;52;4121236;M001;4.3229066440451;01;01;1;4;1;13;0;0;0
5;52;4359770;M001;4.946871019179;01;01;1;1;2;10;0;0;0
5;52;4359770;M002;4.946871019179;01;01;1;1;1;17;0;0;0
5;52;4212410;M001;4.3229066440451;01;01;1;2;1;16;0;0;0
5;52;5259051;M001;4.946871019179;01;01;1;2;1;14;0;0;0
5;52;2608152;M001;4.946871019179;01;01;1;1;1;07;0;0;0
5;52;2023071;M001;4.3229066440451;01;01;1;1;1;11;0;0;0
5;52;1224961;M001;4.946871019179;01;01;1;1;1;10;0;0;0
5;52;6839327;M001;4.5330703451134;01;01;1;3;2;16;0;0;0
5;52;6648066;M001;4.3229066440451;01;01;1;4;2;14;0;0;0
5;52;6701806;M001;4.7367073181106;01;01;1;3;2;08;0;0;0
5;52;3466104;M001;5.9911627964494;05;01;2;1;1;08;0;0;0
5;52;7105104;M001;4.946871019179;01;01;1;2;1;03;0;0;0
5;52;4823783;M001;5.5708353943128;01;01;1;1;1;14;0;0;0
5;52;698690;M001;4.946871019179;01;01;1;2;2;05;0;0;0
5;52;5517691;M001;4.3229066440451;01;01;1;1;1;12;0;0;0
5;52;6528156;M001;4.946871019179;02;01;1;2;1;17;0;0;0
5;52;4774680;M001;4.7367073181106;01;01;1;2;2;13;0;0;0
5;52;2448023;M001;4.5330703451134;01;01;1;1;1;15;0;0;0
5;52;7278272;M001;4.3229066440451;01;01;1;1;1;14;0;0;0
5;52;7026605;M001;4.3229066440451;01;01;1;1;1;15;0;0;0
5;52;6196614;M001;4.3229066440451;01;01;1;1;1;11;0;0;0
5;52;4582316;M001;6.1947997694466;01;01;1;2;1;13;0;0;0
5;52;5858971;M001;5.3671984213156;01;01;1;4;1;06;0;0;0
5;52;4543141;M001;5.3671984213156;01;01;1;4;2;14;0;0;0
5;52;4107545;M001;3.6769422330199;01;01;1;2;1;05;0;0;0
5;52;1290097;M001;3.2686440650047;01;01;1;1;2;17;0;0;0
5;52;4456996;M001;2.8395581669963;01;01;1;3;1;15;0;0;0
5;52;3175636;M001;3.8094652466212;01;01;1;3;1;17;0;0;0
5;52;3755618;M001;2.4810304598075;01;01;1;2;2;17;0;0;0
5;52;863886;M001;3.5116760366634;01;01;1;3;1;07;0;0;0
5;52;913763;M001;3.9867601236706;01;01;1;3;1;14;0;0;0
5;52;301088;M001;2.9594756562168;01;01;1;4;2;17;0;0;0
5;52;6925666;M001;1.9855175737622;01;01;1;3;1;11;0;0;0
5;52;983291;M001;3.9471642567991;01;01;1;3;1;14;0;0;0
5;52;201390;M001;2.5057755632845;01;01;1;4;2;15;0;0;0
5;52;388444;M001;4.4396497529054;01;01;1;2;1;05;0;0;0
5;52;5757808;M001;1.3763566008225;08;01;2;3;1;11;0;0;0
5;52;5923834;M001;3.4702530508652;08;01;2;2;2;15;0;0;0
5;52;4703219;M001;2.4661531900619;08;01;2;2;1;12;0;0;0
5;52;1570776;M001;1.7749318251468;01;01;1;3;2;17;0;0;0
5;52;1112857;M001;4.5174172423179;01;01;1;3;1;05;0;0;0
5;52;4086537;M001;2.5400919664919;01;01;1;3;1;17;0;0;0
5;52;3589633;M001;3.1945692296462;01;01;1;4;1;10;0;0;0
5;52;6733369;M001;3.5324976842314;01;01;1;3;2;17;0;0;0
5;52;3724338;M001;1.6214021745106;01;01;1;3;2;17;0;0;0
5;52;4069494;M001;2.1857492688071;01;01;1;3;2;17;0;0;0
5;52;633328;M001;5.2493292130405;01;01;1;2;2;16;0;0;0
5;52;633328;M002;5.2493292130405;01;01;1;4;2;17;0;0;0
5;52;4693892;M001;4.9939176089025;01;01;1;2;1;17;0;0;0
5;52;4297;M001;4.8393198921092;01;01;1;3;2;15;0;0;0
5;52;4184438;M001;4.5859385587252;01;01;1;2;1;17;0;0;0
5;52;4564504;M001;4.3489369339904;01;01;1;4;2;17;0;0;0
5;52;5865233;M001;4.8104083017101;01;01;1;2;2;17;0;0;0
5;52;2273450;M001;4.9230615539232;01;01;1;4;1;16;0;0;0
5;52;1694329;M001;5.101429948217;01;01;1;2;2;15;0;0;0
5;52;7095351;M001;4.1202968835014;01;01;1;2;1;17;0;0;0
5;52;1460422;M001;4.8417512104781;01;01;1;1;2;14;0;0;0
5;52;644181;M001;5.062893241025;01;01;1;4;1;14;0;0;0
5;52;2232371;M001;5.0218324018552;01;01;1;3;1;10;0;0;0
5;52;1299044;M001;4.7648235608397;01;01;1;3;2;09;0;0;0
5;52;1299044;M002;4.7648235608397;01;01;1;3;1;11;0;0;0
5;52;438263;M001;4.2557178406614;01;01;1;2;1;11;0;0;0
5;52;7587312;M001;4.0842921770753;01;01;1;2;2;15;0;0;0
5;52;3261251;M001;4.1418698977136;01;01;1;2;2;15;0;0;0
5;52;4520096;M001;4.4091709036241;01;01;1;3;2;15;0;0;0
5;52;5358874;M001;4.9230615539232;01;01;1;4;1;16;0;0;0
5;52;1763805;M001;4.828760750758;01;01;1;2;1;15;0;0;0
5;52;5039591;M001;4.4401566409151;01;01;1;3;2;13;0;0;0
5;52;3356274;M001;5.9772160380179;01;01;1;2;1;16;0;0;0
5;52;1253320;M001;4.5061257742068;01;01;1;3;2;11;0;0;0
5;52;5758814;M001;4.3938420204614;01;01;1;4;1;17;0;0;0
5;52;4216519;M001;5.818433100627;01;01;1;4;1;17;0;0;0
5;52;3017716;M001;6.0163197939194;01;01;1;3;1;12;0;0;0
5;52;6881092;M001;5.7915245085667;01;01;1;2;1;06;0;0;0
5;52;5767904;M001;4.1456285105319;01;01;1;3;1;17;0;0;0
5;52;501663;M001;4.2419896966914;01;01;1;2;1;12;0;0;0
5;52;4028659;M001;6.1819787330067;08;01;2;1;1;17;0;0;0
5;52;1589471;M001;4.6121946041692;08;01;2;1;1;17;0;0;0
5;52;112930;M001;8.6113073156919;08;01;2;1;2;13;0;0;0
5;52;1263405;M001;4.7791208760881;01;01;1;1;2;13;0;0;0
5;52;7728639;M001;5.3083404095499;01;01;1;2;2;05;0;0;0
5;52;6304943;M001;4.0625585971511;01;01;1;4;2;06;0;0;0
5;52;6789032;M001;5.5843089075911;01;01;1;2;2;01;0;0;0
5;52;2759204;M001;4.7580457159453;01;01;1;4;1;16;0;0;0
5;52;3245335;M001;5.2952966589665;08;01;2;3;2;17;0;0;0
5;52;2746232;M001;5.447996504556;01;01;1;2;1;16;0;0;0
5;52;4545374;M001;4.1418698977136;01;01;1;1;2;14;0;0;0
5;52;6483377;M001;4.2557178406614;01;01;1;2;1;14;0;0;0
5;52;5937896;M001;4.5289516678825;01;01;1;3;1;14;0;0;0
5;52;6160186;M001;5.1744616867717;08;01;2;3;2;16;0;0;0
5;52;4722803;M001;5.9254854468516;08;01;2;3;1;10;0;0;0
5;52;6088481;M001;4.3503912055208;08;01;2;1;1;17;0;0;0
5;52;6706644;M001;1.6338091822254;01;01;1;1;1;13;0;0;0
5;52;5049252;M001;2.156391955957;01;01;1;3;1;09;0;0;0
5;52;7430195;M001;2.1476398949174;01;01;1;1;2;17;0;0;0
5;52;4524985;M001;1.6348239148639;01;01;1;2;2;09;0;0;0
5;52;3899513;M002;2.2371804750189;01;01;1;1;1;11;0;0;0
5;52;5234011;M001;2.6642315612002;01;01;1;3;1;17;0;0;0
5;52;7306526;M001;1.2234973560994;01;01;1;3;1;15;0;0;1
5;52;3906168;M001;2.1943692136565;08;01;2;4;2;13;0;0;0
5;52;1103563;M001;2.195482955452;07;01;2;1;1;01;0;0;0
5;52;973069;M001;1.7714315412661;08;01;2;4;2;02;0;0;0
5;52;5609052;M001;2.3721192682291;08;01;2;2;2;17;0;0;0
5;52;2044862;M001;2.4561929843415;08;01;2;3;1;01;0;0;0
5;52;7190838;M001;1.7714315412661;08;01;2;3;1;17;0;0;0
5;52;7492686;M001;2.5230488365648;08;01;2;1;1;17;0;0;0
5;52;7440304;M001;1.770808922669;08;01;2;1;1;13;0;0;0
5;52;5195536;M001;2.1588782541284;08;01;2;4;2;01;0;0;0
5;52;7026217;M001;2.3965873822218;08;01;2;3;2;14;0;0;1
5;52;6441749;M001;1.5143302628308;08;01;2;3;1;01;0;0;0
5;52;2466691;M001;2.7495974607225;08;01;2;2;1;16;0;0;1
5;52;831905;M001;1.7590939268842;08;01;2;3;1;01;0;0;0
5;52;831905;M002;1.7590939268842;08;01;2;3;2;01;0;0;0
5;52;3635191;M001;10.5608865706129;01;01;1;4;1;15;0;0;0
5;52;7419645;M001;10.5608865706129;01;01;1;3;1;17;0;0;0
5;52;3301672;M001;10.0622097754235;01;01;1;4;1;13;0;0;0
5;52;2525661;M001;10.4535636470853;01;01;1;2;2;16;0;0;0
5;52;2737214;M001;11.0595633658023;01;01;1;3;1;05;0;0;0
5;52;3877273;M001;10.7755324176681;01;01;1;3;1;14;0;0;0
5;52;6778337;M001;10.5608865706129;01;01;1;4;1;99;0;0;1
5;52;5653623;M001;10.5608865706129;01;01;1;3;1;06;0;0;0
5;52;4033420;M001;9.5635329802342;01;01;1;4;1;17;0;0;0
5;52;3497743;M001;9.954886851896;01;01;1;1;1;11;0;0;0
5;52;2845591;M001;10.5608865706129;01;01;1;2;1;15;0;0;0
5;52;365581;M001;10.0622097754235;01;01;1;1;1;13;0;0;0
5;52;365581;M002;10.0622097754235;01;01;1;3;2;14;0;0;0
5;52;950578;M001;11.0595633658023;01;01;1;3;1;12;0;0;1
5;52;6435706;M001;11.0595633658023;01;01;1;4;1;17;0;0;0
5;52;1956289;M001;11.0595633658023;01;01;1;3;1;17;0;0;0
5;52;2059354;M001;9.954886851896;01;01;1;4;1;17;0;0;0
5;52;7642600;M001;10.1695326989511;01;01;1;2;2;16;0;0;0
5;52;6219204;M001;9.032666831143;01;01;1;3;1;04;0;0;0
5;52;7249829;M001;10.5608865706129;01;01;1;1;2;17;0;0;0
5;52;5494409;M001;10.4535636470853;01;01;1;1;1;16;0;0;0
5;52;2776129;M001;10.4535636470853;01;01;1;2;1;11;0;0;0
5;52;5782967;M001;9.4562100567066;01;01;1;1;2;08;0;0;0
5;52;5782967;M002;9.4562100567066;01;01;1;4;1;03;0;0;0
5;52;5739091;M001;10.5608865706129;01;01;1;3;2;08;0;0;1
5;52;2233643;M001;10.5608865706129;01;01;1;4;2;12;0;0;0
5;52;3314962;M001;10.4535636470853;01;01;1;2;1;11;0;0;0
5;52;6818549;M001;10.5608865706129;01;01;1;1;2;17;0;0;0
5;52;7489621;M001;10.4535636470853;01;01;1;3;1;17;0;0;0
5;52;6693791;M001;10.7547456637449;08;01;2;3;2;14;0;0;0
5;52;147394;M001;12.5287848531599;08;01;2;4;1;16;0;0;0
5;52;3488640;M001;9.3629425798703;08;01;2;3;1;17;0;0;0
5;52;2569833;M001;12.1398189702216;08;01;2;2;2;17;0;0;0
5;52;4853589;M001;9.4465977467785;08;01;2;1;2;17;0;0;0
5;52;5904502;M001;11.2387180268215;03;01;1;2;2;17;0;0;0
5;52;4241208;M001;8.9619090410517;03;01;1;1;1;14;0;0;0
5;52;7700414;M001;10.7070046617317;01;01;1;2;2;13;0;0;0
5;52;7700414;M002;10.7070046617317;01;01;1;2;1;05;0;0;0
5;52;6485083;M001;11.2465464695621;01;01;1;3;1;06;0;0;0
5;52;5355281;M001;11.3016708233093;01;01;1;3;2;04;0;0;0
5;52;3631671;M001;6.6608970399433;03;01;1;2;1;16;0;0;0
5;52;6798080;M001;10.4535636470853;02;01;1;1;1;13;0;0;0
5;52;5746547;M001;10.4535636470853;01;01;1;3;2;14;0;0;0
5;52;6130502;M001;7.5281190453508;01;01;1;3;1;14;0;0;0
5;52;6130502;M002;7.5281190453508;01;01;1;1;1;17;0;0;0
5;52;743227;M001;10.5628795417393;01;01;1;3;2;17;0;0;0
5;52;7066657;M001;6.9530116081941;01;01;1;3;2;08;0;0;0
5;52;7638692;M001;10.4535636470853;01;01;1;4;1;14;0;0;0
5;52;7690037;M001;10.6909050598458;01;01;1;3;1;17;0;0;0
5;52;3363700;M001;5.0733722303636;01;01;1;3;1;12;0;0;0
5;52;25228;M001;5.5570704377568;01;01;1;1;1;12;0;0;0
5;52;1782689;M001;3.479771037202;01;01;1;4;1;15;0;0;0
5;52;4042308;M001;5.9728481935672;01;01;1;1;2;17;0;0;0
5;52;5430838;M001;6.8658474158474;01;01;1;2;2;16;0;0;0
5;52;1219817;M001;5.0478371940504;01;01;1;2;2;16;0;0;0
5;52;7649390;M001;3.2819906916315;01;01;1;3;2;17;0;0;0
5;52;3901495;M001;4.4863871688197;01;01;1;3;1;09;0;0;0
5;52;5334334;M001;6.6232568632356;01;01;1;4;1;17;0;0;0
5;52;2300832;M001;5.6349771050989;01;01;1;3;1;12;0;0;0
5;52;807203;M001;3.2688457513987;01;01;1;3;1;17;0;0;0
5;52;3177579;M001;4.1736717210023;01;01;1;1;2;01;0;0;0
5;52;4534334;M001;4.6062209473193;01;01;1;1;2;16;0;0;0
5;52;5581514;M001;2.824929986858;01;01;1;4;1;14;0;0;0
5;52;5581514;M002;2.824929986858;01;01;1;2;1;14;0;0;0
5;52;5723308;M001;5.3559518460597;01;01;1;1;1;17;0;0;0
5;52;6843191;M001;2.8910199726053;01;01;1;1;1;17;0;0;0
5;52;7362742;M001;3.6257069566912;01;01;1;1;1;17;0;0;0
5;52;5411457;M001;4.7315371342072;01;01;1;3;2;08;0;0;0
5;52;5780677;M001;5.0059793099654;01;01;1;3;2;11;0;0;0
5;52;6858400;M001;3.753020456888;01;01;1;3;1;14;0;0;0
5;52;7047111;M001;5.4877499103761;01;01;1;3;1;14;0;0;0
5;52;3319012;M001;5.7832252285532;01;01;1;2;2;17;0;0;0
5;52;7669239;M001;2.8221875663603;01;01;1;3;2;16;0;0;0
5;52;3987686;M001;4.6353277256862;01;01;1;3;2;11;0;0;0
5;52;5249161;M001;4.4366670580521;01;01;1;2;1;12;0;0;0
5;52;6964792;M001;5.5160923636376;01;01;1;3;1;17;0;0;0
5;52;2966781;M001;4.7370585429279;01;01;1;3;2;17;0;0;0
5;52;733170;M001;4.6713228756916;01;01;1;1;2;07;0;0;0
5;52;6675066;M001;4.6684544114815;01;01;1;4;1;15;0;0;0
5;52;4028684;M001;3.0423681570853;01;01;1;3;2;15;0;0;0
5;52;2673313;M001;4.6395235588089;01;01;1;2;1;17;0;0;0
5;52;2774008;M001;4.9045632084421;01;01;1;3;2;16;0;0;0
5;52;7710735;M001;4.8998215834771;01;01;1;1;1;15;0;0;0
5;52;5232641;M001;5.5306856816997;01;01;1;2;1;17;0;0;0
5;52;4580384;M001;5.237552855246;01;01;1;1;2;17;0;0;0
5;52;6763979;M001;5.2741321264524;01;01;1;3;2;17;0;0;0
5;52;251446;M001;3.8851767093809;01;01;1;2;1;17;0;0;0
5;52;3914433;M001;5.3061569866925;01;01;1;1;2;12;0;0;0
5;52;3962803;M001;6.2878584957977;01;01;1;2;1;07;0;0;0
5;52;7484476;M001;4.401947827239;01;01;1;2;2;12;0;0;0
5;52;3727196;M001;5.2926297906628;01;01;1;3;1;15;0;0;0
5;52;3727196;M002;5.2926297906628;01;01;1;3;2;15;0;0;0
5;52;7289143;M001;5.9390019046954;01;01;1;4;1;16;0;0;0
5;52;7794049;M001;3.8179221594645;01;01;1;3;2;13;0;0;0
5;52;2672911;M001;4.3299452077228;01;01;1;3;2;17;0;0;0
5;52;3625486;M001;4.4324428054563;01;01;1;3;2;17;0;0;0
5;52;543555;M001;4.7680441051413;01;01;1;4;2;14;0;0;0
5;52;5473129;M001;5.0059793099654;01;01;1;1;2;12;0;0;0
5;52;6463641;M001;4.7447476129153;08;01;2;3;1;17;0;0;0
5;52;1421414;M001;5.1369677961062;08;01;2;3;1;13;0;0;0
5;52;225592;M001;5.1241303954842;08;01;2;3;2;17;0;0;0
5;52;4614138;M001;4.2891910773126;01;01;1;3;1;15;0;0;0
5;52;439791;M001;4.5949504265741;01;01;1;1;1;06;0;0;0
5;52;6788577;M001;4.1228039335917;01;01;1;2;1;17;0;0;0
5;52;2395096;M001;5.3357159656424;01;01;1;3;2;17;0;0;0
5;52;691968;M001;5.275517784074;01;01;1;4;2;17;0;0;0
5;52;3165107;M001;11.7153371010161;01;01;1;3;2;17;0;0;0
5;52;3165107;M002;11.7153371010161;01;01;1;3;2;13;0;0;0
5;52;4330877;M001;10.6603850019086;01;01;1;3;1;15;0;0;0
5;52;4975704;M001;9.8028778285661;01;01;1;1;1;17;0;0;0
5;52;1303867;M001;8.2959715587269;01;01;1;4;2;17;0;0;0
5;52;5409033;M001;10.2287718934986;01;01;1;1;1;12;0;0;0
5;52;2872837;M001;8.4573532335087;01;01;1;2;1;12;0;0;0
5;52;7710567;M001;8.1142765784328;01;01;1;3;1;04;0;0;0
5;52;4775556;M001;1.9634812286689;01;01;1;1;2;17;0;0;0
5;52;2563884;M001;11.0347018933036;01;01;1;4;2;12;0;0;0
5;52;7332319;M001;5.1644482880168;01;01;1;2;1;12;0;0;0
5;52;7332319;M002;5.1644482880168;01;01;1;3;1;17;0;0;0
5;52;1415432;M001;9.7610194538176;01;01;1;3;2;16;0;0;0
5;52;3431100;M001;3.8964280234111;01;01;1;2;1;15;0;0;0
5;52;5922575;M001;11.9452817262587;01;01;1;1;1;17;0;0;0
5;52;1363820;M001;9.7943669583508;08;01;2;2;2;17;0;0;0
5;52;1376202;M001;10.8526994801408;08;01;2;4;2;17;0;0;0
5;52;1695741;M001;16.1678608314433;08;01;2;1;1;17;0;0;0
5;52;4030411;M001;5.1423332656427;08;01;2;2;1;17;0;0;0
5;52;5614424;M001;8.821578423313;08;01;2;2;1;15;0;0;0
5;52;2204412;M001;5.1423332656427;08;01;2;1;1;17;0;0;0
5;52;4937781;M001;13.2900780955515;05;01;2;3;1;11;0;0;0
5;52;4827580;M001;13.0234478668921;05;01;2;3;2;16;0;0;0
5;52;6969268;M001;8.1108206413602;05;01;2;2;1;17;0;0;0
5;52;5890704;M001;9.1117202472353;05;01;2;1;1;16;0;0;0
5;52;1598442;M001;9.0653266784705;01;01;1;2;1;17;0;0;0
5;52;7733320;M001;9.8028778285661;01;01;1;2;2;12;0;0;0
5;52;3989321;M001;6.855669837447;01;01;1;3;1;05;0;0;0
5;52;4349577;M001;12.2537811632783;05;01;2;4;1;12;0;0;0
5;52;2085569;M001;4.6281276475861;05;01;2;3;1;16;0;0;0
5;52;6912878;M001;8.0758304775811;01;01;1;3;1;17;0;0;0
5;52;945263;M001;7.8843183502144;01;01;1;3;2;17;0;0;0
5;52;5380994;M001;12.817837015168;08;05;2;4;1;11;0;0;0
5;52;6137505;M001;8.1771433631888;05;01;2;3;1;11;0;0;0
5;52;6137505;M002;8.1771433631888;05;01;2;1;2;13;0;0;0
5;52;1179166;M001;7.3817966454985;08;01;2;2;1;12;0;0;0
5;52;4422374;M001;12.0399531600219;08;01;2;4;2;17;0;0;0
5;52;1664003;M001;7.07088535962;01;01;1;3;2;10;0;0;0
5;52;7678795;M001;2.2164705759531;01;01;1;1;2;17;0;0;0
5;52;1227488;M001;7.85034065879;01;01;1;1;1;08;0;0;0
5;52;7627888;M001;13.5775708326433;01;01;1;3;2;12;0;0;0
5;52;6110847;M001;11.7281327101236;01;01;1;4;1;17;0;0;0
5;52;2952610;M001;10.407218550466;01;01;1;1;1;11;0;0;0
5;52;3813680;M001;6.5088494967005;05;01;2;4;1;17;0;0;0
5;52;6143118;M001;5.1423332656427;05;01;2;2;1;17;0;0;0
5;52;6830815;M001;7.5904884906678;01;01;1;1;2;13;0;0;0
5;52;543185;M001;10.1600687028365;01;01;1;4;1;17;0;0;0
5;52;6745009;M001;8.6865534965383;01;01;1;3;2;17;0;0;0
5;52;2074518;M001;13.1429406417439;01;01;1;3;1;11;0;0;0
5;52;3329845;M001;13.1058772627061;01;01;1;2;1;17;0;0;0
5;52;3798070;M001;13.1058772627061;01;01;1;1;2;17;0;0;0
5;52;1451323;M001;5.1846285329221;01;01;1;3;2;14;0;0;0
5;52;7737489;M001;11.7724957492658;01;01;1;3;1;15;0;0;0
5;52;756099;M001;7.5527894653501;01;01;1;3;1;01;0;0;0
5;52;5084743;M001;7.6217801838142;01;01;1;1;2;17;0;0;0
5;52;6999540;M001;9.568929142573;01;01;1;3;1;16;0;0;0
5;52;5585970;M001;11.88753069972;01;01;1;3;2;12;0;0;0
5;52;807506;M001;12.9496208992993;01;01;1;3;2;17;0;0;0
5;52;7220791;M001;8.9673825904681;01;01;1;3;2;01;0;0;0
5;52;1472539;M001;7.1407169583193;01;01;1;2;2;17;0;0;0
5;52;5482098;M001;9.2413177730886;01;01;1;3;1;17;0;0;0
5;52;5168548;M001;13.5407604595628;01;01;1;2;1;16;0;0;0
5;52;1510737;M001;9.8959433931827;01;01;1;3;1;17;0;0;0
5;52;3649016;M001;12.0891630925167;01;01;1;3;1;10;0;0;0
5;52;1386377;M001;14.4391402020133;01;01;1;4;1;17;0;0;0
5;52;5145315;M001;16.8720187008059;01;01;1;2;1;01;0;0;0
5;52;5614805;M001;6.7070288149381;01;01;1;2;1;08;0;0;0
5;52;565822;M001;14.6073787828136;01;01;1;2;2;17;0;0;0
5;52;6641022;M001;6.5030233373894;01;01;1;4;1;04;0;0;0
5;52;7325165;M001;11.2409606483147;01;01;1;2;2;17;0;0;0
5;52;3611209;M001;10.9087785707369;01;01;1;3;1;13;0;0;0
5;52;1189335;M001;14.5749833970554;01;01;1;2;2;14;0;0;0
5;52;7540112;M001;15.8406720758457;01;01;1;3;2;17;0;0;0
5;52;6537747;M001;8.0706501575995;01;01;1;3;1;13;0;0;0
5;52;2373747;M001;14.3204173647502;01;01;1;2;1;17;0;0;0
5;52;1085955;M001;10.3220784477913;01;01;1;4;2;11;0;0;0
5;52;2056866;M001;8.5040043739737;01;01;1;2;2;12;0;0;0
5;52;2056866;M002;8.5040043739737;01;01;1;3;1;06;0;0;0
5;52;562942;M001;7.331526047078;01;01;1;3;2;17;0;0;0
5;52;4618108;M001;11.7545531723753;01;01;1;4;1;10;0;0;0
5;52;835696;M001;11.514197540323;01;01;1;3;2;17;0;0;0
5;52;2332402;M001;11.6658788818963;01;01;1;3;1;02;0;0;0
5;52;3652595;M001;16.224847318705;01;01;1;3;1;09;0;0;0
5;52;5151797;M001;9.683113473395;01;01;1;1;2;15;0;0;0
5;52;2576467;M001;15.1596156706002;01;01;1;3;1;14;0;0;0
5;52;5887342;M001;13.8186896154944;01;01;1;3;1;14;0;0;0
5;52;2808252;M001;6.7629620489941;01;01;1;3;1;14;0;0;0
5;52;4537642;M001;9.8580742868276;01;01;1;3;1;15;0;0;0
5;52;388561;M001;7.7190087880515;01;01;1;4;1;17;0;0;0
5;52;1659397;M001;7.122973818147;01;01;1;4;1;12;0;0;0
5;52;6322999;M001;11.0822552966173;01;01;1;3;1;17;0;0;0
5;52;3731581;M001;8.2644242645688;01;01;1;3;2;15;0;0;0
5;52;6071049;M001;13.4836445543029;01;01;1;2;1;15;0;0;0
5;52;806465;M001;12.8108556700784;01;01;1;3;1;16;0;0;0
5;52;4129849;M001;16.5225601562302;01;01;1;3;2;17;0;0;0
5;52;6475022;M001;7.6759694834469;01;01;1;2;1;15;0;0;0
5;52;1748102;M001;7.0297988909553;08;01;2;1;1;17;0;0;0
5;52;2013044;M001;9.888285290857;08;01;2;4;2;01;0;0;0
5;52;3971108;M001;6.9069006634242;08;01;2;2;1;17;0;0;0
5;52;6907006;M001;9.2531268982012;08;01;2;4;1;17;0;0;0
5;52;6695515;M001;4.9821727155644;01;01;1;3;1;09;0;0;0
5;52;3058787;M001;10.0127262070388;01;01;1;3;1;10;0;0;0
5;52;4482084;M001;9.2413177730886;01;01;1;3;2;13;0;0;0
5;52;1299669;M001;8.6783492541741;01;01;1;1;2;17;0;0;0
5;52;4971932;M001;7.8859443969492;01;01;1;3;2;11;0;0;0
5;52;2836518;M001;14.479326560551;01;01;1;3;2;05;0;0;0
5;52;6087387;M001;7.5583129233985;01;01;1;1;1;12;0;0;0
5;52;7792698;M001;14.448550754601;01;01;1;1;1;15;0;0;0
5;52;7194314;M001;10.1305612544133;01;01;1;2;1;13;0;0;0
5;52;6017330;M001;10.8335552187966;01;01;1;2;2;17;0;0;0
5;52;272976;M001;11.2567473668984;01;01;1;3;1;11;0;0;0
5;52;7136209;M001;10.4820582366049;01;01;1;2;1;17;0;0;0
5;52;1532270;M001;14.950311645716;01;01;1;3;1;05;0;0;0
5;52;65087;M001;10.6801938676779;01;01;1;1;1;12;0;0;0
5;52;2551452;M001;7.5598771796088;01;01;1;3;1;12;0;0;0
5;52;2162171;M001;8.8036064005;01;01;1;1;2;12;0;0;0
5;52;3030568;M001;14.182299396185;01;01;1;1;1;14;0;0;0
5;52;3030568;M002;14.182299396185;01;01;1;3;1;09;0;0;0
5;52;7678321;M001;9.2714789026479;01;01;1;3;1;09;0;0;0
5;52;2019629;M001;9.7073691063115;01;01;1;1;2;11;0;0;0
5;52;4635458;M001;10.2022564203234;01;01;1;3;1;17;0;0;0
5;52;6588614;M001;9.9876548508401;01;01;1;3;1;15;0;0;0
5;52;2916151;M001;11.4664706933813;01;01;1;3;1;09;0;0;0
5;52;5805971;M001;9.3488628677145;01;01;1;3;2;17;0;0;0
5;52;6698510;M001;8.9384852829693;01;01;1;2;2;17;0;0;0
5;52;4225319;M001;9.2168137420351;01;01;1;4;1;17;0;0;0
5;52;4753677;M001;7.5796623375908;01;01;1;4;2;17;0;0;0
5;52;4950254;M001;5.7322604720839;01;01;1;2;2;13;0;0;0
5;52;4950254;M002;5.7322604720839;01;01;1;1;1;09;0;0;0
5;52;7278834;M001;13.8283293982729;01;01;1;1;1;14;0;0;0
5;52;921706;M001;7.8363843830313;01;01;1;3;2;10;0;0;0
5;52;921706;M002;7.8363843830313;01;01;1;3;2;13;0;0;0
5;52;585679;M001;12.8725044282371;01;01;1;3;1;15;0;0;0
5;52;5389886;M001;14.5418418190618;01;01;1;1;2;17;0;0;0
5;52;6771073;M001;13.2585879764364;01;01;1;2;1;16;0;0;0
5;52;75382;M001;9.8059004543024;01;01;1;3;2;08;0;0;0
5;52;1276985;M001;16.5430872878018;01;01;1;3;2;13;0;0;0
5;52;3408801;M001;5.2144288577165;01;01;1;3;1;17;0;0;0
5;52;6687251;M001;16.9307600660655;01;01;1;4;1;15;0;0;0
5;52;6109313;M001;10.4103630706948;01;01;1;4;2;13;0;0;0
5;52;3972184;M001;10.8335552187966;01;01;1;3;1;11;0;0;0
5;52;7298525;M001;10.4820582366049;01;01;1;3;2;14;0;0;0
5;52;1964396;M001;12.6697141430242;01;01;1;4;1;16;0;0;0
5;52;3978994;M001;10.0588660885031;01;01;1;2;1;11;0;0;0
5;52;2257598;M001;11.338318513136;01;01;1;3;1;14;0;0;0
5;52;5020669;M001;10.3474268969281;01;01;1;3;1;13;0;0;0
5;52;3221042;M001;12.2638348783718;01;01;1;1;2;01;0;0;0
5;52;894935;M001;10.4902926046477;01;01;1;1;2;16;0;0;0
5;52;7727725;M001;10.0243273183839;01;01;1;3;2;06;0;0;0
5;52;5909623;M001;5.0360856786109;01;01;1;1;1;11;0;0;0
5;52;5032359;M001;10.0588660885031;01;01;1;3;1;10;0;0;0
5;52;1296330;M001;10.4103630706948;01;01;1;3;1;11;0;0;0
5;52;3332106;M001;11.1850522009883;01;01;1;4;2;13;0;0;0
5;52;3332106;M002;11.1850522009883;01;01;1;3;1;06;0;0;0
5;52;578322;M001;9.7073691063115;01;01;1;2;2;13;0;0;0
5;52;3687875;M001;10.8335552187966;01;01;1;2;2;17;0;0;0
5;52;3687875;M002;10.8335552187966;01;01;1;3;1;17;0;0;0
5;52;5534251;M001;10.4103630706948;01;01;1;2;1;12;0;0;0
5;52;5583440;M001;7.0166733448742;01;01;1;1;1;16;0;0;0
5;52;5792950;M001;7.7814776083042;01;01;1;4;1;17;0;0;0
5;52;1647387;M001;5.4808841843099;01;01;1;4;1;05;0;0;0
5;52;5662053;M001;10.9624631548955;01;01;1;3;2;14;0;0;0
5;52;3567406;M001;11.7030617310362;01;01;1;2;2;17;0;0;0
5;52;5261610;M001;13.1601940475232;01;01;1;3;1;09;0;0;0
5;52;6286274;M001;11.9932808083019;01;01;1;4;2;13;0;0;0
5;52;2529531;M001;9.8967560916927;01;01;1;1;2;17;0;0;0
5;52;6105564;M001;13.2042529389864;01;01;1;4;1;11;0;0;0
5;52;3586557;M001;13.0391100423793;01;01;1;3;2;17;0;0;0
5;52;2960279;M001;8.0773161456;01;01;1;3;1;08;0;0;0
5;52;1273905;M001;13.4211631950448;01;01;1;4;2;09;0;0;0
5;52;2239401;M001;7.2669275404462;01;01;1;4;1;14;0;0;0
5;52;2309463;M001;9.3435017031457;01;01;1;1;2;01;0;0;0
5;52;7109235;M001;7.2288875496933;01;01;1;2;2;15;0;0;0
5;52;7997;M001;10.4103630706948;01;01;1;1;1;11;0;0;0
5;52;2291091;M001;11.1850522009883;01;01;1;2;2;14;0;0;0
5;52;4380248;M001;9.7790642722216;01;01;1;4;1;07;0;0;0
5;52;6365212;M001;13.8157615373687;01;01;1;3;2;12;0;0;0
5;52;3398784;M001;13.0504046595006;01;01;1;4;1;14;0;0;0
5;52;2331703;M001;8.3195931703664;02;01;1;1;1;04;0;0;0
5;52;3442489;M001;11.2567473668984;01;01;1;3;1;10;0;0;0
5;52;2943509;M001;10.4103630706948;01;01;1;2;1;14;0;0;0
5;52;3840680;M001;12.8038482653924;01;01;1;2;1;10;0;0;0
5;52;819612;M001;11.8413913926226;01;01;1;3;1;12;0;0;0
5;52;7070688;M001;5.2144288577165;01;01;1;1;2;17;0;0;0
5;52;1252924;M001;13.7989418137292;01;01;1;2;2;01;0;0;0
5;52;3808865;M001;12.200000357627;01;01;1;3;1;17;0;0;0
5;52;6031076;M001;9.2325270554906;01;01;1;1;1;09;0;0;0
5;52;6495662;M001;11.5371580435433;01;01;1;3;1;06;0;0;0
5;52;6495662;M002;11.5371580435433;01;01;1;3;2;17;0;0;0
5;52;547825;M001;8.8024954906269;01;01;1;3;1;10;0;0;0
5;52;4100377;M001;13.9439470866633;01;01;1;3;1;15;0;0;0
5;52;4682280;M001;10.8308640802813;01;01;1;1;2;15;0;0;0
5;52;5976825;M001;11.7173659767133;01;01;1;4;1;10;0;0;0
5;52;5868522;M001;8.0675342046611;01;01;1;1;2;14;0;0;0
5;52;2219549;M001;11.6675907632706;01;01;1;2;2;13;0;0;0
5;52;5642299;M001;9.4614433454727;01;01;1;1;2;08;0;0;0
5;52;355057;M001;9.5958706635287;01;01;1;3;1;01;0;0;0
5;52;581778;M001;10.8192147085821;01;01;1;4;1;04;0;0;0
5;52;6702847;M001;15.4777802176375;01;01;1;1;1;15;0;0;0
5;52;7644685;M001;16.2452955724301;01;01;1;3;1;13;0;0;0
5;52;2087192;M001;9.2017329704064;01;01;1;3;2;04;0;0;0
5;52;468922;M001;8.4256901702248;01;01;1;4;2;12;0;0;0
5;52;2483600;M001;9.1313980586455;01;01;1;1;2;10;0;0;0
5;52;1986488;M001;12.1031316631021;01;01;1;1;2;13;0;0;0
5;52;4673646;M001;8.9800985159022;01;01;1;2;1;06;0;0;0
5;52;5949888;M001;10.5716702721148;01;01;1;1;2;14;0;0;0
5;52;1198116;M001;10.9052503847068;01;01;1;2;1;17;0;0;0
5;52;5563256;M001;9.3558721241198;01;01;1;2;1;12;0;0;0
5;52;3967057;M001;5.2144288577165;01;01;1;3;1;05;0;0;0
5;52;1811452;M001;9.4072805055725;01;01;1;1;1;01;0;0;0
5;52;971375;M001;2.2421965327695;01;01;1;2;1;07;0;0;0
5;52;2619486;M001;3.1740649675912;01;01;1;4;1;12;0;0;0
5;52;5336727;M001;18.0640514074753;01;01;1;2;2;14;0;0;0
5;52;3175296;M001;11.1993725748262;01;01;1;3;1;06;0;0;0
5;52;2740852;M001;2.0662042729869;01;01;1;1;2;08;0;0;0
5;52;3604902;M001;1.9475853186763;01;05;1;1;2;17;0;0;0
5;52;1071702;M001;14.161908908075;01;01;1;1;1;05;0;0;0
5;52;3635770;M001;8.1142605779373;01;01;1;2;2;12;0;0;0
5;52;5251997;M001;7.7533480183724;01;01;1;1;1;07;0;0;0
5;52;825488;M001;5.3038319704997;01;01;1;4;2;06;0;0;0
5;52;7774144;M001;11.2022350723749;01;01;1;2;2;17;0;0;0
5;52;2999975;M001;8.7171023199426;01;01;1;1;1;14;0;0;0
5;52;4580904;M001;8.1701314048206;01;01;1;1;2;13;0;0;0
5;52;5379501;M001;9.9819460740176;01;01;1;3;2;06;0;0;0
5;52;2998123;M001;14.3187202821675;01;01;1;3;1;05;0;0;0
5;52;3208639;M001;8.8864547605493;01;01;1;3;1;15;0;0;0
5;52;3853540;M001;12.1891405757091;01;01;1;3;2;17;0;0;0
5;52;5069722;M001;10.0529127707663;01;01;1;2;1;14;0;0;0
5;52;3547822;M001;7.2222427565186;01;01;1;2;1;16;0;0;0
5;52;4472812;M001;12.540318321337;01;01;1;3;2;13;0;0;0
5;52;6931455;M001;5.661659818098;01;01;1;4;1;16;0;0;0
5;52;6931455;M002;5.661659818098;01;01;1;3;2;12;0;0;0
5;52;1651229;M001;14.6760942312055;01;01;1;3;1;13;0;0;0
5;52;977759;M001;15.1602390925621;01;01;1;3;1;15;0;0;0
5;52;7778320;M001;11.5127999373595;02;01;1;1;1;16;0;0;0
5;52;3756520;M001;12.3555083781867;01;01;1;2;2;17;0;0;0
5;52;4142703;M001;16.4707804851752;01;01;1;4;1;10;0;0;0
5;52;3033324;M001;14.0701307747522;01;01;1;2;1;10;0;0;0
5;52;3279037;M001;11.41099306772;01;01;1;2;2;15;0;0;0
5;52;4866720;M001;10.8500363751183;01;01;1;3;2;15;0;0;0
5;52;4078285;M001;8.0874409510117;01;01;1;3;2;10;0;0;0
5;52;117407;M001;6.5701354850377;01;01;1;3;1;14;0;0;0
5;52;5628684;M001;9.3457627572996;01;01;1;2;2;11;0;0;0
5;52;7276643;M001;10.2506756126991;01;01;1;3;1;01;0;0;0
5;52;1132453;M001;1.9676320635555;01;01;1;3;1;10;0;0;0
5;52;1456232;M001;1.8604428226282;01;01;1;1;1;16;0;0;0
5;52;3844470;M001;10.8335552187966;01;01;1;1;1;17;0;0;0
5;52;1014983;M001;10.8335552187966;01;01;1;1;1;04;0;0;0
5;52;2035019;M001;1.8632192526477;01;01;1;3;2;15;0;0;0
5;52;62541;M001;2.8633364218478;01;01;1;4;2;17;0;0;0
5;52;5051012;M001;1.1709610485598;01;01;1;4;2;13;0;0;0
5;52;6755133;M001;2.2582621034995;01;01;1;3;1;11;0;0;0
5;52;5411858;M001;1.9115004236002;01;01;1;4;1;15;0;0;0
5;52;6010828;M001;6.0109730281055;01;01;1;3;1;15;0;0;0
5;52;7678952;M001;11.7002948860922;01;01;1;2;1;01;0;0;0
5;52;4880363;M001;16.4526338184902;01;01;1;2;2;09;0;0;0
5;52;7275711;M001;2.024090152575;01;01;1;3;1;17;0;0;0
5;52;6530520;M001;6.8306783325189;01;01;1;2;2;12;0;0;0
5;52;6523377;M001;10.7399780899112;01;01;1;3;1;07;0;0;0
5;52;7749094;M001;10.6167488373415;01;01;1;3;2;12;0;0;0
5;52;645065;M001;2.5673956011471;01;05;1;3;1;08;0;0;0
5;52;645065;M002;2.5673956011471;01;05;1;3;2;08;0;0;0
5;52;6287414;M001;1.9206010088999;01;01;1;3;1;08;0;0;0
5;52;1631557;M001;14.5418418190618;01;01;1;4;1;17;0;0;0
5;52;4335003;M001;1.798245465098;01;01;1;4;2;16;0;0;0
5;52;4658661;M001;7.4244230829647;08;01;2;1;2;16;0;0;0
5;52;3500969;M001;14.5790080184238;01;01;1;4;1;12;0;0;0
5;52;1465725;M001;6.7571457587996;08;01;2;3;2;17;0;0;0
5;52;5923649;M001;35.3561425825222;05;01;2;4;1;11;0;0;0
5;52;3219289;M001;14.0147717104529;01;01;1;1;1;01;0;0;0
5;52;4767240;M001;12.3202721358068;01;01;1;3;2;17;0;0;0
5;52;4767240;M002;12.3202721358068;01;01;1;4;1;17;0;0;0
5;52;2906755;M001;10.9193508247713;01;01;1;4;1;14;0;0;0
5;52;58004;M001;10.434015929855;08;01;2;4;1;17;0;0;0
5;52;1488924;M001;12.3636872506667;08;01;2;3;2;15;0;0;0
5;52;7394247;M001;14.0720500109451;08;01;2;3;2;17;0;0;0
5;52;2458250;M001;5.6005379771131;01;01;1;4;2;12;0;0;0
5;52;7323097;M001;5.1406060601413;01;01;1;2;1;15;0;0;0
5;52;7401316;M001;4.0632454055341;01;01;1;3;1;16;0;0;0
5;52;3868289;M001;6.1655557217117;01;01;1;4;1;16;0;0;0
5;52;4778058;M001;4.2643040603601;01;01;1;3;2;17;0;0;0
5;52;7546074;M001;4.6996839621667;01;01;1;1;2;15;0;0;0
5;52;4782032;M001;5.2262904507486;01;01;1;2;2;17;0;0;0
5;52;5324456;M001;4.328710951369;01;01;1;2;1;11;0;0;0
5;52;6016333;M001;5.9678083677213;01;01;1;2;2;17;0;0;0
5;52;5939604;M001;4.8245660889352;01;01;1;2;2;09;0;0;0
5;52;5034689;M001;4.8245660889352;01;01;1;1;2;08;0;0;0
5;52;2775787;M001;6.32228237232;01;01;1;3;1;06;0;0;0
5;52;7587778;M001;5.3006349591055;01;01;1;1;1;17;0;0;0
5;52;5184425;M001;4.6560817002737;01;01;1;3;1;17;0;0;0
5;52;2246367;M001;3.9004135303568;01;01;1;3;2;16;0;0;0
5;52;4686673;M001;3.0776091688882;01;01;1;1;2;17;0;0;0
5;52;4073889;M001;4.7296378932364;01;01;1;3;1;09;0;0;0
5;52;5063420;M001;4.9903446038907;01;01;1;3;1;14;0;0;0
5;52;2001755;M001;4.7637964313719;01;01;1;4;1;13;0;0;0
5;52;3499482;M001;4.5923856624991;01;01;1;3;1;17;0;0;0
5;52;4330746;M001;6.4128648369987;01;01;1;2;2;17;0;0;0
5;52;4280692;M001;5.6285162018371;01;01;1;3;2;16;0;0;0
5;52;2870353;M001;5.595646106139;01;01;1;4;1;11;0;0;0
5;52;7172409;M001;5.8200055455205;01;01;1;4;2;17;0;0;0
5;52;5062382;M001;4.6135209117489;01;01;1;3;2;17;0;0;0
5;52;6528749;M001;4.8245660889352;01;01;1;4;1;17;0;0;0
5;52;4466420;M001;5.1503481407801;01;01;1;4;1;12;0;0;0
5;52;1070085;M001;7.3299332497477;01;01;1;1;2;16;0;0;0
5;52;4796178;M001;5.1162605050355;01;01;1;1;1;09;0;0;0
5;52;4796178;M002;5.1162605050355;01;01;1;2;1;16;0;0;0
5;52;1414688;M001;5.6301176695471;01;01;1;3;1;11;0;0;0
5;52;1844752;M001;5.309876204507;01;01;1;3;2;14;0;0;0
5;52;3323126;M001;5.136644968196;01;01;1;2;2;16;0;0;0
5;52;2454135;M001;2.3795679857908;01;01;1;1;2;13;0;0;0
5;52;5367127;M001;4.6803273670362;01;01;1;3;1;17;0;0;0
5;52;4031035;M001;7.0103586189978;01;01;1;4;1;10;0;0;0
5;52;1837134;M001;5.0693204233016;01;01;1;3;2;13;0;0;0
5;52;4776940;M001;5.4813044558568;01;01;1;2;1;08;0;0;0
5;52;7140838;M001;5.5922796198518;01;01;1;3;1;09;0;0;0
5;52;3388511;M001;4.3784052099378;01;01;1;1;1;08;0;0;0
5;52;2799168;M001;5.9023773018551;01;01;1;1;1;15;0;0;0
5;52;6482704;M001;9.0392806407493;01;01;1;2;1;11;0;0;0
5;52;4033310;M001;4.847039907011;01;01;1;4;1;06;0;0;0
5;52;4033310;M002;4.847039907011;01;01;1;4;2;17;0;0;0
5;52;5136356;M001;4.6958534045009;01;01;1;2;2;12;0;0;0
5;52;3179493;M001;4.2541901500929;01;01;1;2;1;17;0;0;0
5;52;4293139;M001;5.6316757670832;01;01;1;2;1;17;0;0;0
5;52;413226;M001;5.210442879652;01;01;1;1;1;10;0;0;0
5;52;3942855;M001;5.7701461658623;01;01;1;3;1;13;0;0;0
5;52;2566880;M001;5.3955844591399;01;01;1;3;1;11;0;0;0
5;52;3440584;M001;5.1057365570233;01;01;1;3;2;16;0;0;0
5;52;273890;M001;5.7939940911408;01;01;1;2;1;12;0;0;1
5;52;7420270;M001;4.8769649793906;01;01;1;4;1;16;0;0;1
5;52;6975224;M001;4.3077924315293;01;01;1;3;2;17;0;0;0
5;52;5528490;M001;6.7303064926017;01;01;1;4;2;17;0;0;0
5;52;4489729;M001;3.6792822723669;01;01;1;1;1;13;0;0;0
5;52;4254074;M001;6.1222506897661;01;01;1;2;1;17;0;0;0
5;52;4254074;M002;6.1222506897661;01;01;1;3;2;12;0;0;0
5;52;4611996;M001;5.6560137312404;01;01;1;2;1;13;0;0;0
5;52;5416117;M001;4.4317893238433;01;01;1;1;1;17;0;0;0
5;52;5355433;M001;4.195872977941;08;01;2;2;1;14;0;0;0
5;52;7487113;M001;4.7466687980896;08;01;2;4;2;12;0;0;0
5;52;5361589;M001;5.245534852645;08;01;2;2;1;17;0;0;0
5;52;252354;M001;4.530423924764;08;01;2;4;2;02;0;0;0
5;52;2544349;M001;5.6056070319287;08;01;2;1;2;16;0;0;0
5;52;1232167;M001;6.0262012704966;08;01;2;3;1;15;0;0;0
5;52;4284711;M001;5.659772444276;08;01;2;2;2;13;0;0;0
5;52;6827938;M001;3.6751493065897;08;01;2;1;2;10;0;0;0
5;52;4596578;M001;6.4925440016349;08;01;2;3;2;17;0;0;0
5;52;3612961;M001;4.0135012461772;01;01;1;2;2;09;0;0;0
5;52;4767985;M001;5.3138673482894;01;01;1;2;1;17;0;0;0
5;52;7150225;M001;5.8233897277952;01;01;1;4;1;01;0;0;1
5;52;4909740;M001;5.2555341954258;01;01;1;2;1;12;0;0;0
5;52;4790496;M001;5.4813044558568;01;01;1;2;1;13;0;0;0
5;52;3985167;M001;5.4813044558568;01;01;1;3;1;17;0;0;0
5;52;3588181;M001;6.0173245142756;01;01;1;3;1;17;0;0;0
5;52;3588181;M002;6.0173245142756;01;01;1;4;2;12;0;0;0
5;52;1498044;M001;4.7034810973639;08;01;2;3;2;10;0;0;0
5;52;894879;M001;4.596789761063;01;01;1;3;1;15;0;0;0
5;52;2552360;M001;5.6560137312404;01;01;1;3;2;09;0;0;0
5;52;6689779;M001;4.9568907936695;01;01;1;3;1;07;0;0;0
5;52;2242147;M001;5.1063940947692;02;01;1;2;2;12;0;0;0
5;52;7129872;M001;8.5772314148523;08;01;2;2;1;17;0;0;1
5;52;2676430;M001;4.0261564804584;08;01;2;3;1;17;0;0;0
5;52;1761762;M001;6.5076682671969;08;01;2;1;2;16;0;0;0
5;52;4337410;M001;10.8077571920831;01;01;1;4;2;17;0;0;0
5;52;4142879;M001;10.1246370137217;01;01;1;4;2;11;0;0;0
5;52;4441433;M001;10.8077571920831;01;01;1;3;2;08;0;0;0
5;52;4169229;M001;10.8565535006883;01;01;1;1;1;17;0;0;0
5;52;3602667;M001;9.4903131439655;01;01;1;3;2;16;0;0;0
5;52;3602667;M002;9.4903131439655;01;01;1;3;2;06;0;0;0
5;52;5095754;M001;10.1734333223269;01;01;1;1;1;15;0;0;0
5;52;6093874;M001;10.7589608834779;01;01;1;3;1;15;0;0;0
5;52;6426303;M001;10.1246370137217;01;01;1;4;2;11;0;0;0
5;52;6697114;M001;10.0758407051165;01;01;1;1;1;17;0;0;0
5;52;762973;M001;10.0758407051165;01;01;1;2;1;17;0;0;0
5;52;7454556;M001;10.0758407051165;01;01;1;1;1;12;0;0;0
5;52;7774057;M001;11.393284753234;01;01;1;4;1;11;0;0;0
5;52;3939728;M001;12.0957228008974;01;01;1;2;1;17;0;0;0
5;52;3939728;M002;12.0957228008974;01;01;1;3;1;12;0;0;0
5;52;1461392;M001;9.4903131439655;01;01;1;4;1;13;0;0;0
5;52;2715808;M001;10.0758407051165;01;01;1;1;1;13;0;0;0
5;52;1270003;M001;12.0276086229902;01;01;1;1;2;15;0;0;0
5;52;1834085;M001;8.6016815848142;01;01;1;3;1;12;0;0;0
5;52;1834085;M002;8.6016815848142;01;01;1;4;1;07;0;0;0
5;52;927132;M001;9.560526819506;01;01;1;4;1;17;0;0;0
5;52;622958;M001;12.353241344293;01;01;1;3;1;14;0;0;0
5;52;2444043;M001;9.1235778878172;01;01;1;1;2;02;0;0;0
5;52;2396977;M001;8.8113048994279;01;01;1;1;1;11;0;0;0
5;52;7527937;M001;9.745153162808;01;01;1;2;1;12;0;0;0
5;52;3153695;M001;10.7238850918751;01;01;1;1;1;13;0;0;0
5;52;3916735;M001;8.3776776240367;01;01;1;1;2;17;0;0;0
5;52;7554505;M001;9.7458000264994;01;01;1;1;1;12;0;0;0
5;52;7171297;M001;13.6911045989585;01;01;1;3;1;09;0;0;0
5;52;7032326;M001;5.382658308016;01;01;1;2;2;16;0;0;0
5;52;303510;M001;5.9497848250607;01;01;1;1;1;05;0;0;0
5;52;91797;M001;10.1246370137217;01;01;1;1;2;15;0;0;0
5;52;1755905;M001;10.1246370137217;01;01;1;4;1;05;0;0;0
5;52;2673986;M001;9.5391094525708;01;01;1;3;2;13;0;0;0
5;52;29007;M001;10.8077571920831;01;01;1;4;1;14;0;0;0
5;52;6177351;M001;10.2222296309321;01;01;1;2;2;11;0;0;0
5;52;6177351;M002;10.2222296309321;01;01;1;4;2;15;0;0;0
5;52;7157034;M001;10.2222296309321;01;01;1;4;2;09;0;0;0
5;52;6961964;M001;10.2222296309321;01;01;1;1;1;07;0;0;0
5;52;146762;M001;11.4908773704444;01;01;1;2;1;12;0;0;0
5;52;5497477;M001;10.0758407051165;01;01;1;1;2;17;0;0;0
5;52;5497477;M002;10.0758407051165;01;01;1;3;1;17;0;0;0
5;52;6913775;M001;10.1246370137217;01;01;1;1;1;14;0;0;0
5;52;5517103;M001;10.0758407051165;01;01;1;4;1;16;0;0;0
5;52;4154559;M002;10.8565535006883;01;01;1;1;1;05;0;0;0
5;52;1995811;M001;7.6289092279522;01;01;1;1;1;08;0;0;0
5;52;3651980;M001;7.3402856984164;01;01;1;1;1;13;0;0;0
5;52;6164811;M001;8.8190273210752;01;01;1;1;1;08;0;0;0
5;52;2678255;M001;12.1296545906656;01;01;1;3;1;09;0;0;0
5;52;2678255;M002;12.1296545906656;01;01;1;3;2;15;0;0;0
5;52;156857;M001;9.7458000264994;01;01;1;3;1;08;0;0;0
5;52;5275449;M001;13.6507472937182;08;01;2;1;2;01;0;0;0
5;52;5590064;M001;11.6200441170329;08;01;2;2;2;12;0;0;0
5;52;4316363;M001;8.1576636173893;08;01;2;3;2;16;0;0;0
5;52;364504;M001;8.3195317921028;08;01;2;3;1;14;0;0;0
5;52;5561319;M001;10.0758407051165;01;01;1;3;2;17;0;0;0
5;52;2509101;M001;9.4903131439655;01;01;1;3;2;15;0;0;0
5;52;65457;M001;10.7101645748726;01;01;1;1;2;17;0;0;0
5;52;3236241;M001;10.1900964403621;01;01;1;1;2;15;0;0;0
5;52;3437852;M001;8.8323665014853;01;01;1;4;2;13;0;0;0
5;52;5087659;M001;10.2979432399099;01;01;1;2;2;15;0;0;0
5;52;5087659;M002;10.2979432399099;01;01;1;2;1;11;0;0;0
5;52;1026931;M001;13.6942574911851;01;01;1;1;1;11;0;0;0
5;52;489771;M001;12.9999999999447;01;01;1;1;2;12;0;0;0
5;52;489771;M002;12.9999999999447;01;01;1;1;2;17;0;0;0
5;52;4354007;M001;9.5523068998376;01;01;1;3;2;10;0;0;0
5;52;3451763;M001;12.7540659803854;08;01;2;2;2;17;0;0;0
5;52;2681819;M001;8.937255166461;05;01;2;4;1;14;0;0;0
5;52;4274777;M001;4.6527867918687;01;01;1;3;1;08;0;0;0
5;52;7488328;M001;9.6787176620811;01;01;1;1;2;15;0;0;0
5;52;2682151;M001;7.1918251698142;01;01;1;3;2;17;0;0;0
5;52;1135311;M001;7.9032459401394;01;01;1;3;2;16;0;0;0
5;52;2547819;M001;10.0758407051165;01;01;1;2;1;06;0;0;0
5;52;2590617;M001;9.4903131439655;01;01;1;2;2;14;0;0;0
5;52;7472324;M001;10.4127807651775;01;01;1;1;2;16;0;0;0
5;52;1915246;M001;3.7936843809613;01;01;1;1;1;13;0;0;0
5;52;6034686;M001;3.0159272692551;01;01;1;2;2;02;0;0;0
5;52;1677526;M001;3.7180679777099;01;01;1;2;2;17;0;0;0
5;52;1201595;M001;2.4207214260876;01;01;1;3;1;11;0;0;0
5;52;5392940;M001;2.958288466461;01;01;1;1;2;12;0;0;0
5;52;4495790;M001;2.7719494811261;01;01;1;4;2;14;0;0;0
5;52;5917669;M001;3.0080591924274;01;01;1;2;2;14;0;0;0
5;52;1086208;M001;2.6645209153449;01;01;1;4;2;10;0;0;0
5;52;4414593;M001;2.8223622871712;01;01;1;4;1;05;0;0;0
5;52;6897041;M001;2.9850034927508;01;01;1;1;1;09;0;0;0
5;52;899063;M001;3.1859803894995;01;01;1;2;2;01;0;0;0
5;52;2823610;M001;3.0159272692551;01;01;1;3;2;04;0;0;0
5;52;11358;M001;4.1661336518238;01;01;1;1;1;13;0;0;0
5;52;26942;M001;2.592846884755;01;01;1;2;2;14;0;0;1
5;52;4949880;M001;3.2979052547072;01;01;1;1;1;13;0;0;0
5;52;2968854;M001;2.7004982137317;01;01;1;1;2;11;0;0;0
5;52;3260027;M001;4.1117751664931;01;01;1;1;1;13;0;0;0
5;52;4394791;M001;2.193925458457;08;01;2;1;1;17;0;0;0
5;52;716974;M001;2.3073991721031;01;01;1;2;2;13;0;0;0
5;52;7099223;M001;2.710082945288;01;01;1;3;1;11;0;0;0
5;52;3377669;M001;3.5090548937957;01;01;1;1;1;03;0;0;0
5;52;4619076;M001;3.0505915416653;01;01;1;4;2;09;0;0;0
5;52;6128806;M001;3.0505915416653;01;01;1;4;2;09;0;0;0
5;52;6946951;M001;3.6848965386948;01;01;1;1;1;14;0;0;0
5;52;2353284;M001;3.0080591924274;01;01;1;2;1;13;0;0;0
5;52;2549167;M001;3.3115273023212;01;01;1;2;1;14;0;0;0
5;52;6239235;M001;3.9464204800838;01;01;1;2;1;10;0;0;0
5;52;4097140;M001;2.8673135265282;01;01;1;4;1;14;0;0;0
5;52;2465307;M001;2.8673135265282;01;01;1;2;2;13;0;0;0
5;52;2949235;M001;1.5601907127747;01;01;1;4;1;16;0;0;0
5;52;3566814;M001;3.2070810056351;01;01;1;1;1;10;0;0;0
5;52;2309116;M001;2.5730364635716;01;01;1;4;1;08;0;0;0
5;52;2473619;M001;2.840464958914;08;01;2;1;2;14;0;0;0
5;52;3495106;M001;4.5148566362947;08;01;2;3;1;15;0;0;0
5;52;18116;M001;3.7786401922832;01;01;1;2;1;14;0;0;0
5;52;2067773;M001;2.5730364635716;01;01;1;2;2;16;0;0;0
5;52;1346041;M001;10.9559576396777;01;01;1;4;1;17;0;0;0
5;52;1493457;M001;10.7244461855001;01;01;1;3;2;09;0;0;0
5;52;3172643;M001;10.5324612915425;01;01;1;3;2;16;0;0;0
5;52;6404973;M001;8.1037966787547;01;01;1;1;1;16;0;0;0
5;52;4867721;M001;13.4517632502747;01;01;1;4;2;17;0;0;0
5;52;2950622;M001;10.4924670199725;01;01;1;2;2;05;0;0;0
5;52;2004632;M001;9.3272246743856;01;01;1;4;1;14;0;0;1
5;52;622753;M001;9.6716703595064;01;01;1;3;1;15;0;0;0
5;52;2764821;M001;6.0342780029835;01;01;1;1;1;05;0;0;0
5;52;2764821;M002;6.0342780029835;01;01;1;2;1;06;0;0;0
5;52;5257433;M001;11.8531554511101;01;01;1;4;1;01;0;0;0
5;52;3387227;M001;11.5359740714986;01;01;1;1;1;14;0;0;0
5;52;6034250;M001;11.4532673273442;01;01;1;1;1;04;0;0;0
5;52;231485;M001;10.7123579916814;01;01;1;3;1;09;0;0;0
5;52;1705574;M001;10.9620815396202;01;01;1;2;2;12;0;0;0
5;52;1705574;M002;10.9620815396202;01;01;1;3;1;13;0;0;0
5;52;5372734;M001;10.2231481968756;01;01;1;2;2;16;0;0;0
5;52;4792892;M001;9.6273379475833;01;01;1;3;2;14;0;0;0
5;52;4188897;M001;9.673478872708;01;01;1;3;1;08;0;0;0
5;52;2189404;M001;9.9378663441605;01;01;1;4;1;15;0;0;0
5;52;6699899;M001;8.3825559409737;01;01;1;2;2;13;0;0;0
5;52;1254849;M001;13.0194739117155;01;01;1;2;2;17;0;0;0
5;52;1223478;M001;12.1233293272652;01;01;1;1;2;01;0;0;0
5;52;5827779;M001;13.4057423164098;01;01;1;4;1;10;0;0;0
5;52;2795604;M001;6.8560918543054;01;01;1;4;2;16;0;0;0
5;52;3409388;M001;9.8362869634168;01;01;1;1;1;08;0;0;0
5;52;3409388;M002;9.8362869634168;01;01;1;4;1;15;0;0;0
5;52;7776018;M001;9.4597942836441;01;01;1;1;2;16;0;0;0
5;52;5001375;M001;10.3360070924436;01;01;1;1;1;17;0;0;0
5;52;1775095;M001;9.142640918799;08;01;2;3;1;15;0;0;0
5;52;7543128;M002;12.2419560836387;05;01;2;3;2;16;0;0;0
5;52;5821782;M001;9.307738540923;05;01;2;2;2;16;0;0;0
5;52;6185678;M001;7.3957040888314;05;01;2;3;2;13;0;0;0
5;52;969405;M001;11.0280540415959;08;01;2;2;1;08;0;0;0
5;52;4663505;M001;13.2972547187674;05;01;2;4;1;17;0;0;0
5;52;7581626;M001;15.2792712622568;08;01;2;4;1;02;0;0;0
5;52;3158856;M001;15.2546189390484;05;01;2;3;2;13;0;0;0
5;52;4688254;M001;8.047858560594;01;01;1;1;1;17;0;0;0
5;52;1989294;M001;11.5598779499897;01;01;1;2;1;15;0;0;0
5;52;2342033;M001;9.9232024206468;01;01;1;3;1;01;0;0;0
5;52;6246853;M001;13.8427843215931;01;01;1;3;2;10;0;0;0
5;52;7298557;M001;9.6738531857074;01;01;1;3;2;16;0;0;0
5;52;3899453;M001;8.180432306273;01;01;1;3;1;06;0;0;0
5;52;7021413;M001;8.5475969964196;01;01;1;4;2;14;0;0;0
5;52;2150570;M001;12.1573212943243;01;01;1;3;1;16;0;0;0
5;52;4691681;M001;10.3297118502388;01;01;1;1;2;01;0;0;0
5;52;7041989;M001;7.045614393992;08;01;2;3;1;16;0;0;0
5;52;1798041;M001;7.8595754820471;08;01;2;1;1;09;0;0;0
5;52;2919696;M001;16.6859126509055;08;01;2;3;2;17;0;0;0
5;52;1293239;M001;9.369579562103;01;01;1;3;1;07;0;0;0
5;52;4528465;M001;6.8560918543054;01;01;1;2;2;15;0;0;0
5;52;6615442;M001;2.0680146036508;05;01;2;2;2;17;0;0;0
5;52;5373076;M001;15.301696506696;01;01;1;4;1;17;0;0;0
5;52;2586324;M001;9.9842736331225;01;01;1;3;1;15;0;0;0
5;52;6723835;M001;8.2739886406476;01;01;1;2;1;17;0;0;0
5;52;380399;M001;14.5113215765522;01;01;1;2;2;01;0;0;0
5;52;3890896;M001;10.0957970867457;01;01;1;3;1;05;0;0;0
5;52;948763;M001;3.0141661229807;01;01;1;4;1;17;0;0;0
5;52;3259053;M001;3.2156124334865;01;01;1;2;1;17;0;0;0
5;52;2569808;M001;2.8364752182634;01;01;1;1;1;15;0;0;0
5;52;6982195;M001;3.950641057615;01;01;1;2;1;13;0;0;0
5;52;763037;M001;2.7621212182538;01;01;1;3;1;16;0;0;0
5;52;4663957;M001;1.905899870786;01;01;1;3;1;16;0;0;0
5;52;6339801;M001;3.731823888605;01;01;1;4;1;17;0;0;0
5;52;4143952;M001;2.8768366162203;01;01;1;3;2;17;0;0;0
5;52;6470016;M001;2.5398389857236;01;01;1;2;1;15;0;0;0
5;52;2939394;M001;2.924149426939;01;01;1;3;1;17;0;0;0
5;52;4993563;M001;3.2084784031212;01;01;1;1;1;06;0;0;0
5;52;2990703;M001;3.5670248524638;01;01;1;3;2;15;0;0;0
5;52;534830;M001;3.8515089018787;01;01;1;3;1;01;0;0;0
5;52;3293461;M001;1.9734911258555;01;01;1;4;1;17;0;0;0
5;52;5193330;M001;3.0978729497464;01;01;1;3;1;17;0;0;0
5;52;1987360;M001;2.667414919854;08;01;2;1;2;17;0;0;0
5;52;5983727;M001;2.8832407146194;08;01;2;4;2;13;0;0;0
5;52;1154816;M001;3.288188954222;08;01;2;2;1;15;0;0;0
5;52;1463326;M001;1.2870633701224;08;01;2;4;1;15;0;0;0
5;52;759353;M001;2.3451814002834;08;01;2;1;2;17;0;0;0
5;52;765328;M001;3.6724268145155;08;01;2;1;2;17;0;0;0
5;52;3207212;M001;2.6788140175329;08;01;2;3;1;04;0;0;0
5;52;2342402;M001;1.7515441312687;08;01;2;1;2;17;0;0;0
5;52;851582;M001;3.19600033204;03;01;1;3;2;15;0;0;0
5;52;7454162;M001;2.949843894746;01;01;1;4;1;15;0;0;0
5;52;4316953;M001;2.3934210317589;01;01;1;3;2;15;0;0;0
5;52;1404232;M001;3.3937888435256;01;01;1;2;1;10;0;0;0
5;52;4521980;M001;2.6312177356983;01;01;1;4;2;08;0;0;0
5;52;1254157;M001;3.2084784031212;01;01;1;3;1;11;0;0;0
5;52;1254157;M002;3.2084784031212;01;01;1;3;1;10;0;0;0
5;52;6438857;M001;3.0479215233199;01;01;1;2;1;17;0;0;0
5;52;7144073;M001;10.044446595186;01;01;1;4;1;07;0;0;0
5;52;1740886;M001;11.4316941618087;01;01;1;4;1;17;0;0;0
5;52;4143388;M001;11.41502257313;01;01;1;1;2;15;0;0;0
5;52;7796219;M001;8.8231267856488;01;01;1;3;2;16;0;0;0
5;52;102392;M001;10.6044481887358;01;01;1;4;1;15;0;0;0
5;52;7104751;M001;19.5144360008289;01;01;1;1;2;17;0;0;0
5;52;1703132;M001;19.7201810340605;01;01;1;3;1;15;0;0;0
5;52;432658;M001;11.0167653759321;01;01;1;2;1;11;0;0;0
5;52;5013672;M001;13.669848182953;01;01;1;2;1;11;0;0;0
5;52;4236006;M001;11.4472297356651;01;01;1;3;1;05;0;0;0
5;52;7322210;M001;8.6185826802221;01;01;1;1;1;17;0;0;0
5;52;4122152;M001;11.039676795364;01;01;1;2;2;17;0;0;0
5;52;2733799;M001;9.6403962891226;01;01;1;3;1;13;0;0;0
5;52;734554;M001;10.620058623282;01;01;1;4;1;14;0;0;0
5;52;186922;M001;10.9165783602025;01;01;1;3;1;13;0;0;0
5;52;5948778;M001;11.039676795364;01;01;1;3;1;14;0;0;0
5;52;7689309;M001;11.1185028362094;01;01;1;4;2;17;0;0;0
5;52;3612794;M001;8.3316660172625;01;01;1;2;2;17;0;0;0
5;52;2693564;M001;8.3316660172625;01;01;1;3;2;12;0;0;0
5;52;641662;M001;8.1654499670413;01;01;1;4;1;16;0;0;0
5;52;770468;M001;8.218348572096;01;01;1;1;1;07;0;0;0
5;52;24152;M001;9.5315084543535;01;01;1;3;1;09;0;0;0
5;52;7333555;M001;10.7303311722253;01;01;1;1;1;16;0;0;0
5;52;4137818;M001;11.3259496472413;01;01;1;1;1;06;0;0;0
5;52;1393005;M001;13.7665722421749;01;01;1;1;2;17;0;0;0
5;52;3964778;M001;9.3595789701648;01;01;1;1;1;11;0;0;0
5;52;2575781;M001;10.6653483157203;01;01;1;2;1;12;0;0;0
5;52;6524923;M001;6.5862157741967;01;01;1;1;1;01;0;0;0
5;52;6524923;M002;6.5862157741967;01;01;1;1;1;01;0;0;0
5;52;6210855;M001;9.036216692581;01;01;1;3;1;16;0;0;0
5;52;5997182;M001;6.3486030356385;01;01;1;1;2;17;0;0;0
5;52;3175269;M001;8.1607827068637;01;01;1;2;2;17;0;0;0
5;52;768531;M001;12.4246270914323;01;01;1;2;1;06;0;0;0
5;52;597978;M001;10.4595327079774;01;01;1;2;1;11;0;0;0
5;52;3554837;M001;11.6632625480789;01;01;1;3;1;17;0;0;0
5;52;4069910;M001;9.4425940870057;01;01;1;4;1;16;0;0;0
5;52;7663724;M001;17.4068431327392;01;01;1;1;1;11;0;0;0
5;52;1468804;M001;10.759149009314;01;01;1;1;1;14;0;0;0
5;52;6429224;M001;11.786138167716;01;01;1;3;1;14;0;0;0
5;52;3619286;M001;11.0904629961812;01;01;1;3;1;17;0;0;0
5;52;5848593;M001;10.5806725433329;01;01;1;3;2;15;0;0;0
5;52;6241114;M001;9.0192103574564;01;01;1;4;2;17;0;0;0
5;52;7322701;M001;13.4542221460393;01;01;1;1;1;12;0;0;0
5;52;3772339;M001;10.9165783602025;01;01;1;3;1;13;0;0;0
5;52;6321325;M001;7.480821580634;01;01;1;3;1;17;0;0;0
5;52;4467477;M001;9.9093897935109;01;01;1;3;2;17;0;0;0
5;52;6529118;M001;8.3881329061706;01;01;1;1;1;15;0;0;0
5;52;6529118;M002;8.3881329061706;01;01;1;2;2;15;0;0;0
5;52;2008918;M001;7.5299250274311;01;01;1;3;1;08;0;0;0
5;52;5116059;M001;17.3162934548131;01;01;1;2;1;15;0;0;0
5;52;5116059;M002;17.3162934548131;01;01;1;4;1;14;0;0;0
5;52;4787660;M001;13.4354421010174;01;01;1;1;1;17;0;0;0
5;52;1453735;M001;11.786138167716;01;01;1;1;1;12;0;0;0
5;52;2716547;M001;10.759149009314;01;01;1;3;1;16;0;0;0
5;52;4278510;M001;9.7802799365133;01;01;1;1;2;17;0;0;0
5;52;1795264;M001;5.2686722399209;01;01;1;2;2;16;0;0;0
5;52;2040940;M001;15.9346808992326;01;01;1;1;1;13;0;0;0
5;52;5234009;M001;6.3259145768365;01;01;1;1;2;09;0;0;0
5;52;6155779;M001;8.0934522861756;01;01;1;1;1;17;0;0;0
5;52;6909355;M001;13.4665514830091;01;01;1;1;2;17;0;0;0
5;52;2496119;M001;8.3190020025027;01;01;1;1;1;12;0;0;0
5;52;6507316;M001;8.1529336055531;08;01;2;1;1;14;0;0;0
5;52;2542685;M001;10.063375293298;08;01;2;4;2;14;0;0;0
5;52;5724269;M001;11.9269452285192;08;01;2;2;1;16;0;0;0
5;52;1166218;M001;10.9729775560055;03;01;1;3;1;17;0;0;0
5;52;4556360;M001;8.9648727834665;03;01;1;1;2;16;0;0;0
5;52;4566868;M001;12.6358508588751;08;01;2;3;2;14;0;0;0
5;52;196815;M001;13.2651020897785;08;01;2;4;2;15;0;0;0
5;52;4416535;M001;12.3707159896086;01;01;1;2;1;17;0;0;0
5;52;210227;M001;8.2504854486202;01;01;1;3;1;17;0;0;0
5;52;310386;M001;9.5801140593871;01;01;1;2;1;17;0;0;0
5;52;5477854;M001;9.1394268044155;01;01;1;3;2;16;0;0;0
5;52;7149131;M001;9.8766337963076;01;01;1;1;1;17;0;0;0
5;52;4561651;M001;13.0102505780984;01;01;1;1;2;15;0;0;0
5;52;140539;M001;6.5983062755309;01;01;1;1;2;16;0;0;0
5;52;1020029;M001;11.7962749856685;01;01;1;4;1;10;0;0;0
5;52;27673;M001;16.6830664437297;01;01;1;1;1;14;0;0;0
5;52;4325133;M001;7.1895931388655;01;01;1;1;1;03;0;0;0
5;52;5090864;M001;10.6376521942764;01;01;1;2;1;17;0;0;0
5;52;1371199;M001;12.9716514217647;01;01;1;4;1;15;0;0;0
5;52;3150186;M001;12.7534445078375;01;01;1;3;1;15;0;0;0
5;52;4415326;M001;10.8214629767786;01;01;1;3;1;05;0;0;0
5;52;539087;M001;17.0111340819231;01;01;1;3;1;03;0;0;0
5;52;1703521;M001;12.3721389344521;01;01;1;3;2;14;0;0;0
5;52;4036720;M001;10.6537938608273;01;01;1;3;2;10;0;0;0
5;52;3627024;M001;10.2088679335599;01;01;1;2;2;13;0;0;0
5;52;5766524;M001;14.5424864936454;01;01;1;3;1;12;0;0;0
5;52;5671223;M001;14.1109668714588;01;01;1;3;2;13;0;0;0
5;52;7605977;M001;10.5013925634329;01;01;1;3;1;11;0;0;0
5;52;6813596;M001;9.2418576308182;01;01;1;2;1;09;0;0;0
5;52;123607;M001;9.7140136478046;01;01;1;2;1;08;0;0;0
5;52;2625552;M001;10.6132398150284;01;01;1;1;1;16;0;0;0
5;52;5706628;M001;4.711078878376;01;01;1;3;2;13;0;0;0
5;52;1135105;M001;3.5105340666269;01;01;1;1;1;17;0;0;0
5;52;5378314;M001;5.1941306947615;01;01;1;1;1;17;0;0;0
5;52;4965021;M001;5.2374890608577;01;01;1;2;1;08;0;0;0
5;52;37007;M001;3.9084016316051;01;01;1;2;1;17;0;0;0
5;52;37007;M002;3.9084016316051;01;01;1;4;1;11;0;0;0
5;52;425277;M001;3.3036643909547;01;01;1;2;1;12;0;0;0
5;52;1122116;M001;5.0645859243553;01;01;1;2;1;17;0;0;0
5;52;1122116;M002;5.0645859243553;01;01;1;3;2;17;0;0;0
5;52;5511172;M001;3.7182769918382;01;01;1;3;2;17;0;0;0
5;52;5831571;M001;8.2435979114059;01;01;1;1;1;09;0;0;0
5;52;7036497;M001;5.1313821550623;01;01;1;2;2;17;0;0;0
5;52;3779957;M001;3.9687591588475;01;01;1;1;2;17;0;0;0
5;52;5584932;M001;3.7442812705331;01;01;1;2;2;16;0;0;0
5;52;3957753;M001;4.4388733348509;01;01;1;4;1;13;0;0;0
5;52;5021636;M001;5.3305878340481;01;01;1;4;1;11;0;0;0
5;52;4032163;M001;6.2954789974211;01;01;1;3;2;15;0;0;0
5;52;5671848;M001;3.2916256237053;01;01;1;3;1;10;0;0;0
5;52;4245747;M001;6.6772436275214;01;01;1;2;1;17;0;0;0
5;52;3141855;M001;4.332836313626;01;01;1;2;1;17;0;0;0
5;52;6681207;M001;5.9647361724965;01;01;1;2;1;11;0;0;0
5;52;4581665;M001;6.6286286814312;01;01;1;2;1;13;0;0;0
5;52;6820916;M001;3.7934640118044;01;01;1;2;1;16;0;0;0
5;52;423674;M001;4.480259465622;01;01;1;1;1;16;0;0;0
5;52;3587339;M001;3.9131064413645;01;01;1;3;2;17;0;0;0
5;52;7002187;M001;9.5229977876595;08;01;2;4;1;17;0;0;0
5;52;5880962;M001;3.2956776631761;08;01;2;2;2;14;0;0;0
5;52;1943786;M001;1.3859160503956;08;01;2;3;1;09;0;0;0
5;52;7470121;M001;3.9453334351422;01;01;1;4;2;17;0;0;0
5;52;7437885;M001;5.799002441932;01;01;1;4;1;15;0;0;0
5;52;4643751;M001;5.7652301020609;01;01;1;3;2;14;0;0;0
5;52;1397977;M001;8.3582289219986;01;01;1;2;2;16;0;0;0
5;52;1751881;M001;11.467170364165;01;01;1;4;1;15;0;0;0
5;52;1801516;M001;6.8195630091433;01;01;1;1;2;12;0;0;0
5;52;7495575;M001;6.1854146706949;01;01;1;3;2;11;0;0;0
5;52;191811;M001;5.5483551777272;01;01;1;3;2;17;0;0;0
5;52;553459;M001;5.7649265956445;01;01;1;3;1;06;0;0;0
5;52;1650697;M001;3.7789742902113;01;01;1;2;2;17;0;0;0
5;52;6764155;M001;4.8326952992625;01;01;1;3;2;12;0;0;0
5;52;7095536;M001;4.7351308688571;08;01;2;3;2;12;0;0;0
5;52;1153664;M001;4.6809547383496;08;01;2;2;1;06;0;0;0
5;52;2002690;M001;2.9803282714032;01;01;1;2;1;17;0;0;0
5;52;3127260;M001;2.9752916889293;01;01;1;4;2;17;0;0;0
5;52;118511;M001;3.4455543289247;01;01;1;2;2;14;0;0;0
5;52;1146987;M001;3.3394020566472;01;01;1;2;1;10;0;0;0
5;52;551593;M001;2.0927842945931;01;01;1;3;1;17;0;0;0
5;52;427770;M001;3.3746255008936;01;01;1;2;1;16;0;0;0
5;52;4643081;M001;3.2494592864576;01;01;1;1;1;17;0;0;0
5;52;5486898;M001;1.900591514932;01;01;1;1;2;05;0;0;0
5;52;3415242;M001;3.9722999947527;01;01;1;2;1;16;0;0;0
5;52;2152704;M001;2.9002095382657;01;01;1;3;1;16;0;0;0
5;52;549172;M001;3.0807462165253;01;01;1;3;2;16;0;0;0
5;52;5248564;M001;3.8489137543554;01;01;1;4;2;17;0;0;0
5;52;5864994;M001;3.8489137543554;01;01;1;1;2;17;0;0;0
5;52;860891;M001;3.3682189385547;08;01;2;1;2;11;0;0;0
5;52;1265498;M001;2.8382972541275;08;01;2;2;2;14;0;0;0
5;52;4452317;M001;2.1212565904456;01;01;1;1;2;09;0;0;0
5;52;1938583;M001;3.8958586209896;01;01;1;1;2;17;0;0;0
5;52;1517404;M001;3.1472439358025;01;01;1;3;1;15;0;0;0
5;52;3584115;M001;4.6296120486057;01;01;1;1;2;13;0;0;0
5;52;3755401;M001;3.1472439358025;01;01;1;4;1;17;0;0;0
5;52;2597839;M002;3.2754988074094;01;01;1;3;1;14;0;0;0
5;52;4153483;M001;2.1970278095856;01;01;1;4;2;16;0;0;0
5;52;4280652;M001;4.1992101101486;01;01;1;2;2;17;0;0;0
5;52;5491177;M001;3.2343399118544;01;01;1;3;1;12;0;0;0
5;52;1459467;M001;3.7533478244166;01;01;1;2;1;13;0;0;0
5;52;5287891;M001;3.0168453092789;01;01;1;2;1;14;0;0;0
5;52;1182942;M001;4.0762953194464;01;01;1;2;1;12;0;0;0
5;52;2165028;M001;2.0460582759194;02;01;1;4;1;17;0;0;0
5;52;7392428;M001;2.7654018128222;02;01;1;2;2;10;0;0;0
5;52;338565;M001;3.205599194207;01;01;1;3;1;11;0;0;0
5;52;1531599;M001;3.9817018737568;01;01;1;2;1;07;0;0;0
5;52;6020575;M001;3.4039376924671;01;01;1;2;1;14;0;0;0
5;52;3450062;M001;2.8110510862816;01;01;1;2;1;14;0;0;0
5;52;2828924;M001;2.6288178257565;01;01;1;3;1;12;0;0;0
5;52;7045703;M001;4.21110343277;01;01;1;1;2;12;0;0;0
5;52;6710772;M001;3.6525544805638;01;01;1;3;2;12;0;0;0
5;52;7762244;M001;4.0937113962596;01;01;1;1;1;12;0;0;0
5;52;738315;M001;3.1799832538569;01;01;1;1;1;13;0;0;0
5;52;1427067;M001;3.3847744688717;01;01;1;4;2;09;0;0;0
5;52;847545;M001;2.6450199531712;01;01;1;3;1;10;0;0;0
5;52;6306175;M001;2.8487698819335;01;01;1;3;1;08;0;0;0
5;52;4106011;M001;3.1692809748358;01;01;1;4;1;08;0;0;0
5;52;4106011;M002;3.1692809748358;01;01;1;4;1;07;0;0;0
5;52;2288577;M001;2.9557818860215;01;01;1;2;1;08;0;0;0
5;52;4059971;M001;3.0433992667912;01;01;1;3;1;13;0;0;0
5;52;3232749;M001;2.6336241134554;01;01;1;3;2;09;0;0;0
5;52;4462601;M001;3.1692809748358;01;01;1;1;1;16;0;0;0
5;52;6693472;M001;3.1466558805285;01;01;1;3;1;17;0;0;0
5;52;7377496;M001;2.4887334357157;01;01;1;4;2;15;0;0;0
5;52;4114754;M001;4.2643921900546;01;01;1;1;2;05;0;0;0
5;52;3750715;M001;5.2210499029344;08;01;2;2;2;16;0;0;0
5;52;6354221;M001;3.855753176927;08;01;2;1;1;17;0;0;0
5;52;6529898;M001;8.5017968225623;01;01;1;3;2;06;0;0;0
5;52;3288530;M001;7.0215686146268;01;01;1;2;1;15;0;0;0
5;52;3288530;M002;7.0215686146268;01;01;1;2;1;07;0;0;0
5;52;3288530;M003;7.0215686146268;01;01;1;2;2;15;0;0;0
5;52;6487905;M001;9.0433501611742;01;01;1;3;2;17;0;0;0
5;52;722917;M001;9.4750252448981;01;01;1;2;2;15;0;0;0
5;52;7080619;M001;14.014458261688;01;01;1;3;1;11;0;0;0
5;52;6508727;M001;8.7028183327935;01;01;1;4;2;16;0;0;0
5;52;4990719;M001;10.3870192934102;01;01;1;4;1;16;0;0;0
5;52;7613039;M001;8.5365096243339;01;01;1;1;2;13;0;0;0
5;52;103941;M001;7.5397265348203;01;01;1;1;1;16;0;0;0
5;52;103941;M002;7.5397265348203;01;01;1;1;1;07;0;0;0
5;52;2156786;M001;7.5397265348203;01;01;1;3;2;16;0;0;0
5;52;5730460;M001;7.5397265348203;01;01;1;1;1;17;0;0;0
5;52;6843656;M001;10.9891282647563;01;01;1;4;2;04;0;0;0
5;52;2482806;M001;13.3893682756443;01;01;1;3;2;17;0;0;0
5;52;5719656;M001;9.6574493320619;01;01;1;2;2;13;0;0;0
5;52;6924350;M001;9.9965614087729;01;01;1;1;1;12;0;0;0
5;52;3011803;M001;8.8038645997266;01;01;1;3;1;17;0;0;0
5;52;4800768;M001;11.7237021420903;01;01;1;3;2;17;0;0;0
5;52;4708635;M001;10.6201274827494;01;01;1;3;2;17;0;0;0
5;52;4057451;M001;11.7285404174108;01;01;1;1;2;17;0;0;0
5;52;6828173;M001;13.9068658036919;01;01;1;2;1;08;0;0;0
5;52;1559408;M001;5.739184499259;01;01;1;2;2;17;0;0;0
5;52;4597182;M001;14.5743785336134;01;01;1;3;2;17;0;0;0
5;52;5620905;M001;5.0991278833675;01;01;1;4;1;12;0;0;0
5;52;2833046;M001;2.0059574468085;01;01;1;1;2;14;0;0;0
5;52;2117510;M001;10.0586712181047;01;01;1;1;1;17;0;0;0
5;52;5772681;M002;8.8286711898498;01;01;1;4;2;14;0;0;0
5;52;7760334;M001;14.6544251664678;01;01;1;3;1;15;0;0;0
5;52;7676252;M001;8.0959240749364;01;01;1;3;1;17;0;0;0
5;52;456312;M001;8.8854501152166;01;01;1;2;2;07;0;0;0
5;52;3128209;M001;11.260542537885;01;01;1;2;1;15;0;0;0
5;52;7023020;M001;1.9828771144271;01;01;1;3;1;10;0;0;0
5;52;449004;M001;1.6843111481793;01;01;1;3;1;08;0;0;0
5;52;6927841;M001;2.3746434325232;01;01;1;3;1;06;0;0;0
5;52;1953523;M001;1.7728303295611;01;01;1;3;1;08;0;0;0
5;52;5005915;M001;10.5205281068346;01;01;1;2;2;09;0;0;0
5;52;5710997;M001;6.4192544636574;01;01;1;3;2;17;0;0;0
5;52;7751290;M002;8.4875268974382;01;01;1;4;2;15;0;0;0
5;52;5274829;M001;6.5866740803717;01;01;1;2;1;16;0;0;0
5;52;2653677;M001;13.750455028112;01;01;1;1;2;17;0;0;0
5;52;2905579;M001;7.6203191659483;01;01;1;3;2;01;0;0;1
5;52;1338524;M001;9.6843722867093;01;01;1;3;1;17;0;0;0
5;52;7450236;M001;8.8538017504576;01;01;1;3;1;11;0;0;0
5;52;3221260;M001;5.656482961854;01;01;1;3;1;15;0;0;0
5;52;5004059;M001;2.3216562016705;01;01;1;4;1;05;0;0;0
5;52;5609449;M001;10.0311419695234;01;01;1;3;2;13;0;0;0
5;52;2752983;M001;9.5604616816772;01;01;1;1;2;17;0;0;0
5;52;646276;M001;7.6223643322658;01;01;1;2;2;17;0;0;0
5;52;3939841;M001;7.2744337363242;01;01;1;1;2;16;0;0;0
5;52;6161944;M001;10.7846951320812;01;01;1;2;1;17;0;0;0
5;52;6538245;M001;8.4573725281868;01;01;1;1;1;11;0;0;0
5;52;2850288;M001;11.0222932127125;01;01;1;1;2;14;0;0;0
5;52;4477410;M001;9.2618454882946;01;01;1;3;1;17;0;0;0
5;52;2186682;M001;8.5332940126776;01;01;1;4;2;13;0;0;0
5;52;2482849;M001;11.235756035491;01;01;1;4;2;11;0;0;0
5;52;297609;M001;9.1110610540039;01;01;1;1;2;12;0;0;0
5;52;6476410;M001;8.0395363780133;01;01;1;2;1;14;0;0;0
5;52;5977813;M001;10.856882256213;01;01;1;3;2;16;0;0;0
5;52;4373434;M001;10.2751118866905;01;01;1;3;2;16;0;0;0
5;52;1936586;M001;10.9690066006233;01;01;1;4;2;13;0;0;0
5;52;3222046;M001;17.0303941477257;01;01;1;2;2;15;0;0;0
5;52;4163709;M001;11.7590378443038;01;01;1;1;1;12;0;0;0
5;52;6399552;M001;15.5613196751302;01;01;1;3;1;05;0;0;0
5;52;9698;M001;9.3637223656388;01;01;1;3;1;05;0;0;0
5;52;1210615;M001;9.471466884623;01;01;1;1;1;16;0;0;0
5;52;2842371;M001;15.6790389156268;01;01;1;1;1;15;0;0;0
5;52;6665924;M001;10.321966649857;01;01;1;1;1;14;0;0;0
5;52;6379657;M001;13.1385435091998;01;01;1;4;1;17;0;0;0
5;52;6372425;M001;10.5910207929917;01;01;1;1;1;07;0;0;0
5;52;6126986;M001;12.0090923876364;01;01;1;3;1;16;0;0;0
5;52;641643;M001;10.5863336700839;01;01;1;1;1;15;0;0;0
5;52;6584071;M001;8.1607156433571;01;01;1;4;1;17;0;0;0
5;52;198157;M001;13.2179245024849;01;01;1;3;1;13;0;0;0
5;52;6213595;M001;14.2410508083368;01;01;1;1;2;17;0;0;0
5;52;7716727;M001;9.4653324771603;01;01;1;4;1;12;0;0;0
5;52;4836454;M001;13.8173771881261;01;01;1;1;2;11;0;0;0
5;52;5013366;M001;8.1611055267983;01;01;1;1;2;15;0;0;0
5;52;583622;M001;10.3637865210872;01;01;1;2;2;11;0;0;0
5;52;5382690;M001;11.2371029996576;01;01;1;2;1;08;0;0;0
5;52;6069278;M001;10.8643141715981;01;01;1;1;2;15;0;0;0
5;52;2311474;M001;13.9948371693418;01;01;1;2;1;17;0;0;0
5;52;3329471;M001;3.1098290205512;01;01;1;4;2;16;0;0;0
5;52;2147373;M001;11.5898269512039;01;01;1;4;1;16;0;0;0
5;52;3965932;M001;3.0623986707495;01;01;1;2;1;17;0;0;0
5;52;637814;M001;5.2287323208136;01;01;1;2;2;14;0;0;0
5;52;2677571;M001;9.4152964036379;01;01;1;4;2;15;0;0;0
5;52;2677571;M002;9.4152964036379;01;01;1;4;1;15;0;0;0
5;52;3383626;M001;8.8761605139439;01;01;1;3;1;13;0;0;0
5;52;6044092;M001;14.8140939740628;01;01;1;4;2;16;0;0;0
5;52;6255503;M001;6.4082797009399;01;01;1;3;2;17;0;0;0
5;52;4772748;M001;8.3665970987931;01;01;1;2;1;17;0;0;0
5;52;52005;M001;7.0438364405714;01;01;1;4;1;17;0;0;0
5;52;1818404;M001;15.0139878017936;01;01;1;1;2;10;0;0;0
5;52;2934159;M001;10.6777117430869;01;01;1;2;1;12;0;0;0
5;52;325870;M001;10.2978045270792;01;01;1;3;1;12;0;0;0
5;52;876034;M001;9.749784614629;01;01;1;1;1;09;0;0;0
5;52;4757039;M001;9.3894611690079;01;01;1;4;1;01;0;0;0
5;52;3723031;M001;9.8009442204306;01;01;1;1;2;15;0;0;0
5;52;3663139;M001;10.1865920372233;01;01;1;2;1;11;0;0;0
5;52;5179797;M001;9.5136195126135;01;01;1;4;2;17;0;0;0
5;52;627012;M001;10.4520770039103;01;01;1;3;1;10;0;0;0
5;52;5287352;M001;9.1202446376655;01;01;1;1;1;12;0;0;0
5;52;1934426;M001;10.869322041206;01;01;1;1;1;07;0;0;0
5;52;7114346;M001;9.1532776851699;01;01;1;2;1;15;0;0;0
5;52;724394;M001;10.8976115410727;01;01;1;1;2;17;0;0;0
5;52;554303;M001;12.2957974879383;01;01;1;2;2;17;0;0;0
5;52;5190369;M001;13.0974120142302;01;01;1;3;1;13;0;0;0
5;52;3105232;M001;8.1945223337795;01;01;1;1;2;15;0;0;0
5;52;7744421;M001;15.627180557791;01;01;1;3;1;17;0;0;0
5;52;5443870;M001;11.0691001606646;01;01;1;4;1;15;0;0;0
5;52;1144367;M001;10.1865920372233;01;01;1;2;2;13;0;0;0
5;52;7527447;M001;10.4350221905476;01;01;1;4;1;06;0;0;0
5;52;2044612;M001;15.8269900980838;01;01;1;3;2;13;0;0;0
5;52;2456599;M001;6.2604001815979;01;01;1;4;1;06;0;0;0
5;52;3577240;M001;13.558194380922;01;01;1;3;2;17;0;0;0
5;52;7062064;M001;9.0580503812138;01;01;1;2;2;10;0;0;0
5;52;1505805;M001;7.0712956620674;01;01;1;3;1;04;0;0;0
5;52;2634198;M001;13.5503331733628;01;01;1;4;1;05;0;0;0
5;52;3838874;M001;14.5887799691767;01;01;1;4;1;16;0;0;0
5;52;5804360;M001;12.0504531273617;01;01;1;4;2;17;0;0;0
5;52;2245448;M001;10.2713105282031;01;01;1;2;1;16;0;0;0
5;52;1127149;M001;10.5791007653303;01;01;1;3;2;11;0;0;0
5;52;5111116;M001;9.6927559639573;01;01;1;4;1;17;0;0;0
5;52;6946864;M001;10.5227284628929;01;01;1;4;2;15;0;0;0
5;52;5798789;M001;8.5707874932662;01;01;1;4;1;17;0;0;0
5;52;69170;M001;11.3846395157579;01;01;1;3;2;11;0;0;0
5;52;4498053;M001;15.5045729915366;01;01;1;4;1;17;0;0;0
5;52;5579;M001;7.2380659046837;01;01;1;2;2;11;0;0;0
5;52;5187538;M001;14.4204726042087;08;01;2;3;2;01;0;0;0
5;52;6204678;M001;7.073449683689;08;01;2;4;2;09;0;0;0
5;52;5299557;M001;12.4375927152932;08;01;2;3;2;14;0;0;0
5;52;5260002;M001;6.4747212339309;01;01;1;2;1;15;0;0;0
5;52;3537119;M001;8.5191797973022;01;01;1;3;2;09;0;0;0
5;52;4333704;M001;8.8854501152166;01;01;1;4;1;01;0;0;0
5;52;913496;M001;9.0268350588559;01;01;1;3;1;13;0;0;0
5;52;5758722;M001;9.197453413188;01;01;1;2;2;09;0;0;0
5;52;1257250;M001;6.5242138867986;01;01;1;3;1;13;0;0;0
5;52;202885;M001;5.7556266834587;01;01;1;4;1;16;0;0;0
5;52;2511428;M001;9.3830030448366;01;01;1;2;1;13;0;0;0
5;52;7665431;M001;9.3654277463905;01;01;1;2;2;01;0;0;0
5;52;4188877;M001;11.0607529501337;01;01;1;1;2;13;0;0;0
5;52;6901009;M001;11.8878119448778;01;01;1;2;1;07;0;0;0
5;52;3707765;M001;9.5095906593521;01;01;1;4;2;04;0;0;0
5;52;4681775;M001;3.6966955638136;01;01;1;4;2;17;0;0;0
5;52;2319885;M001;3.560243260365;01;01;1;3;1;16;0;0;1
5;52;6280303;M001;2.9059446319656;01;01;1;4;2;15;0;0;0
5;52;2424801;M001;2.1667972394862;01;01;1;1;1;17;0;0;0
5;52;6434602;M001;2.804354462818;01;01;1;3;1;17;0;0;0
5;52;321955;M001;1.6731254246596;01;01;1;2;2;14;0;0;0
5;52;5076818;M001;1.9547190109428;01;01;1;4;2;17;0;0;0
5;52;1281733;M001;2.1400142564804;01;01;1;2;1;15;0;0;0
5;52;1281733;M002;2.1400142564804;01;01;1;2;1;09;0;0;1
5;52;4622044;M001;7.4250007527331;01;01;1;1;2;14;0;0;0
5;52;1877369;M001;9.5712121470453;01;01;1;3;1;10;0;0;0
5;52;2506525;M001;7.7951457284449;01;01;1;2;2;08;0;0;0
5;52;2129071;M001;10.9963766321505;01;01;1;4;2;17;0;0;0
5;52;1066006;M001;8.272521624648;01;01;1;4;2;16;0;0;0
5;52;5461223;M001;9.4162096508413;01;01;1;2;2;17;0;0;0
5;52;5256511;M001;14.7889810010771;01;01;1;2;1;10;0;0;0
5;52;2468128;M001;7.397521191338;01;01;1;4;1;14;0;0;0
5;52;2902247;M001;11.5928239457087;01;01;1;3;1;09;0;0;0
5;52;6488577;M001;8.1728632754798;01;01;1;1;1;14;0;0;0
5;52;4630021;M001;8.5839166148791;01;01;1;3;2;14;0;0;0
5;52;1450690;M001;11.444695672435;01;01;1;1;2;12;0;0;0
5;52;6693286;M001;11.3633704011887;01;01;1;4;1;12;0;0;0
5;52;971337;M001;8.8221162559773;02;01;1;4;2;14;0;0;0
5;52;4753465;M001;9.9268893708528;01;01;1;3;2;13;0;0;0
5;52;1150072;M001;10.0294859495743;02;01;1;1;1;04;0;0;0
5;52;1887634;M001;15.6021334046972;01;01;1;2;1;09;0;0;0
5;52;6803196;M001;9.0896024833152;01;01;1;4;2;11;0;0;0
5;52;7259855;M001;12.8067144821895;01;01;1;1;2;15;0;0;0
5;52;2676905;M001;12.1099079321068;01;01;1;3;1;17;0;0;0
5;52;4715000;M001;13.0944066110288;01;01;1;1;2;13;0;0;0
5;52;694959;M001;11.0595224960945;01;01;1;3;1;12;0;0;0
5;52;2738971;M001;7.1187155871736;01;01;1;3;1;17;0;0;0
5;52;6451970;M001;17.6826167881648;01;01;1;1;2;17;0;0;0
5;52;2080201;M001;9.5136195126135;01;01;1;3;1;17;0;0;0
5;52;1119027;M001;8.9190729792906;01;01;1;2;2;11;0;0;0
5;52;2873227;M001;11.390534495207;01;01;1;3;1;13;0;0;0
5;52;5879177;M001;10.6240324828972;01;01;1;1;1;17;0;0;0
5;52;3139239;M001;9.8990971125806;01;01;1;1;1;07;0;0;0
5;52;6638463;M001;6.7103853704467;01;01;1;2;1;10;0;0;0
5;52;7725638;M001;12.1549103361961;01;01;1;3;1;16;0;0;0
5;52;5137229;M001;10.2343205356894;01;01;1;2;1;08;0;0;0
5;52;594014;M001;11.0595224960945;01;01;1;4;1;16;0;0;0
5;52;2200181;M001;11.3779085678664;01;01;1;3;1;04;0;0;0
5;52;728761;M002;11.8712845568608;01;01;1;3;2;15;0;0;0
5;52;3509612;M001;8.9642211598388;01;01;1;3;1;10;0;0;0
5;52;3902974;M001;11.3932356447775;01;01;1;3;2;16;0;0;0
5;52;6756444;M001;12.1088608269802;01;01;1;4;1;16;0;0;0
5;52;6902624;M001;6.6779058504595;01;01;1;2;2;17;0;0;0
5;52;5780303;M001;10.3735340368911;01;01;1;3;2;17;0;0;0
5;52;1144364;M001;7.66816648497;01;01;1;3;1;12;0;0;0
5;52;841519;M001;10.3212886877888;01;01;1;3;1;08;0;0;0
5;52;2914420;M001;13.6043636001816;01;01;1;4;1;17;0;0;0
5;52;6914011;M001;9.6105548419899;01;01;1;2;1;05;0;0;0
5;52;6300649;M001;5.718998573143;01;01;1;3;2;10;0;0;0
5;52;1858492;M001;10.1664038016096;01;01;1;1;2;16;0;0;0
5;52;7595809;M001;11.7062624889448;01;01;1;3;2;14;0;0;0
5;52;3770240;M001;13.1703860973736;01;01;1;4;2;12;0;0;0
5;52;7493353;M001;9.938738459518;01;01;1;2;2;13;0;0;0
5;52;7493353;M002;9.938738459518;01;01;1;2;1;09;0;0;0
5;52;6956126;M001;6.3108831987109;01;01;1;4;2;13;0;0;0
5;52;6956126;M002;6.3108831987109;01;01;1;3;1;17;0;0;0
5;52;5740262;M001;7.2636610678149;01;01;1;3;2;09;0;0;0
5;52;5228567;M001;16.7710135756312;01;01;1;4;1;13;0;0;0
5;52;1134882;M001;15.5513369739366;01;01;1;2;1;16;0;0;0
5;52;6268047;M001;6.9390834914844;01;01;1;2;1;02;0;0;0
5;52;698264;M001;8.0224071491947;01;01;1;3;1;11;0;0;0
5;52;367358;M001;10.3695707818963;01;01;1;2;2;14;0;0;0
5;52;367358;M002;10.3695707818963;01;01;1;3;1;11;0;0;0
5;52;2494328;M001;8.008047150582;01;01;1;3;1;15;0;0;0
5;52;1374392;M001;11.8592168396229;01;01;1;3;1;17;0;0;0
5;52;2516599;M001;10.0984899597281;01;01;1;1;1;17;0;0;0
5;52;5410153;M001;6.7899109228319;01;01;1;1;1;04;0;0;0
5;52;1412260;M001;10.4350221905476;01;01;1;3;1;12;0;0;0
5;52;4335002;M001;10.4350221905476;01;01;1;1;2;16;0;0;0
5;52;5374150;M001;10.0493743737549;01;01;1;1;2;15;0;0;0
5;52;953691;M001;8.2272332855304;01;01;1;1;2;17;0;0;0
5;52;3060878;M001;6.9734765435525;01;01;1;1;2;12;0;0;0
5;52;6267381;M001;10.1908077224899;01;01;1;3;1;08;0;0;0
5;52;5572812;M001;9.3277647564679;01;01;1;3;2;14;0;0;0
5;52;3082171;M001;12.1626583613157;01;01;1;3;2;08;0;0;0
5;52;6794638;M001;7.8883771404036;08;01;2;3;2;16;0;0;0
5;52;6952250;M001;9.7573485997756;08;01;2;4;2;13;0;0;0
5;52;4278733;M001;11.4388544108852;05;01;2;2;2;17;0;0;0
5;52;2898700;M001;11.439716310847;08;01;2;3;2;12;0;0;0
5;52;2898700;M002;11.439716310847;08;01;2;1;2;11;0;0;0
5;52;127773;M001;2.1602700065597;01;01;1;2;1;15;0;0;0
5;52;3105060;M001;2.002342439783;01;01;1;1;2;08;0;0;0
5;52;7616320;M001;2.1246711129521;01;01;1;2;1;17;0;0;0
5;52;7465319;M001;11.6621550000558;08;01;2;3;2;16;0;0;0
5;52;1684518;M001;9.9103221726428;01;01;1;1;1;17;0;0;0
5;52;5807876;M001;11.8298688487755;01;01;1;1;1;17;0;0;0
5;52;1334544;M001;11.0595224960945;01;01;1;3;1;06;0;0;0
5;52;1807362;M001;8.3873366291636;01;01;1;4;1;14;0;0;0
5;52;6121218;M001;11.0575303757021;08;01;2;3;1;17;0;0;0
5;52;2514111;M001;10.7313188383597;01;01;1;1;1;12;0;0;0
5;52;6463652;M001;5.1234992114307;01;01;1;1;1;14;0;0;0
5;52;2796800;M001;11.4344032984178;01;01;1;4;1;17;0;0;0
5;52;213721;M001;12.2278894494509;01;01;1;3;2;17;0;0;0
5;52;3243653;M001;9.2478152742172;01;01;1;3;1;15;0;0;0
5;52;3911888;M001;8.3939581277021;01;01;1;3;1;17;0;0;0
5;52;7357593;M001;12.4307327125446;01;01;1;3;2;11;0;0;0
5;52;6510340;M001;11.390534495207;01;01;1;3;1;10;0;0;0
5;52;2571823;M001;11.4020973784937;01;01;1;1;1;05;0;0;0
5;52;2950606;M001;5.6169104627876;01;01;1;1;1;12;0;0;0
5;52;6004310;M001;10.0648202790963;01;01;1;2;1;11;0;0;0
5;52;7020106;M001;15.6865597536121;01;01;1;4;2;01;0;0;0
5;52;2538455;M001;10.3373618557752;01;01;1;2;2;16;0;0;0
5;52;5016036;M001;9.9218373794245;01;01;1;1;2;14;0;0;0
5;52;197178;M001;6.8823614541086;01;01;1;3;2;15;0;0;0
5;52;1012723;M001;6.2819297843813;01;01;1;3;2;15;0;0;0
5;52;197402;M001;10.6611788416894;01;01;1;2;1;03;0;0;0
5;52;5921605;M001;8.5327882801966;01;01;1;3;2;17;0;0;0
5;52;3273839;M001;10.6834523438719;01;01;1;3;1;12;0;0;0
5;52;240863;M001;11.5659604673132;01;01;1;2;1;07;0;0;0
5;52;4232774;M001;10.6834523438719;01;01;1;3;1;06;0;0;0
5;52;2934737;M001;7.3649755902382;01;01;1;3;1;15;0;0;0
5;52;6245534;M001;7.1244403088531;01;01;1;3;2;02;0;0;0
5;52;5285548;M001;12.7070958686538;01;01;1;3;1;11;0;0;0
5;52;7779673;M001;14.8622969167102;01;01;1;1;1;16;0;0;0
5;52;2592926;M001;11.3673786019031;01;01;1;2;2;13;0;0;0
5;52;2592926;M002;11.3673786019031;01;01;1;1;1;13;0;0;0
5;52;7483990;M001;16.5294291179804;01;01;1;2;1;17;0;0;0
5;52;3205305;M001;12.0890689036787;08;01;2;4;1;16;0;0;0
5;52;1218746;M001;10.0376104178674;08;01;2;1;1;07;0;0;0
5;52;6104898;M001;9.3356633928844;08;01;2;1;2;16;0;0;0
5;52;3369070;M001;9.7375322737706;01;01;1;2;2;16;0;0;0
5;52;6427569;M001;6.2372288265072;01;01;1;4;2;16;0;0;0
5;52;5320497;M001;14.1600425856511;01;01;1;4;2;07;0;0;0
5;52;2142117;M001;17.1310507329456;01;01;1;3;1;17;0;0;0
5;52;5733770;M001;10.913334528092;01;01;1;4;1;11;0;0;0
5;52;437704;M001;11.0407095450405;01;01;1;1;2;01;0;0;0
5;52;2096674;M001;8.6648306210589;01;01;1;3;1;12;0;0;0
5;52;2411322;M001;8.4018527950966;01;01;1;1;2;15;0;0;0
5;52;6015564;M001;9.9270930227031;01;01;1;3;1;17;0;0;0
5;52;1416554;M001;9.1003265726133;01;01;1;4;1;15;0;0;0
5;52;274158;M001;10.1011669126826;01;01;1;2;1;13;0;0;0
5;52;7687364;M001;10.5320625832305;01;01;1;4;2;13;0;0;0
5;52;140503;M001;9.5847662794403;01;01;1;4;2;17;0;0;0
5;52;3155705;M001;9.468913189753;01;01;1;4;2;12;0;0;0
5;52;4771385;M001;12.3461548263631;01;01;1;3;2;17;0;0;0
5;52;6519939;M001;9.0774713644357;01;01;1;1;2;15;0;0;0
5;52;6266072;M001;9.6913962591628;01;01;1;3;1;15;0;0;0
5;52;2536881;M001;9.9270930227031;01;01;1;3;2;17;0;0;0
5;52;7665319;M001;9.8806122778933;01;01;1;3;2;15;0;0;0
5;52;4555192;M001;8.5840715863892;01;01;1;1;2;14;0;0;0
5;52;5923112;M001;9.8862443686064;01;01;1;2;2;17;0;0;0
5;52;6268214;M001;9.6292022592695;01;01;1;1;1;14;0;0;0
5;52;5490091;M001;9.5132105505055;01;01;1;3;1;03;0;0;0
5;52;7168354;M001;11.2108434574369;08;01;2;2;2;17;0;0;0
5;52;3239092;M001;10.8386375764142;05;01;2;4;1;10;0;0;0
5;52;2166917;M001;10.9624963801696;05;01;2;3;1;17;0;0;0
5;52;537464;M001;10.9462983649978;01;01;1;3;1;14;0;0;0
5;52;1575471;M001;10.0346085330269;01;01;1;2;1;14;0;0;0
5;52;24705;M001;8.8792238873409;01;01;1;1;2;17;0;0;0
5;52;2612331;M001;8.3857606136286;01;01;1;2;1;06;0;0;0
5;52;5563002;M001;10.919803799557;01;01;1;3;1;14;0;0;0
5;52;3635339;M001;17.0879159752054;01;01;1;2;2;10;0;0;0
5;52;4436585;M001;8.2651772819503;01;01;1;1;1;10;0;0;0
5;52;4436585;M002;8.2651772819503;01;01;1;1;1;17;0;0;0
5;52;2424166;M001;10.0346085330269;01;01;1;4;2;15;0;0;0
5;52;5755242;M001;9.6292022592695;01;01;1;4;1;14;0;0;0
5;52;3608399;M001;11.6281746362903;08;01;2;2;2;11;0;0;0
5;52;115604;M001;9.5650747314369;08;01;2;1;1;17;0;0;0
5;52;1742047;M001;2.3847331642215;08;01;2;3;2;17;0;0;0
5;52;1742047;M002;2.3847331642215;08;01;2;2;2;11;0;0;0
5;52;4126764;M001;3.3150542731528;08;01;2;2;2;05;0;0;0
5;52;2809580;M001;3.9652382366694;01;01;1;3;2;11;0;0;0
5;52;3080424;M001;3.1830084860164;01;01;1;3;2;17;0;0;0
5;52;6257247;M001;2.4533477815948;01;01;1;2;2;17;0;0;0
5;52;7576380;M001;3.6441595491965;01;01;1;1;1;17;0;0;0
5;52;5179939;M001;3.0262240804782;01;01;1;1;1;14;0;0;0
5;52;7094530;M001;3.3415408645658;01;01;1;3;1;14;0;0;0
5;52;3474090;M001;2.8104211778336;01;01;1;3;2;17;0;0;0
5;52;3715645;M001;2.7016619791726;01;01;1;2;2;17;0;0;0
5;52;452829;M001;3.1712255357971;01;01;1;3;2;12;0;0;0
5;52;1839447;M001;3.1874713662545;01;01;1;1;1;08;0;0;0
5;52;906661;M001;3.7800519090989;01;01;1;3;1;12;0;0;0
5;52;690743;M001;3.0359872607927;01;01;1;3;1;17;0;0;0
5;52;3813485;M001;3.0262240804782;01;01;1;3;2;16;0;0;0
5;52;2245653;M001;2.8098025438289;01;01;1;2;1;15;0;0;0
5;52;2245653;M002;2.8098025438289;01;01;1;4;2;14;0;0;0
5;52;2278390;M001;3.6395185938562;01;01;1;3;2;17;0;0;0
5;52;3109961;M001;3.4408052991378;01;01;1;2;2;17;0;0;0
5;52;3490037;M001;1.5937773508376;01;01;1;1;2;16;0;0;0
5;52;7750639;M001;2.73772667007;01;01;1;4;2;17;0;0;0
5;52;5393874;M001;4.020230919404;01;01;1;3;2;12;0;0;0
5;52;5280782;M001;1.8706234032136;01;01;1;2;1;15;0;0;0
5;52;7137503;M001;2.712376511409;01;01;1;2;2;13;0;0;0
5;52;6338008;M001;4.7097140097774;01;01;1;4;2;12;0;0;0
5;52;3866291;M001;3.5742637381816;01;01;1;3;2;04;0;0;0
5;52;4100342;M001;2.3466821885212;01;01;1;2;1;12;0;0;0
5;52;2327479;M001;3.9146446589864;01;01;1;4;1;04;0;0;0
5;52;88820;M001;2.4938564339255;01;01;1;3;1;15;0;0;0
5;52;5176660;M001;2.5195397057023;01;01;1;2;1;17;0;0;0
5;52;3402187;M001;4.0294877167009;08;01;2;4;2;14;0;0;0
5;52;6594231;M001;2.0528582060187;08;01;2;3;1;17;0;0;0
5;52;7298245;M001;3.7329590638772;08;01;2;1;1;12;0;0;0
5;52;938435;M001;1.5352622117327;05;01;2;3;2;17;0;0;0
5;52;6135880;M001;4.3465121130041;05;01;2;4;1;01;0;0;0
5;52;5539507;M001;2.713219778851;05;01;2;2;1;17;0;0;0
5;52;4517241;M001;2.9371057665031;05;01;2;2;1;13;0;0;0
5;52;3545412;M001;2.7607947472821;08;01;2;4;1;01;0;0;1
5;52;3896911;M001;3.1648083911862;08;01;2;3;2;12;0;0;0
5;52;3323096;M001;2.1467598329589;08;01;2;4;1;12;0;0;0
5;52;5447837;M001;3.2184358860479;01;01;1;4;1;17;0;0;0
5;52;6153022;M001;2.7891213678816;01;01;1;3;2;14;0;0;0
5;52;2705849;M001;2.0466730943035;01;01;1;1;1;07;0;0;0
5;52;5061953;M001;3.6395185938562;01;01;1;2;2;13;0;0;0
5;52;4239719;M001;3.2835797859433;01;01;1;2;2;08;0;0;0
5;52;4192459;M001;3.6145981785648;01;01;1;2;2;13;0;0;0
5;52;4454189;M001;5.3763955791081;01;01;1;4;2;10;0;0;0
5;52;3454915;M001;2.6889266790911;01;01;1;2;1;10;0;0;0
5;52;1478652;M001;3.859962451841;01;01;1;3;1;10;0;0;0
5;52;5371248;M001;4.5533720539851;01;01;1;3;2;17;0;0;0
5;52;1569551;M001;3.1712255357971;01;01;1;2;1;17;0;0;0
5;52;4256873;M001;3.7633691864999;01;01;1;4;1;17;0;0;0
5;52;5720664;M001;2.647826354164;08;01;2;3;1;17;0;0;0
5;52;1648379;M001;2.422525919245;01;01;1;4;1;11;0;0;1
5;52;457095;M001;2.586681890256;01;01;1;3;1;17;0;0;0
5;52;6466916;M001;3.7808134845357;01;01;1;3;1;17;0;0;0
5;52;6305254;M001;3.0337297160829;01;01;1;2;1;13;0;0;0
5;52;4027086;M001;2.6099154676798;01;01;1;3;1;07;0;0;0
5;52;5858531;M001;3.6912855613246;01;01;1;3;1;13;0;0;0
5;52;6363200;M001;2.1793428524772;01;01;1;4;1;03;0;0;0
5;52;6061780;M001;2.5430161754709;01;01;1;2;1;11;0;0;0
5;52;1444075;M001;2.840388259255;01;01;1;2;2;14;0;0;0
5;52;4215409;M001;1.9439288306328;01;01;1;4;1;09;0;0;0
5;52;6469975;M001;3.0337297160829;01;01;1;1;1;12;0;0;0
5;52;166994;M001;2.6439351712517;01;01;1;2;1;05;0;0;0
5;52;1528828;M001;4.3864680704594;01;01;1;2;2;17;0;0;0
5;52;26132;M001;1.8839515840505;01;01;1;1;1;17;0;0;0
5;52;1567661;M001;2.8452915061159;01;01;1;2;2;15;0;0;0
5;52;2060579;M001;2.2053503578063;01;01;1;1;2;09;0;0;0
5;52;1805227;M001;3.0882092254104;01;01;1;4;1;17;0;0;0
5;52;3751264;M001;2.4749558880886;01;01;1;1;2;17;0;0;0
5;52;4314925;M001;2.9764764350872;01;01;1;3;1;16;0;0;0
5;52;3630373;M001;3.8234693076334;01;01;1;3;1;08;0;0;0
5;52;6555270;M001;2.8165422538939;01;01;1;4;1;08;0;0;0
5;52;6361756;M001;2.4990547804054;01;01;1;2;1;16;0;0;0
5;52;184728;M001;3.2629449537002;01;01;1;3;1;08;0;0;0
5;52;4197520;M001;2.7964707008402;01;01;1;4;1;15;0;0;0
5;52;6934058;M001;3.0337297160829;01;01;1;1;2;17;0;0;0
5;52;692640;M001;3.2124857934189;01;01;1;3;2;16;0;0;0
5;52;7303595;M001;2.7595062421703;01;01;1;2;2;17;0;0;0
5;52;7404185;M001;2.6099154676798;01;01;1;3;2;17;0;0;0
5;52;991863;M001;2.7499410698181;01;01;1;2;1;12;0;0;0
5;52;2020063;M001;2.5721575470935;01;01;1;1;2;15;0;0;0
5;52;5877106;M001;2.4541823185343;01;01;1;4;1;08;0;0;0
5;52;3984446;M001;3.5051759832803;01;01;1;3;1;17;0;0;0
5;52;3681410;M001;2.9646325255793;01;01;1;2;2;17;0;0;0
5;52;7517257;M001;2.8336172801594;01;01;1;3;2;17;0;0;0
5;52;7517257;M002;2.8336172801594;01;01;1;3;1;17;0;0;0
5;52;6779203;M001;3.7853673792674;01;01;1;4;2;10;0;0;0
5;52;3467735;M001;3.0337297160829;01;01;1;3;1;17;0;0;0
5;52;3923024;M001;1.8517973036093;01;01;1;2;2;17;0;0;0
5;52;3915446;M001;3.9064659710887;02;01;1;3;2;14;0;0;0
5;52;1366817;M001;1.7762221589043;08;01;2;2;2;11;0;0;0
5;52;6580938;M001;2.5980195471882;08;01;2;2;1;04;0;0;0
5;52;760057;M001;5.025793687408;08;01;2;2;2;16;0;0;0
5;52;271845;M001;2.4773981902905;08;01;2;1;1;05;0;0;0
5;52;295522;M001;2.4233989623025;01;01;1;4;1;10;0;0;0
5;52;6369355;M001;1.9640397748823;01;01;1;2;1;17;0;0;0
5;52;7489559;M001;1.6286023006162;01;01;1;2;1;10;0;0;1
5;52;1831678;M001;2.6060720667981;05;01;2;4;1;17;0;0;0
5;52;4648224;M001;2.381819412245;05;01;2;4;2;17;0;0;0
5;52;1165250;M001;3.7477534453857;05;01;2;1;2;13;0;0;0
5;52;1370736;M001;2.8950171011483;05;01;2;4;2;09;0;0;0
5;52;5354484;M001;3.9591926540582;08;01;2;1;1;15;0;0;0
5;52;1368810;M001;3.6033625844448;08;01;2;4;1;12;0;0;0
5;52;5100355;M001;3.3149957860872;08;01;2;4;1;13;0;0;0
5;52;5264969;M001;3.2582225325809;08;01;2;2;1;04;0;0;0
5;52;3991305;M001;3.6625301006501;08;01;2;4;1;15;0;0;0
5;52;2772679;M001;2.1914894366971;08;01;2;2;1;15;0;0;0
5;52;6315084;M001;3.5702645635646;08;01;2;3;2;10;0;0;0
5;52;1244522;M001;3.142895594546;02;01;1;2;1;17;0;0;0
5;52;3913068;M001;1.9836139639904;01;01;1;3;2;07;0;0;0
5;52;1545974;M001;3.1315081350801;01;01;1;4;1;17;0;0;0
5;52;6226806;M001;2.629200571546;01;01;1;3;2;17;0;0;0
5;52;3674781;M001;3.5448557864655;01;01;1;3;2;13;0;0;0
5;52;6502891;M001;4.0065242760554;01;01;1;4;2;11;0;0;0
5;52;2015187;M001;3.1933977658403;01;01;1;3;1;17;0;0;0
5;52;3766506;M001;3.4874125398669;01;01;1;1;1;17;0;0;0
5;52;2868189;M001;3.2120102306336;01;01;1;1;1;06;0;0;0
5;52;7135909;M001;3.4616623218877;01;01;1;1;1;16;0;0;0
5;52;1286408;M001;3.0972043335257;01;01;1;2;2;17;0;0;0
5;52;6081688;M001;2.7982027787763;01;01;1;2;2;14;0;0;0
5;52;5824918;M001;2.9737698107011;01;01;1;1;2;17;0;0;0
5;52;1095070;M001;2.6151188417168;01;01;1;2;2;17;0;0;0
5;52;2251389;M001;3.6468046590263;01;01;1;4;2;14;0;0;0
5;52;3372330;M001;4.9717240512736;01;01;1;4;1;17;0;0;0
5;52;7021907;M001;3.208540107377;01;01;1;3;2;11;0;0;0
5;52;383400;M001;2.5037836968418;01;01;1;3;2;11;0;0;0
5;52;7216702;M001;3.9354455368518;01;01;1;1;2;17;0;0;0
5;52;4208377;M001;2.8331348828722;01;01;1;1;1;14;0;0;0
5;52;5306675;M001;3.0905717552104;01;01;1;1;1;05;0;0;0
5;52;6601383;M001;2.7504229260667;01;01;1;3;2;13;0;0;0
5;52;760615;M001;3.3828721127426;01;01;1;1;2;17;0;0;0
5;52;293411;M001;3.6048827924954;01;01;1;4;2;15;0;0;0
5;52;3565421;M001;2.5340260104078;01;01;1;3;2;17;0;0;0
5;52;6365585;M001;2.9870753028791;01;01;1;4;2;17;0;0;0
5;52;6760861;M001;3.0090829794852;01;01;1;1;1;05;0;0;0
5;52;4924383;M001;3.2169227473737;01;01;1;4;1;15;0;0;0
5;52;5353228;M001;11.6070322191093;01;01;1;3;1;15;0;0;0
5;52;501987;M001;17.1300533863865;01;01;1;1;2;17;0;0;0
5;52;1358544;M001;7.8649118949823;01;01;1;4;1;16;0;0;0
5;52;2963619;M001;15.9879858624044;01;01;1;4;2;15;0;0;0
5;52;375640;M001;13.3090841028319;01;01;1;2;2;16;0;0;0
5;52;6486570;M001;11.456335317129;01;01;1;1;1;05;0;0;0
5;52;2243915;M001;2.9788770591862;01;01;1;3;1;12;0;0;0
5;52;413998;M001;10.0837133584789;01;01;1;3;1;13;0;0;0
5;52;7804874;M001;10.3833449451363;01;01;1;2;1;17;0;0;0
5;52;4835239;M001;13.0804145267476;01;01;1;2;1;15;0;0;0
5;52;3894779;M001;5.3143617048298;01;01;1;2;2;14;0;0;0
5;52;1034490;M001;11.8262078790079;01;01;1;2;1;11;0;0;0
5;52;150464;M001;9.6943537544255;01;01;1;3;2;13;0;0;0
5;52;4056406;M001;9.4446832395592;01;01;1;4;2;17;0;0;0
5;52;6267036;M001;13.4760655117015;01;01;1;3;1;17;0;0;0
5;52;5242705;M001;14.6187223416513;01;01;1;2;1;17;0;0;0
5;52;1372933;M001;13.1799363841488;01;01;1;4;1;15;0;0;0
5;52;425063;M001;4.4920032113224;01;01;1;2;2;17;0;0;0
5;52;1598398;M001;10.9917622809664;01;01;1;1;1;10;0;0;0
5;52;4330392;M001;15.6924912553977;01;01;1;3;1;16;0;0;0
5;52;2528088;M001;8.8128127612892;01;01;1;4;1;16;0;0;0
5;52;7118615;M001;12.4113445273781;01;01;1;1;1;17;0;0;0
5;52;3356486;M001;10.5537392628413;01;01;1;3;1;13;0;0;0
5;52;1527910;M001;13.8867087057944;01;01;1;2;1;15;0;0;0
5;52;7656385;M001;11.4026310194281;01;01;1;3;2;17;0;0;0
5;52;277268;M001;11.8502093797138;01;01;1;1;1;15;0;0;0
5;52;5019776;M001;11.6070322191093;01;01;1;4;1;13;0;0;0
5;52;4331686;M001;11.8455137748232;01;01;1;4;1;17;0;0;0
5;52;7672323;M001;8.4447599828158;01;01;1;4;1;01;0;0;0
5;52;3044636;M001;7.3065021879959;01;01;1;2;2;07;0;0;0
5;52;4404965;M001;12.1210062198884;01;01;1;2;2;13;0;0;0
5;52;63365;M001;9.6943537544255;01;01;1;2;2;14;0;0;0
5;52;1896671;M001;7.2286564736177;01;01;1;1;1;15;0;0;0
5;52;6646406;M001;18.5152931906835;01;01;1;3;2;16;0;0;0
5;52;1291065;M001;8.1750518746263;01;01;1;3;1;17;0;0;0
5;52;3933913;M001;11.2340098639181;01;01;1;4;1;14;0;0;0
5;52;2926833;M001;6.8224360781064;01;01;1;2;1;10;0;0;0
5;52;6402800;M001;8.2865440149349;01;01;1;1;1;06;0;0;0
5;52;788423;M001;8.0935915282963;01;01;1;3;1;14;0;0;0
5;52;4876372;M001;9.4710091282522;01;01;1;3;2;09;0;0;0
5;52;1763842;M001;11.2340098639181;01;01;1;3;1;14;0;0;0
5;52;6778038;M001;10.9426748215649;01;01;1;4;1;04;0;0;0
5;52;262566;M001;5.022314497385;01;01;1;1;2;14;0;0;0
5;52;1919772;M001;11.5526319342551;01;01;1;2;2;13;0;0;0
5;52;1592515;M001;13.3216881056092;01;01;1;4;1;17;0;0;0
5;52;5228037;M001;10.3976385206857;01;01;1;4;1;16;0;0;0
5;52;376654;M001;11.0949009731274;01;01;1;4;2;15;0;0;0
5;52;2197143;M001;9.3201638776028;01;01;1;2;2;17;0;0;0
5;52;6901034;M001;9.6352028063127;01;01;1;1;1;17;0;0;0
5;52;1948504;M002;6.210332413604;01;01;1;2;1;17;0;0;0
5;52;5392855;M001;13.2547758324132;01;01;1;3;1;14;0;0;0
5;52;5392855;M002;13.2547758324132;01;01;1;3;2;17;0;0;0
5;52;1699037;M001;9.4106572794056;01;01;1;3;1;06;0;0;0
5;52;4333484;M001;11.970864361323;01;01;1;3;2;17;0;0;0
5;52;1576867;M001;11.9952784048089;01;01;1;2;1;10;0;0;0
5;52;4137400;M001;9.4837549116757;01;01;1;1;1;17;0;0;0
5;52;6956042;M001;8.9181824890922;01;01;1;3;2;14;0;0;0
5;52;2630567;M001;2.0528117359413;01;01;1;3;1;07;0;0;0
5;52;4280058;M001;7.577668205762;02;01;1;1;2;13;0;0;0
5;52;6987314;M001;14.2678779124967;01;01;1;2;1;11;0;0;0
5;52;430339;M001;8.6991372800792;01;01;1;3;2;10;0;0;0
5;52;6189119;M001;7.5581269025232;01;01;1;3;2;08;0;0;0
5;52;7765776;M001;10.7018354743595;01;01;1;3;1;02;0;0;0
5;52;42574;M001;10.5776111424709;01;01;1;3;1;17;0;0;0
5;52;3472961;M001;13.0458181766118;01;01;1;2;1;17;0;0;0
5;52;3380886;M001;15.2468057369864;01;01;1;1;1;16;0;0;0
5;52;7313638;M001;6.977362086491;01;01;1;3;2;13;0;0;0
5;52;6485158;M001;11.8262078790079;01;01;1;4;1;15;0;0;0
5;52;6986333;M001;18.641976101552;01;01;1;3;2;16;0;0;0
5;52;6367962;M001;9.6681820883105;08;01;2;3;2;17;0;0;0
5;52;267858;M001;11.2340098639181;01;01;1;3;1;17;0;0;0
5;52;5587429;M001;3.3474483496669;01;01;1;4;1;14;0;0;0
5;52;4445696;M001;2.7945160281586;01;01;1;2;1;11;0;0;0
5;52;2068954;M001;3.1491095572351;01;01;1;3;1;12;0;0;0
5;52;2185644;M001;3.703040417164;01;01;1;1;1;17;0;0;0
5;52;1678159;M001;3.7662921568277;01;01;1;4;1;17;0;0;0
5;52;1951003;M001;2.6357706412507;01;01;1;2;1;13;0;0;0
5;52;4740845;M001;2.9034632745579;01;01;1;2;1;11;0;0;0
5;52;3526861;M001;3.7934071931583;01;01;1;1;2;17;0;0;0
5;52;3764934;M001;3.4066935153046;01;01;1;1;1;14;0;0;0
5;52;4137773;M001;3.1491095572351;01;01;1;4;1;17;0;0;0
5;52;4208712;M001;3.5012267725047;01;01;1;4;2;05;0;0;0
5;52;4112045;M001;3.5312096587638;01;01;1;3;2;14;0;0;0
5;52;4112045;M002;3.5312096587638;01;01;1;3;1;10;0;0;0
5;52;5651898;M001;3.7096364377417;01;01;1;3;1;12;0;0;0
5;52;7331736;M001;3.3173681113454;01;01;1;1;2;17;0;0;0
5;52;1028014;M001;3.5312096587638;03;01;1;3;1;13;0;0;0
5;52;4473560;M001;3.5326246443082;01;01;1;2;2;15;0;0;0
5;52;2828707;M001;3.7650274239936;01;01;1;3;2;15;0;0;0
5;52;3431755;M001;2.8023487587039;01;01;1;2;2;17;0;0;0
5;52;3863362;M001;3.687119609865;01;01;1;2;1;01;0;0;0
5;52;3863362;M002;3.687119609865;01;01;1;3;2;15;0;0;0
5;52;872903;M001;2.7364213482345;01;01;1;3;1;14;0;0;0
5;52;5196352;M001;3.4909904812203;01;01;1;4;2;12;0;0;0
5;52;6809011;M001;4.4987747682991;01;01;1;3;2;15;0;0;0
5;52;4511204;M001;3.4361512263065;01;01;1;3;1;07;0;0;0
5;52;651957;M001;3.7096364377417;01;01;1;2;2;17;0;0;0
5;52;4897032;M001;3.9588776623447;01;01;1;2;2;14;0;0;0
5;52;5039570;M001;3.125164745607;01;01;1;2;2;16;0;0;0
5;52;3603930;M001;4.2544994006066;08;01;2;1;1;15;0;0;0
5;52;6587930;M001;2.9190822150694;08;01;2;1;2;16;0;0;0
5;52;4229325;M001;4.1698911513585;08;01;2;1;1;17;0;0;0
5;52;1059769;M001;2.9577848137293;08;01;2;3;1;15;0;0;0
5;52;2644031;M001;1.8439999208743;08;01;2;4;1;17;0;0;0
5;52;1701457;M001;5.1279933742912;01;01;1;2;1;10;0;0;0
5;52;2277419;M001;5.0617250682037;01;01;1;3;1;13;0;0;0
5;52;5247362;M001;5.1279933742912;01;01;1;3;2;16;0;0;0
5;52;7138965;M001;5.0608938531283;01;01;1;1;1;17;0;0;0
5;52;364441;M001;5.1627899574858;01;01;1;3;1;09;0;0;0
5;52;3078722;M001;5.0948592212474;01;01;1;4;1;17;0;0;0
5;52;5565685;M001;5.1279933742912;01;01;1;4;2;17;0;0;0
5;52;4179814;M001;5.0948592212474;01;01;1;3;1;12;0;0;0
5;52;6370003;M001;5.0608938531283;01;01;1;3;2;15;0;0;0
5;52;852857;M001;5.0608938531283;01;01;1;4;1;12;0;0;0
5;52;661326;M001;5.0608938531283;01;01;1;2;1;11;0;0;0
5;52;214162;M001;5.0948592212474;01;01;1;1;1;08;0;0;0
5;52;3637675;M001;5.0617250682037;01;01;1;3;1;11;0;0;0
5;52;1919459;M001;5.1279933742912;01;01;1;4;2;15;0;0;0
5;52;1919459;M002;5.1279933742912;01;01;1;4;1;12;0;0;0
5;52;484055;M001;5.0956904363229;01;01;1;3;1;10;0;0;0
5;52;7139665;M001;5.0948592212474;01;01;1;4;2;17;0;0;0
5;52;697341;M001;5.0617250682037;01;01;1;1;1;17;0;0;0
5;52;1401504;M001;2.4737203772161;01;01;1;2;1;15;0;0;0
5;52;3272520;M001;2.9448429049122;01;01;1;4;2;17;0;0;0
5;52;649182;M001;2.6638358946708;01;01;1;3;1;13;0;0;0
5;52;7078663;M001;4.3595954024064;01;01;1;1;1;14;0;0;0
5;52;7766747;M001;3.5719954559162;01;01;1;2;2;03;0;0;0
5;52;3882404;M001;2.8277194683347;08;01;2;4;1;17;0;0;0
5;52;7442327;M001;3.6282610621619;08;01;2;3;2;08;0;0;0
5;52;1645163;M001;4.1503886472225;03;01;1;2;2;10;0;0;0
5;52;4342629;M001;1.6312653336575;03;01;1;3;2;16;0;0;0
5;52;5251478;M001;3.4144651314908;03;01;1;4;1;17;0;0;0
5;52;5990323;M001;2.7400370447658;03;01;1;3;2;13;0;0;0
5;52;3346649;M001;3.3882585767204;03;01;1;4;2;11;0;0;0
5;52;3497131;M001;2.4436996736153;03;01;1;1;1;15;0;0;0
5;52;7378685;M001;4.1911907880392;03;01;1;3;2;12;0;0;0
5;52;1109949;M001;4.1490673818696;01;01;1;1;2;13;0;0;0
5;52;6939467;M001;3.0005602694025;01;01;1;2;2;08;0;0;0
5;52;5976576;M001;2.8281584126435;08;01;2;3;1;07;0;0;0
5;52;4089652;M001;1.6618309928654;01;01;1;3;2;14;0;0;0
5;52;5574772;M001;1.4876965504457;01;01;1;4;2;17;0;0;0
5;52;6250373;M001;2.4157188122065;01;01;1;3;1;17;0;0;0
5;52;5839616;M001;1.9258047843443;01;01;1;1;1;15;0;0;0
5;52;2943221;M001;1.4086652621886;01;01;1;1;1;12;0;0;0
5;52;1401507;M001;2.2322479185612;01;01;1;4;1;11;0;0;0
5;52;1508710;M001;1.9126435266411;01;01;1;3;1;16;0;0;0
5;52;7630391;M001;2.679834503366;01;01;1;4;1;04;0;0;0
5;52;6778111;M001;1.7826920735621;01;01;1;3;2;17;0;0;0
5;52;1160159;M001;2.8212021014797;01;01;1;3;1;17;0;0;0
5;52;2286877;M001;2.8212021014797;01;01;1;4;1;16;0;0;0
5;52;6819027;M001;1.8469673521694;01;01;1;1;1;17;0;0;0
5;52;7063538;M001;2.5694503805174;01;01;1;1;2;15;0;0;0
5;52;6893696;M001;2.1091347742888;01;01;1;3;1;08;0;0;0
5;52;299175;M001;2.4611392404997;01;01;1;2;2;16;0;0;0
5;52;1996986;M001;2.0787893768708;01;01;1;4;1;12;0;0;0
5;52;560406;M001;2.3680088848162;01;01;1;3;1;17;0;0;0
5;52;560785;M001;1.6438047073046;01;01;1;1;2;16;0;0;0
5;52;632318;M001;1.6506569192465;01;01;1;1;1;17;0;0;0
5;52;818068;M001;1.2640016229021;01;01;1;2;1;06;0;0;0
5;52;3337234;M001;1.6749922505687;01;01;1;2;1;14;0;0;0
5;52;5108688;M001;1.475485004962;01;01;1;3;2;17;0;0;0
5;52;442643;M001;2.98596338966;01;01;1;2;1;13;0;0;0
5;52;983294;M001;2.5366513485487;01;01;1;1;1;14;0;0;0
5;52;6785028;M001;1.8124765860202;08;01;2;2;2;14;0;0;0
5;52;368149;M001;1.2183388519685;08;01;2;1;1;06;0;0;0
5;52;5059247;M001;1.8678348766651;08;01;2;2;2;17;0;0;0
5;52;4915225;M001;1.9792284514682;07;01;2;3;1;15;0;0;0
5;52;4304724;M001;2.9251732505992;01;01;1;1;1;12;0;0;0
5;52;6734217;M001;3.9550037160144;01;01;1;2;2;13;0;0;0
5;52;7707866;M001;3.687557469719;01;01;1;1;2;17;0;0;0
5;52;698066;M001;3.3393399585174;01;01;1;3;2;16;0;0;0
5;52;2672850;M001;3.375377480861;01;01;1;3;2;17;0;0;0
5;52;2678536;M001;3.375377480861;01;01;1;1;2;17;0;0;0
5;52;5935088;M001;2.1911781263905;01;01;1;4;1;13;0;0;0
5;52;1512371;M001;3.1089325830824;01;01;1;4;1;16;0;0;0
5;52;1317831;M001;2.8864912055403;01;01;1;2;2;15;0;0;0
5;52;2557246;M001;3.4299740224303;01;01;1;3;1;08;0;0;0
5;52;6337449;M001;2.5627644569011;03;01;1;3;1;15;0;0;0
5;52;4599243;M001;2.7593355414039;02;01;1;3;2;11;0;0;0
5;52;7431256;M001;3.2236343350285;02;01;1;2;2;12;0;0;0
5;52;7551615;M001;2.8643602983351;02;01;1;2;2;17;0;0;0
5;52;6115517;M001;4.0998816902422;08;01;2;3;2;15;0;0;0
5;52;3536420;M001;3.1424670534377;08;01;2;1;1;01;0;0;0
5;52;7129376;M001;4.7033062119445;01;01;1;4;1;09;0;0;0
5;52;1051972;M001;2.3935399127978;01;01;1;3;2;04;0;0;0
5;52;6356331;M001;2.5847322096202;08;01;2;2;2;14;0;0;0
5;52;1553283;M001;4.6075731053551;01;01;1;4;2;17;0;0;0
5;52;6040100;M001;4.5238807757734;01;01;1;1;1;07;0;0;0
5;52;6799354;M001;3.4400141809502;01;01;1;4;1;14;0;0;0
5;52;7351649;M001;4.6322540060733;01;01;1;1;2;14;0;0;0
5;52;7351649;M002;4.6322540060733;01;01;1;3;1;12;0;0;0
5;52;1827598;M001;5.0400603123413;01;01;1;2;1;11;0;0;0
5;52;1071342;M001;6.0685969442027;01;01;1;1;2;17;0;0;0
5;52;1071342;M002;6.0685969442027;01;01;1;1;1;17;0;0;0
5;52;1773251;M001;4.2663345670537;01;01;1;2;2;01;0;0;0
5;52;7592532;M001;5.1370643546673;01;01;1;3;2;14;0;0;0
5;52;3441946;M001;6.698412036032;01;01;1;1;2;12;0;0;0
5;52;1770197;M001;4.8638118093116;01;01;1;3;1;13;0;0;0
5;52;2645977;M001;4.7687571391736;01;01;1;3;1;14;0;0;0
5;52;686598;M001;4.8308664265291;01;01;1;1;1;17;0;0;0
5;52;1339525;M001;7.0174947900255;01;01;1;3;1;13;0;0;0
5;52;7103318;M001;4.244843025334;01;01;1;2;1;17;0;0;0
5;52;7288141;M001;5.5657265200374;01;01;1;3;1;15;0;0;0
5;52;5462769;M001;7.1400072105898;01;01;1;1;1;17;0;0;0
5;52;5116510;M001;5.1592121749592;01;01;1;3;1;06;0;0;0
5;52;4849036;M001;5.5112286676984;01;01;1;1;1;09;0;0;0
5;52;3078228;M001;4.5163643437077;01;01;1;3;1;12;0;0;0
5;52;3796358;M001;5.5874631757128;01;01;1;3;2;17;0;0;0
5;52;688042;M001;8.274031918636;01;01;1;2;1;12;0;0;0
5;52;5775739;M001;4.244843025334;01;01;1;1;2;16;0;0;0
5;52;498149;M001;4.7994057745395;01;01;1;1;1;17;0;0;0
5;52;5406509;M001;5.1297276057818;01;01;1;2;2;17;0;0;0
5;52;2132285;M001;5.2558966125182;01;01;1;3;1;11;0;0;0
5;52;1994580;M001;4.8397208295216;01;01;1;1;2;16;0;0;0
5;52;832440;M001;5.1926505864462;01;01;1;3;2;14;0;0;0
5;52;6656484;M001;5.1176042095357;01;01;1;4;2;16;0;0;0
5;52;3372843;M001;4.6671263933129;01;01;1;2;2;17;0;0;0
5;52;2840821;M001;4.9520615115618;08;01;2;3;2;17;0;0;0
5;52;7699595;M001;4.987563712129;08;01;2;2;1;13;0;0;0
5;52;7699595;M002;4.987563712129;08;01;2;1;2;13;0;0;0
5;52;5070309;M001;2.7365814092663;08;01;2;3;1;01;0;0;0
5;52;678241;M001;6.0600225026804;08;01;2;1;1;17;0;0;0
5;52;2172110;M001;5.1490403215753;08;01;2;2;1;17;0;0;0
5;52;2172110;M002;5.1490403215753;08;01;2;4;2;16;0;0;0
5;52;29701;M001;5.1034058399985;08;01;2;1;1;06;0;0;0
5;52;7475720;M001;4.2337600944122;08;01;2;1;1;17;0;0;0
5;52;3085927;M001;6.0870343122;08;01;2;3;2;17;0;0;0
5;52;1338491;M001;2.1370727636476;08;01;2;2;1;06;0;0;0
5;52;5776957;M001;6.2154680383422;08;01;2;4;1;17;0;0;0
5;52;7038763;M001;5.9006456961227;08;01;2;1;2;01;0;0;0
5;52;3999389;M001;6.5138066847302;05;01;2;2;1;14;0;0;0
5;52;7095714;M001;4.1455623847741;02;01;1;3;2;15;0;0;0
5;52;3899887;M001;4.1159422361426;02;01;1;2;2;08;0;0;0
5;52;141551;M001;3.5043525361746;08;01;2;2;2;12;0;0;0
5;52;7047387;M001;3.6254808405937;01;01;1;1;1;12;0;0;0
5;52;5735949;M001;3.0282398285467;01;01;1;3;2;17;0;0;0
5;52;3218604;M001;4.0960620733272;01;01;1;4;1;14;0;0;0
5;52;3218604;M002;4.0960620733272;01;01;1;1;2;17;0;0;0
5;52;3178231;M001;2.1686216321918;01;01;1;3;1;09;0;0;0
5;52;5377150;M001;3.7589562666263;01;01;1;3;1;01;0;0;0
5;52;3575347;M001;3.9036945476594;01;01;1;3;1;17;0;0;0
5;52;4808139;M001;4.104232571756;01;01;1;3;2;13;0;0;0
5;52;1155047;M001;1.6727968375162;01;01;1;3;1;17;0;0;0
5;52;1155047;M002;1.6727968375162;01;01;1;4;2;17;0;0;0
5;52;5859584;M001;1.6747313030393;01;01;1;1;2;17;0;0;0
5;52;6349493;M001;3.7323065327047;01;01;1;4;1;13;0;0;0
5;52;4199226;M001;3.5344220583081;01;01;1;2;1;01;0;0;0
5;52;6202332;M001;3.7585394360856;01;01;1;3;1;17;0;0;0
5;52;3678214;M001;2.5189480439403;01;01;1;2;1;17;0;0;0
5;52;7052769;M001;3.0779520088899;01;01;1;2;1;15;0;0;0
5;52;5942886;M001;3.3158229266477;01;01;1;3;2;08;0;0;0
5;52;7474676;M001;3.1495432498733;01;01;1;2;1;15;0;0;0
5;52;2743437;M001;4.0249979689861;01;01;1;4;1;15;0;0;0
5;52;6565457;M001;3.0842575730487;01;01;1;2;2;13;0;0;0
5;52;4953715;M001;3.3048780343133;01;01;1;2;1;12;0;0;0
5;52;3516677;M001;1.7630833393731;01;01;1;1;1;05;0;0;0
5;52;1212294;M001;2.862171335577;01;01;1;3;1;16;0;0;0
5;52;5112159;M001;2.862171335577;01;01;1;3;2;15;0;0;0
5;52;3038373;M001;1.6049302423553;01;01;1;1;2;14;0;0;0
5;52;1650609;M001;2.9430134334318;03;01;1;3;1;15;0;0;0
5;52;1650609;M002;2.9430134334318;03;01;1;2;1;07;0;0;0
5;52;7003149;M001;2.6310079152342;01;01;1;3;1;17;0;0;0
5;52;7003149;M002;2.6310079152342;01;01;1;3;2;17;0;0;0
5;52;7527509;M001;2.8965005923563;01;01;1;1;1;12;0;0;0
5;52;6125329;M001;4.1626733573905;01;01;1;4;2;13;0;0;0
5;52;3869797;M001;3.7585394360856;01;01;1;3;1;09;0;0;0
5;52;5254687;M001;2.6938219766595;01;01;1;1;1;16;0;0;0
5;52;3291564;M001;2.2383703762872;01;01;1;4;2;15;0;0;0
5;52;5594540;M001;2.8128950786946;01;01;1;3;1;01;0;0;0
5;52;1698890;M001;2.7627378488637;01;01;1;3;1;15;0;0;0
5;52;1998378;M001;4.564467010724;01;01;1;3;2;17;0;0;0
5;52;1906448;M001;3.7585394360856;01;01;1;4;1;16;0;0;0
5;52;3086453;M001;2.769531833288;01;01;1;1;1;15;0;0;0
5;52;6962376;M001;2.0361437270946;08;01;2;2;2;15;0;0;0
5;52;5674373;M001;1.3644543044271;08;01;2;4;1;16;0;0;0
5;52;5307078;M001;3.306626533911;01;01;1;1;2;17;0;0;0
5;52;5974929;M001;2.5791847109984;08;01;2;3;2;15;0;0;0
5;52;5405114;M001;3.4617403741529;01;01;1;2;1;15;0;0;0
5;52;5405114;M002;3.4617403741529;01;01;1;2;2;13;0;0;0
5;52;52721;M001;3.0313935606193;01;01;1;3;2;11;0;0;0
5;52;672157;M001;3.4322531338239;01;01;1;1;2;16;0;0;0
5;52;4354206;M001;3.3584104905687;01;01;1;4;1;13;0;0;0
5;52;6936048;M001;2.1023704707208;01;01;1;4;1;15;0;0;0
5;52;3147483;M001;4.8777490027781;01;01;1;1;2;04;0;0;0
5;52;1474863;M001;2.445049922307;01;01;1;1;2;14;0;0;0
5;52;4789230;M001;2.0694867419747;01;01;1;2;2;12;0;0;0
5;52;6422199;M001;2.4978574867929;01;01;1;3;2;15;0;0;0
5;52;4583986;M001;3.0556391972076;01;01;1;3;1;05;0;0;1
5;52;5295288;M001;3.1690100472651;03;01;1;3;1;15;0;0;0
5;52;2644152;M001;3.2378182905881;03;01;1;2;1;17;0;0;0
5;52;7044808;M001;2.9450879637003;03;01;1;4;2;14;0;0;0
5;52;4978437;M001;2.9450879637003;03;01;1;4;1;11;0;0;0
5;52;2400642;M001;3.0859812988261;01;01;1;2;1;16;0;0;0
5;52;3658358;M001;3.9458202626153;01;01;1;4;1;14;0;0;0
5;52;1345060;M001;3.6618381721212;01;01;1;3;1;10;0;0;0
5;52;6277725;M001;3.1256947087525;01;01;1;4;1;14;0;0;0
5;52;6935467;M001;3.2638917149188;01;01;1;3;2;12;0;0;0
5;52;3580638;M001;2.8556429551009;01;01;1;1;1;14;0;0;0
5;52;873388;M001;3.0313935606193;02;01;1;1;1;17;0;0;0
5;52;2338416;M001;3.1002018039422;02;01;1;1;1;02;0;0;0
5;52;6123393;M001;3.3241238875071;02;01;1;3;2;17;0;0;0
5;52;4467573;M001;1.9784112116888;01;01;1;3;1;17;0;0;0
5;52;4467573;M002;1.9784112116888;01;01;1;1;2;16;0;0;0
5;52;2261597;M001;1.9896406243967;01;01;1;3;2;15;0;0;0
5;52;3253027;M001;2.0450296385972;01;01;1;3;2;08;0;0;0
5;52;3680405;M001;1.9342516101962;01;01;1;3;2;08;0;0;0
5;52;3376469;M001;2.0891892400898;01;01;1;1;1;13;0;0;0
5;52;1919878;M001;2.0891892400898;01;01;1;1;2;17;0;0;0
5;52;6409118;M001;1.8900920087036;01;01;1;1;2;09;0;0;0
5;52;6409118;M002;1.8900920087036;01;01;1;2;2;17;0;0;0
5;52;2977569;M001;2.9450879637003;01;01;1;4;2;15;0;0;0
5;52;4765613;M001;3.1002018039422;01;01;1;3;2;17;0;0;0
5;52;1557646;M001;3.1690100472651;01;01;1;3;2;15;0;0;0
5;52;5534935;M001;3.0313935606193;01;01;1;3;1;16;0;0;0
5;52;2455324;M001;2.6449048050387;01;01;1;2;1;10;0;0;0
5;52;1710483;M001;3.244277029142;01;01;1;3;1;07;0;0;0
5;52;1710483;M002;3.244277029142;01;01;1;3;1;14;0;0;0
5;52;3587317;M001;3.8115982736678;01;01;1;3;1;06;0;0;0
5;52;1194295;M001;3.0279274302834;01;01;1;3;2;15;0;0;0
5;52;1034767;M001;2.9572572794963;01;01;1;4;1;16;0;0;0
5;52;4464441;M001;3.1388289345766;01;01;1;1;1;11;0;0;0
5;52;2647770;M001;4.2238631925253;01;01;1;3;2;17;0;0;0
5;52;2523369;M001;10.2754485417546;01;01;1;4;2;17;0;0;1
5;52;7396357;M001;10.0643760177484;01;01;1;1;1;10;0;0;0
5;52;6535083;M001;9.8533034937422;01;01;1;1;1;15;0;0;0
5;52;5939619;M002;9.5721947998135;01;01;1;2;1;14;0;0;0
5;52;5664737;M001;9.5721947998135;01;01;1;2;1;07;0;0;0
5;52;7399029;M001;8.5177961940211;01;01;1;3;1;09;0;0;0
5;52;6595080;M001;9.8304298339211;01;01;1;4;2;16;0;0;0
5;52;2574781;M001;10.9433823114051;01;01;1;3;1;16;0;0;0
5;52;7585073;M001;10.6957303628689;01;01;1;3;1;05;0;0;0
5;52;2523375;M001;10.5565572356834;01;01;1;4;1;11;0;0;0
5;52;56005;M001;9.2910861058848;01;01;1;4;2;16;0;0;0
5;52;2039133;M001;9.0099774119561;01;01;1;4;1;08;0;0;0
5;52;7136837;M001;9.5721947998135;01;01;1;4;2;11;0;0;0
5;52;3015759;M001;10.9433823114051;01;01;1;2;2;11;0;0;0
5;52;3485776;M001;8.9651293049733;01;01;1;2;2;17;0;0;0
5;52;5283906;M001;10.819556337137;01;01;1;1;2;08;0;0;0
5;52;7794364;M001;5.0036450477637;01;01;1;3;2;17;0;0;0
5;52;2563394;M001;13.0188005093607;01;01;1;3;1;14;0;0;0
5;52;3631473;M001;6.9128705014035;01;01;1;2;1;10;0;0;0
5;52;6621149;M001;10.819556337137;01;01;1;1;1;10;0;0;0
5;52;4340540;M001;11.5610308918167;01;01;1;2;2;09;0;0;0
5;52;6531565;M001;10.5719043886007;01;01;1;1;2;14;0;0;0
5;52;2177256;M001;12.6129575017774;01;01;1;2;2;13;0;0;0
5;52;1848675;M001;10.1423642626861;01;01;1;3;2;14;0;0;0
5;52;6478884;M001;11.4974354732138;01;01;1;2;1;17;0;0;0
5;52;1191242;M001;11.5444091557298;01;01;1;4;2;09;0;0;0
5;52;1670139;M001;10.7182770205521;01;01;1;3;1;17;0;0;0
5;52;6882990;M001;4.9213197847252;01;01;1;1;1;11;0;0;0
5;52;3831142;M001;10.3541973680641;01;01;1;3;1;10;0;0;0
5;52;6521959;M001;9.1257290836356;01;01;1;1;2;17;0;0;0
5;52;682357;M001;15.3628268987683;01;01;1;3;1;05;0;0;0
5;52;1222010;M001;10.259440975074;01;01;1;1;1;17;0;0;0
5;52;4142962;M001;5.3180307831684;01;01;1;3;2;05;0;0;0
5;52;5053996;M001;6.7063647442507;01;01;1;1;1;09;0;0;0
5;52;6569205;M001;15.2476767414033;01;01;1;2;1;13;0;0;0
5;52;1050777;M001;7.7581832750284;01;01;1;2;2;14;0;0;0
5;52;817503;M001;10.4678875732277;01;01;1;2;1;13;0;0;0
5;52;5935107;M001;7.5531626914633;01;01;1;1;2;03;0;0;0
5;52;7138335;M001;8.7288687180273;01;01;1;3;1;08;0;0;0
5;52;6836313;M001;7.3296146500276;01;01;1;3;2;12;0;0;0
5;52;2647956;M001;5.0036450477637;01;01;1;1;1;11;0;0;0
5;52;1247593;M001;6.1172962111675;01;01;1;4;2;17;0;0;0
5;52;4191810;M001;9.8843516083786;01;01;1;3;1;05;0;0;0
5;52;7663416;M001;9.0099774119561;01;01;1;4;1;08;0;0;0
5;52;1297893;M001;9.2910861058848;01;01;1;1;1;14;0;0;0
5;52;4710657;M001;9.0099774119561;01;01;1;3;2;14;0;0;0
5;52;4710657;M002;9.0099774119561;01;01;1;3;1;13;0;0;0
5;52;2864656;M001;12.0812834097344;01;01;1;3;1;99;0;0;1
5;52;1483162;M001;7.0682546555258;01;01;1;4;1;99;0;0;1
5;52;3476076;M001;9.6858412178447;08;01;2;1;2;07;0;0;0
5;52;3256800;M001;10.8195531092832;08;01;2;3;1;15;0;0;0
5;52;7498382;M001;11.5826656524926;03;01;1;2;1;16;0;0;0
5;52;6312661;M001;12.6081335279209;08;01;2;3;2;16;0;0;0
5;52;641626;M001;8.5177961940211;01;01;1;3;2;17;0;0;0
5;52;1135844;M001;5.0036450477637;01;01;1;4;2;17;0;0;0
5;52;6489864;M001;9.0800135818786;02;01;1;3;1;14;0;0;0
5;52;5254145;M001;9.8533034937422;01;01;1;4;1;14;0;0;0
5;52;2008848;M001;9.0889552792414;01;01;1;3;2;08;0;0;0
5;52;2029595;M001;10.0780817824573;01;01;1;2;2;17;0;0;0
5;52;7316407;M001;8.88882862249;01;01;1;1;1;07;0;0;0
5;52;5096518;M001;11.6774220454827;01;01;1;4;2;17;0;0;0
5;52;3368992;M001;10.259440975074;01;01;1;2;1;17;0;0;0
5;52;7410754;M001;21.0357833062407;08;01;2;3;1;11;0;0;0
5;52;7410754;M002;21.0357833062407;08;01;2;4;1;11;0;0;0
5;52;3331363;M001;9.9542558081892;01;01;1;1;1;17;0;0;0
5;52;5892918;M001;6.0353620701154;01;01;1;3;1;13;0;0;0
5;52;956627;M001;11.9476858818191;01;01;1;1;1;09;0;0;0
5;52;5831231;M001;9.5820608675428;01;01;1;3;1;17;0;0;0
5;52;5904741;M001;10.8641426588054;01;01;1;2;1;04;0;0;0
5;52;4266859;M001;10.1982827363534;01;01;1;2;1;17;0;0;0
5;52;4426767;M001;10.6957303628689;01;01;1;3;1;16;0;0;0
5;52;3532633;M001;5.0036450477637;01;01;1;3;1;12;0;0;0
5;52;4984870;M001;1.0000000000002;01;01;1;1;1;14;0;0;0
5;52;1981716;M001;9.9542558081892;01;01;1;3;2;14;0;0;0
5;52;7350680;M001;2.3334404241622;01;01;1;1;1;06;0;0;0
5;52;5222035;M001;6.2479009221343;01;01;1;2;1;15;0;0;0
5;52;7339206;M001;2.5019244101819;01;01;1;1;1;17;0;0;0
5;52;7178100;M001;1.0000000000002;01;01;1;3;1;17;0;0;0
5;52;6750707;M001;4.2376249662756;01;01;1;2;1;16;0;0;0
5;52;6806333;M001;3.1227803268348;01;01;1;1;1;07;0;0;0
5;52;2174962;M001;10;01;01;1;3;1;10;0;0;0
5;52;3936767;M001;10.3541973680641;01;01;1;3;1;06;0;0;0
5;52;6094570;M001;9.1257290836356;01;01;1;1;1;17;0;0;0
5;52;4271118;M001;10.6957303628689;01;01;1;1;2;16;0;0;0
5;52;4737750;M001;10.5719043886007;01;01;1;2;2;15;0;0;0
5;52;3842081;M001;10.819556337137;01;01;1;2;2;17;0;0;0
5;52;2950372;M001;1.6698591902995;01;01;1;4;2;13;0;0;0
5;52;4675838;M001;2.3174933405178;01;01;1;3;1;17;0;0;0
5;52;2822140;M001;11.1624303881869;01;01;1;2;1;12;0;0;0
5;52;1419439;M001;9.8304298339211;01;01;1;2;1;05;0;0;0
5;52;2383257;M001;7.7974619445224;01;01;1;3;2;13;0;0;0
5;52;591235;M001;11.5332696928265;01;01;1;4;2;15;0;0;0
5;52;4330421;M001;9.1263629312747;01;01;1;3;2;17;0;0;0
5;52;5964149;M001;10.5719043886007;01;01;1;1;2;08;0;0;0
5;52;4020776;M001;10.259440975074;01;01;1;2;1;16;0;0;0
5;52;5912692;M001;9.1257290836356;01;01;1;4;1;05;0;0;0
5;52;7097682;M001;6.2677769548429;01;01;1;2;2;17;0;0;0
5;52;5232099;M001;11.959302685633;01;01;1;1;1;03;0;0;0
5;52;246275;M001;5.2404080826;01;01;1;2;1;17;0;0;0
5;52;2475504;M001;5.9874898874589;01;01;1;2;1;13;0;0;0
5;52;3286570;M001;3.5212761111462;01;01;1;2;1;10;0;0;0
5;52;4411966;M001;5.9140065381917;01;01;1;1;2;13;0;0;0
5;52;1368701;M001;3.3608999034637;01;01;1;4;1;17;0;0;0
5;52;1957117;M001;5.7943198177046;01;01;1;3;2;14;0;0;0
5;52;7738276;M001;4.9989279054784;01;01;1;4;2;14;0;0;0
5;52;5013848;M001;4.4709559069745;01;01;1;2;2;12;0;0;0
5;52;3015765;M001;6.6314691580056;01;01;1;1;1;12;0;0;0
5;52;3082082;M001;4.8371609858681;01;01;1;1;1;01;0;0;0
5;52;2308508;M001;4.3789003593293;01;01;1;4;1;05;0;0;0
5;52;3314985;M001;5.1690460985783;01;01;1;4;2;14;0;0;0
5;52;4069901;M001;6.0169939449888;01;01;1;3;1;17;0;0;0
5;52;7010292;M001;6.8371216621791;01;01;1;4;1;17;0;0;0
5;52;3385828;M001;7.091126321637;01;01;1;1;1;11;0;0;0
5;52;3371166;M001;4.7843935029549;01;01;1;4;1;17;0;0;0
5;52;6265889;M001;4.7843935029549;01;01;1;2;2;16;0;0;0
5;52;865677;M001;6.309201393006;01;01;1;4;2;17;0;0;0
5;52;4542175;M001;3.3325322378292;08;01;2;3;1;09;0;0;0
5;52;6510755;M001;5.0453740785042;08;01;2;2;1;04;0;0;0
5;52;1945476;M001;4.9577693846397;08;01;2;2;2;17;0;0;0
5;52;562973;M001;4.9577693846397;08;01;2;3;1;17;0;0;0
5;52;2198090;M001;3.7566238914181;05;01;2;1;1;13;0;0;0
5;52;3104143;M001;4.4306079835614;05;01;2;1;1;09;0;0;0
5;52;258497;M001;5.4321750370068;08;01;2;4;2;01;0;0;1
5;52;3278805;M001;4.8207494211158;08;01;2;3;1;13;0;0;0
5;52;1931367;M001;5.5929271450675;08;01;2;2;2;17;0;0;0
5;52;6988197;M001;5.285476263865;08;01;2;3;2;14;0;0;0
5;52;2954033;M001;5.181081170193;05;01;2;1;2;99;0;0;1
5;52;5817890;M001;6.4448532769522;01;01;1;4;2;11;0;0;0
5;52;54762;M001;5.9666189968732;01;01;1;1;1;15;0;0;0
5;52;5937544;M001;7.3509479131688;01;01;1;1;2;17;0;0;0
5;52;6287040;M001;3.2476976792949;01;01;1;4;1;17;0;0;0
5;52;4255958;M001;3.4561003131974;01;01;1;3;2;15;0;0;0
5;52;4722910;M001;4.2898415607442;01;01;1;2;1;11;0;0;0
5;52;2987965;M001;3.4709935045395;01;01;1;2;2;16;0;0;0
5;52;1578350;M001;6.1641506438964;01;01;1;4;2;05;0;0;0
5;52;4499359;M001;5.176870418718;03;01;1;3;1;14;0;0;0
5;52;96077;M001;5.7233944337214;08;01;2;4;2;17;0;0;0
5;52;3346956;M001;5.1427162908032;08;01;2;3;1;07;0;0;0
5;52;7803696;M001;2.7089581114812;08;01;2;3;1;17;0;0;0
5;52;27484;M001;6.5058899714316;01;01;1;1;2;08;0;0;0
5;52;3413044;M001;6.710244336544;08;01;2;3;2;17;0;0;0
5;52;6822193;M001;2.4019725001949;01;01;1;3;1;16;0;0;0
5;52;1883882;M001;3.7926246408526;01;01;1;3;2;16;0;0;0
5;52;5947171;M001;2.8038182562741;01;01;1;3;1;12;0;0;0
5;52;7682768;M001;2.3804496755618;01;01;1;3;2;15;0;0;0
5;52;542449;M001;2.5910268926608;01;01;1;2;2;10;0;0;0
5;52;1165275;M001;3.7202006303221;01;01;1;3;1;04;0;0;0
5;52;3351926;M001;3.1247044163785;01;01;1;3;1;15;0;0;0
5;52;566185;M001;2.9697917314889;01;01;1;1;2;13;0;0;0
5;52;3216143;M001;2.8395970297113;01;01;1;4;1;15;0;0;0
5;52;3253490;M001;3.0576697198521;01;01;1;3;2;17;0;0;0
5;52;4223982;M001;2.6935516858182;01;01;1;1;1;12;0;0;0
5;52;6167401;M001;3.1723361746952;08;01;2;2;1;13;0;0;0
5;52;2299012;M001;2.7036813752972;08;01;2;3;1;16;0;0;0
5;52;1529232;M001;2.9472321666469;08;01;2;1;1;13;0;0;0
5;52;1334780;M001;3.2250946942709;08;01;2;2;2;09;0;0;0
5;52;822423;M001;2.9962980397805;08;01;2;1;2;13;0;0;0
5;52;1305533;M001;2.0611444392962;08;01;2;1;1;15;0;0;0
5;52;3829652;M001;2.7329712921092;08;01;2;4;2;17;0;0;0
5;52;3805035;M001;2.4203668102477;08;01;2;3;1;14;0;0;0
5;52;1250085;M001;2.7660115071811;08;01;2;4;1;17;0;0;0
5;52;4743837;M001;2.0602700689701;08;01;2;4;1;07;0;0;0
5;52;675189;M001;2.6652977404096;08;01;2;1;2;08;0;0;0
5;52;4496186;M001;3.2799300082402;08;01;2;1;1;15;0;0;0
5;52;6083064;M001;2.8770957045435;08;01;2;2;2;17;0;0;0
5;52;4176144;M001;3.1109660360692;01;01;1;4;1;14;0;0;0
5;52;4605022;M001;3.7894184234384;01;01;1;1;2;11;0;0;0
5;52;243175;M001;3.6704204595919;01;01;1;3;2;12;0;0;0
5;52;2700621;M001;3.1916262000302;01;01;1;4;2;10;0;0;0
5;52;3063949;M001;3.8952715955729;01;01;1;3;2;16;0;0;0
5;52;2962102;M001;3.1394585613197;01;01;1;3;1;15;0;0;0
5;52;6226733;M001;3.1394585613197;01;01;1;1;1;17;0;0;0
5;52;6226733;M002;3.1394585613197;01;01;1;1;2;16;0;0;0
5;52;7095285;M001;3.5656787544559;01;01;1;4;2;11;0;0;0
5;52;6209556;M001;2.3774011478322;01;01;1;3;2;01;0;0;0
5;52;1237804;M001;2.6920007808515;01;01;1;1;1;16;0;0;0
5;52;5145426;M001;2.6480375799714;01;01;1;4;2;09;0;0;0
5;52;6309207;M001;3.0204752463292;01;01;1;2;2;15;0;0;0
5;52;2457427;M001;2.6920007808515;01;01;1;2;1;14;0;0;0
5;52;2760077;M001;3.9787596861188;01;01;1;3;1;12;0;0;0
5;52;3799046;M001;2.5211748354318;01;01;1;2;1;14;0;0;0
5;52;3799046;M002;2.5211748354318;01;01;1;2;2;17;0;0;0
5;52;5292142;M001;2.293552913733;01;01;1;3;1;13;0;0;0
5;52;2852642;M001;2.6506110860027;01;01;1;3;1;17;0;0;0
5;52;2651356;M001;2.9417673537968;01;01;1;2;2;12;0;0;0
5;52;3440742;M001;3.7654134323147;01;01;1;3;1;14;0;0;0
5;52;3791238;M001;2.9334668168267;01;01;1;3;1;17;0;0;0
5;52;1124523;M001;2.4642870101995;01;01;1;1;1;12;0;0;0
5;52;6145483;M001;2.2327932607588;01;01;1;2;1;15;0;0;0
5;52;5041810;M001;3.0382085219628;01;01;1;1;1;17;0;0;0
5;52;6037952;M001;3.0481482816572;01;01;1;3;1;06;0;0;0
5;52;7327086;M001;5.0171451708395;01;01;1;4;1;15;0;0;0
5;52;5059605;M001;6.2693582013095;01;01;1;1;1;09;0;0;0
5;52;7218120;M001;5.1944099047125;01;01;1;3;1;10;0;0;0
5;52;5014341;M001;4.6291384259915;01;01;1;4;2;17;0;0;0
5;52;2167520;M001;4.3948260836119;01;01;1;3;1;17;0;0;0
5;52;6551946;M001;7.3916748617178;01;01;1;4;2;17;0;0;0
5;52;3444566;M001;6.2621361679507;01;01;1;3;2;17;0;0;0
5;52;522980;M001;3.9874007884801;01;01;1;2;1;11;0;0;0
5;52;257607;M001;4.2280828917242;01;01;1;3;1;01;0;0;0
5;52;257607;M002;4.2280828917242;01;01;1;2;2;16;0;0;0
5;52;5231237;M001;7.0648583782538;01;01;1;1;1;13;0;0;0
5;52;5074821;M001;3.1756342840733;01;01;1;2;1;17;0;0;0
5;52;5074821;M002;3.1756342840733;01;01;1;3;2;14;0;0;0
5;52;6682943;M001;5.5509494498503;08;01;2;4;2;17;0;0;0
5;52;2573527;M001;4.2720478586205;01;01;1;4;1;07;0;0;0
5;52;7578381;M001;4.5381794340749;01;01;1;2;2;14;0;0;0
5;52;1788026;M001;5.44799963729;01;01;1;1;2;15;0;0;0
5;52;2479427;M001;5.2088591048122;01;01;1;3;2;01;0;0;0
5;52;1665966;M001;6.4530094143885;01;01;1;1;1;17;0;0;0
5;52;5731338;M001;3.8072458269533;01;01;1;4;2;05;0;0;0
5;52;3122020;M001;7.1666844965444;01;01;1;2;2;05;0;0;0
5;52;726736;M001;4.9596603733842;01;01;1;3;1;15;0;0;0
5;52;5482000;M001;4.483248211876;01;01;1;1;1;16;0;0;0
5;52;7549697;M001;4.8781656207393;01;01;1;3;1;12;0;0;0
5;52;2265846;M001;5.2953341314448;01;01;1;3;1;11;0;0;0
5;52;6244082;M001;4.7786547985907;08;01;2;1;2;17;0;0;0
5;52;2474513;M001;6.3171215779162;08;01;2;3;2;12;0;0;0
5;52;2487649;M001;4.7040247917148;08;01;2;4;2;16;0;0;0
5;52;5877024;M001;5.2080794371212;01;01;1;2;2;01;0;0;0
5;52;3677530;M001;5.0105570087398;01;01;1;3;2;11;0;0;0
5;52;7159543;M001;3.9268969719832;01;01;1;3;2;13;0;0;0
5;52;3250730;M001;5.002180598455;01;01;1;2;1;12;0;0;0
5;52;2165694;M001;10.097867321852;08;01;2;2;1;07;0;0;0
5;52;6536182;M001;7.4476948132252;08;01;2;2;2;17;0;0;0
5;52;1490198;M001;6.7615040957006;08;01;2;1;2;15;0;0;0
5;52;4584594;M001;1.194553810318;01;01;1;4;2;04;0;0;0
5;52;5969126;M001;2.0959874604562;01;01;1;3;1;12;0;0;0
5;52;5415495;M001;2.1947222237475;01;01;1;2;2;17;0;0;0
5;52;4903061;M001;1.7581905881166;01;01;1;2;1;17;0;0;0
5;52;4849682;M001;1.9090297261419;01;01;1;3;1;17;0;0;0
5;52;236984;M001;1.7192228407184;01;01;1;4;1;16;0;0;0
5;52;7737219;M001;2.2419937828987;01;01;1;2;1;17;0;0;0
5;52;6410397;M001;2.0093369338564;01;01;1;3;2;08;0;0;0
5;52;5394739;M001;2.0944150160329;01;01;1;1;1;15;0;0;0
5;52;4377135;M001;1.6624311471843;01;01;1;3;1;14;0;0;0
5;52;7367479;M001;2.1941516153028;01;01;1;3;1;17;0;0;0
5;52;7602815;M001;2.4287547417986;01;01;1;1;1;13;0;0;0
5;52;7766868;M001;1.9369102968209;08;01;2;2;2;17;0;0;0
5;52;6821358;M001;2.3934261405443;01;01;1;1;2;16;0;0;0
5;52;2258526;M001;3.4284756173238;01;01;1;4;2;17;0;0;0
5;52;96487;M001;1.550213618748;01;01;1;3;1;15;0;0;0
5;52;2666746;M001;2.2014411824807;01;01;1;1;1;09;0;0;0
5;52;3457652;M001;2.0560532419995;01;01;1;2;1;15;0;0;0
5;52;3457652;M002;2.0560532419995;01;01;1;1;1;10;0;0;0
5;52;4428635;M001;9.6074247758758;01;01;1;3;1;08;0;0;0
5;52;3150902;M001;10.3678205559298;01;01;1;2;1;17;0;0;0
5;52;2537892;M001;9.6043119508704;01;01;1;1;2;17;0;0;0
5;52;5363064;M001;9.9907354909082;01;01;1;2;1;17;0;0;0
5;52;810965;M001;9.6074247758758;01;01;1;1;1;17;0;0;0
5;52;5826143;M001;9.9876226659028;01;01;1;1;2;16;0;0;0
5;52;1983185;M001;10.3678205559298;01;01;1;3;2;08;0;0;0
5;52;7782417;M001;10.3678205559298;01;01;1;3;2;15;0;0;0
5;52;6128647;M001;9.6074247758758;01;01;1;3;1;10;0;0;0
5;52;609237;M001;9.9907354909082;01;01;1;4;1;17;0;0;0
5;52;3505755;M001;9.9876226659028;01;01;1;2;1;09;0;0;0
5;52;3708523;M001;11.137554811;01;01;1;4;2;12;0;0;0
5;52;3708523;M002;11.137554811;01;01;1;4;1;13;0;0;0
5;52;7309931;M001;9.9876226659028;01;01;1;2;1;15;0;0;0
5;52;6660216;M001;10.3709333809352;01;01;1;3;1;15;0;0;0
5;52;1030190;M001;9.9876226659028;01;01;1;3;1;07;0;0;0
5;52;4720153;M001;13.6302218901651;01;01;1;2;1;05;0;0;0
5;52;708986;M001;13.7199505745106;01;01;1;3;1;12;0;0;0
5;52;288703;M001;8.8141403442878;01;01;1;3;1;16;0;0;0
5;52;3840870;M001;10.1191647746968;01;01;1;3;2;10;0;0;0
5;52;3574577;M001;12.1218637598536;01;01;1;3;2;11;0;0;0
5;52;7367842;M001;9.3860271088476;01;01;1;2;1;15;0;0;0
5;52;2884768;M001;6.8157380581397;01;01;1;3;1;17;0;0;0
5;52;2824322;M001;9.8948298531933;01;01;1;4;1;07;0;0;0
5;52;1137926;M001;10.2710295007146;01;01;1;3;1;10;0;0;0
5;52;2937613;M001;13.5518003992098;01;01;1;1;2;15;0;0;0
5;52;1942990;M001;9.6074247758758;01;01;1;3;1;13;0;0;0
5;52;4290866;M001;9.6074247758758;01;01;1;4;1;16;0;0;0
5;52;7785482;M001;11.1282163359837;01;01;1;2;1;15;0;0;0
5;52;1708349;M001;9.6074247758758;01;01;1;3;1;17;0;0;0
5;52;1899712;M001;9.9876226659028;01;01;1;4;1;16;0;0;0
5;52;2022934;M001;9.6043119508704;01;01;1;2;2;17;0;0;0
5;52;2010547;M001;9.9876226659028;01;01;1;3;1;11;0;0;0
5;52;3888589;M001;9.1754235122023;01;01;1;2;2;12;0;0;0
5;52;4338506;M001;7.1930497534781;01;01;1;4;1;11;0;0;0
5;52;21768;M001;11.2884142290768;01;01;1;4;1;06;0;0;0
5;52;3205836;M001;9.791654399537;01;01;1;1;1;14;0;0;0
5;52;268210;M001;10.2741320697696;01;01;1;3;1;16;0;0;0
5;52;7382876;M001;4.2425786914274;01;01;1;1;2;17;0;0;0
5;52;1833848;M001;14.7387429718722;01;01;1;1;2;15;0;0;0
5;52;6219532;M001;9.5895453918506;08;01;2;4;2;17;0;0;0
5;52;4770397;M001;15.4213342114971;01;01;1;3;1;12;0;0;0
5;52;3594333;M001;14.0407305604273;01;01;1;2;2;09;0;0;0
5;52;3128321;M001;11.378722904761;01;01;1;4;2;13;0;0;0
5;52;6042628;M001;12.2855343174607;01;01;1;3;2;11;0;0;0
5;52;6042628;M002;12.2855343174607;01;01;1;3;1;11;0;0;0
5;52;631253;M001;9.6074247758758;01;01;1;2;1;14;0;0;0
5;52;4021138;M001;7.6127448927134;01;01;1;3;1;16;0;0;0
5;52;2893157;M001;4.4790467786217;01;01;1;3;1;13;0;0;0
5;52;542718;M001;4.1494337034647;01;01;1;1;2;14;0;0;0
5;52;6278237;M001;12.7804022009048;01;01;1;3;1;01;0;0;0
5;52;2331871;M001;10.1903480387003;01;01;1;1;1;05;0;0;0
5;52;6400643;M001;6.0422534367308;01;01;1;3;1;05;0;0;0
5;52;7165218;M001;11.591921937678;01;01;1;1;2;17;0;0;0
5;52;6638719;M001;8.7834494024079;01;01;1;4;1;16;0;0;0
5;52;680935;M001;10.3093783469975;01;01;1;4;1;15;0;0;0
5;52;5514169;M001;9.3050172637293;08;01;2;2;1;17;0;0;0
5;52;660969;M001;9.592658216856;08;01;2;4;2;17;0;0;0
5;52;5779200;M001;9.9580895478632;08;01;2;4;2;17;0;0;0
5;52;7690076;M001;14.3533273090808;02;01;1;3;2;08;0;0;0
5;52;3193446;M001;9.9907354909082;01;01;1;3;1;10;0;0;0
5;52;251425;M001;2.5407863809259;08;01;2;2;1;04;0;0;0
5;52;6059136;M001;3.4167260510418;01;01;1;3;1;14;0;0;0
5;52;757769;M001;2.9602369162825;01;01;1;1;2;16;0;0;0
5;52;6025955;M001;3.1384995075732;01;01;1;3;1;12;0;0;0
5;52;3269306;M001;2.9385716032175;01;01;1;1;1;09;0;0;0
5;52;6394573;M001;3.316762098864;01;01;1;1;1;14;0;0;0
5;52;1891704;M001;2.9602369162825;01;01;1;3;1;16;0;0;0
5;52;588824;M001;3.2167981466861;01;01;1;3;1;09;0;0;0
5;52;3786251;M001;3.4950246901548;01;01;1;1;1;17;0;0;0
5;52;20106;M001;3.4167260510418;01;01;1;3;1;15;0;0;0
5;52;4440707;M001;3.0602008684603;01;01;1;3;1;08;0;0;0
5;52;4032480;M001;3.2384634597511;01;01;1;3;1;15;0;0;0
5;52;5898569;M001;3.0385355553954;01;01;1;3;1;09;0;0;0
5;52;5625656;M001;2.6820103728138;01;01;1;4;1;17;0;0;0
5;52;6556222;M001;3.2167981466861;01;01;1;2;2;15;0;0;0
5;52;6406738;M001;3.316762098864;01;01;1;3;1;17;0;0;0
5;52;3663442;M001;3.1384995075732;08;01;2;2;2;15;0;0;0
5;52;303857;M001;3.2167981466861;01;01;1;1;1;04;0;0;0
5;52;3237288;M001;3.2167981466861;01;01;1;1;1;06;0;0;0
5;52;6072330;M001;2.9602369162825;01;01;1;4;2;05;0;0;0
5;52;6278935;M001;2.8602729641046;01;01;1;3;2;05;0;0;0
5;52;5576784;M001;3.3950607379769;01;01;1;3;2;05;0;0;0
5;52;7786938;M001;3.316762098864;01;01;1;3;2;14;0;0;0
5;52;4664279;M001;3.316762098864;01;01;1;3;2;12;0;0;0
5;52;519518;M001;3.4950246901548;01;01;1;1;2;13;0;0;0
5;52;4924500;M001;3.1384995075732;01;01;1;3;2;01;0;0;0
5;52;5249685;M001;3.316762098864;08;01;2;1;1;11;0;0;0
5;52;5025758;M001;3.316762098864;08;01;2;3;1;12;0;0;0
5;52;4955897;M001;3.4950246901548;03;01;1;1;2;15;0;0;0
5;52;2350883;M001;8.032786322864;01;01;1;2;2;13;0;0;0
5;52;7627464;M001;12.7106349289488;01;01;1;3;1;17;0;0;0
5;52;6807160;M001;12.4343919661325;01;01;1;2;2;17;0;0;0
5;52;2503165;M001;15.8846619493257;01;01;1;2;2;14;0;0;0
5;52;3921614;M001;8.3667248322721;01;01;1;1;1;04;0;0;0
5;52;3921614;M002;8.3667248322721;01;01;1;1;1;04;0;0;0
5;52;2023428;M001;8.987991830328;01;01;1;4;2;10;0;0;0
5;52;3063137;M001;8.6809768083698;01;01;1;1;1;17;0;0;0
5;52;3287910;M001;13.6199626505477;01;01;1;3;1;06;0;0;0
5;52;986222;M001;11.3619552812551;01;01;1;2;2;15;0;0;0
5;52;49287;M001;8.6809768083698;01;01;1;2;1;17;0;0;0
5;52;5712818;M001;10.0604566392632;01;01;1;4;2;15;0;0;0
5;52;4437605;M001;8.3660950395047;01;01;1;3;1;16;0;0;0
5;52;5578814;M001;10.0706415584141;01;01;1;3;2;11;0;0;0
5;52;3145371;M001;8.987991830328;01;01;1;4;1;17;0;0;0
5;52;3028758;M001;13.9590460456853;01;01;1;2;1;15;0;0;0
5;52;6773239;M001;9.9945634736162;01;01;1;1;1;17;0;0;0
5;52;4591583;M001;8.3726442126412;01;01;1;4;2;17;0;0;0
5;52;1559293;M001;10.042974724756;01;01;1;3;1;09;0;0;0
5;52;5791516;M001;8.7416400085204;01;01;1;3;1;12;0;0;0
5;52;3161623;M001;8.9457714194943;01;01;1;2;1;17;0;0;0
5;52;4284046;M001;9.8810812032322;01;01;1;1;1;09;0;0;0
5;52;2186749;M001;8.1555837339622;01;01;1;4;2;06;0;0;0
5;52;2879348;M001;9.3758841777863;01;01;1;3;1;15;0;0;0
5;52;1934925;M001;11.3286024564043;08;01;2;2;1;17;0;0;0
5;52;5336456;M001;9.3686777645458;03;01;1;4;2;16;0;0;0
5;52;5999537;M001;4.9179912389049;03;05;1;1;1;01;0;0;0
5;52;1885784;M001;8.5717446026385;08;01;2;4;1;17;0;0;0
5;52;306305;M001;9.0508995297172;01;01;1;3;1;17;0;0;0
5;52;1215316;M001;9.7593907526788;01;01;1;4;1;13;0;0;0
5;52;7231133;M001;12.7812141992725;02;01;1;2;2;17;0;0;0
5;52;2584639;M001;9.6556834926446;01;01;1;3;2;13;0;0;0
5;52;247880;M001;13.790793257019;01;01;1;2;2;13;0;0;0
5;52;3071082;M001;10.0998659080809;01;01;1;2;1;13;0;0;0
5;52;5267405;M001;11.0089858554387;03;01;1;3;1;16;0;0;0
5;52;3707664;M001;10.5720284614741;03;01;1;1;2;12;0;0;0
5;52;3107216;M001;11.2401297897946;01;01;1;3;2;16;0;0;0
5;52;876843;M001;8.5174073802452;01;01;1;3;1;12;0;0;0
5;52;876843;M002;8.5174073802452;01;01;1;2;2;02;0;0;0
5;52;6314271;M001;2.9774737229229;01;01;1;2;1;17;0;0;0
5;52;4237266;M001;2.4685248578361;01;01;1;1;1;12;0;0;0
5;52;5446795;M001;2.3571076749527;01;01;1;4;1;14;0;0;0
5;52;2819383;M001;3.4857037488199;01;01;1;1;2;17;0;0;0
5;52;7699818;M001;3.3225589777252;01;01;1;3;1;08;0;0;0
5;52;7159963;M001;3.5603168113432;01;01;1;4;2;17;0;0;0
5;52;3726;M001;2.7824557578558;01;01;1;1;1;16;0;0;0
5;52;4384326;M001;3.0517605320647;01;01;1;2;1;14;0;0;0
5;52;7355469;M001;3.7232219906096;01;01;1;1;1;10;0;0;0
5;52;1099817;M001;2.8937521763073;08;01;2;3;1;17;0;0;0
5;52;2914752;M001;3.6256296029554;08;01;2;2;2;17;0;0;0
5;52;7026358;M001;3.8727863595829;08;01;2;1;1;17;0;0;0
5;52;4254650;M001;2.7527059710171;08;01;2;1;2;16;0;0;0
5;52;2101638;M001;3.6648226019289;08;01;2;3;1;17;0;0;0
5;52;4727671;M001;5.0104338766418;08;01;2;3;2;09;0;0;0
5;52;5045079;M001;3.6551145164283;08;01;2;1;1;17;0;0;0
5;52;4799223;M001;3.317572223634;08;01;2;1;1;09;0;0;0
5;52;6522176;M001;2.8503997729321;08;01;2;1;2;12;0;0;0
5;52;7217790;M001;3.5887892280412;01;01;1;4;2;13;0;0;0
5;52;4976311;M001;3.5520773465081;01;01;1;3;2;17;0;0;0
5;52;167922;M001;2.1819715796844;01;01;1;1;1;11;0;0;0
5;52;221033;M001;2.0586796260608;01;01;1;4;1;16;0;0;0
5;52;3646202;M001;2.1571909738692;01;01;1;3;1;17;0;0;0
5;52;1564997;M001;2.0586796260608;01;01;1;2;2;10;0;0;0
5;52;429615;M001;1.6472540792776;01;01;1;1;1;12;0;0;0
5;52;5051832;M001;1.8119536680979;01;01;1;3;1;16;0;0;0
5;52;4937721;M001;2.3762497276362;01;01;1;4;2;14;0;0;0
5;52;143430;M001;2.5101182649049;01;01;1;2;1;14;0;0;0
5;52;6542664;M001;1.9902484479599;01;01;1;2;1;17;0;0;0
5;52;6687930;M001;2.4159482928855;01;01;1;3;2;17;0;0;0
5;52;3732012;M001;2.5422215377784;01;01;1;3;2;14;0;0;0
5;52;2731456;M001;2.1571909738692;01;01;1;2;1;15;0;0;0
5;52;6590132;M001;1.7531853483626;01;01;1;3;1;16;0;0;0
5;52;7387935;M001;1.6884443991424;01;01;1;4;2;04;0;0;0
5;52;2399595;M001;1.7531853483626;01;01;1;4;1;09;0;0;0
5;52;1080725;M001;1.7121465626771;08;01;2;2;1;06;0;0;0
5;52;6723546;M001;1.9046293764793;08;01;2;3;2;17;0;0;0
5;52;2874900;M001;2.3501871807765;08;01;2;3;1;11;0;0;0
5;52;2581957;M001;1.4708163253592;08;01;2;1;2;15;0;0;0
5;52;371791;M001;2.1815798571449;08;01;2;3;2;17;0;0;0
5;52;2833192;M001;2.1443072031181;08;01;2;1;2;11;0;0;0
5;52;4224112;M001;1.9046293764793;08;01;2;4;2;13;0;0;0
5;52;6133981;M001;2.3731120898542;08;01;2;4;2;17;0;0;0
5;52;3384232;M001;9.4762500171236;01;01;1;3;1;17;0;0;0
5;52;7538545;M001;2.946646341466;01;01;1;3;2;14;0;0;0
5;52;6726540;M001;2.9331053359793;01;01;1;1;1;16;0;0;0
5;52;4591453;M001;10.8061402288509;01;01;1;3;1;12;0;0;0
5;52;2537357;M001;9.4073230503216;01;01;1;3;1;17;0;0;0
5;52;2537357;M002;9.4073230503216;01;01;1;2;2;15;0;0;0
5;52;642060;M001;10.3338896703592;01;01;1;2;1;17;0;0;0
5;52;1832022;M001;11.5712722259157;01;01;1;3;1;14;0;0;0
5;52;1715771;M001;9.1675624323404;01;01;1;2;1;17;0;0;0
5;52;2968868;M001;9.3140885230831;01;01;1;1;2;09;0;0;0
5;52;4563004;M001;8.9685471699081;01;01;1;3;1;17;0;0;0
5;52;7544755;M001;10.4911676729989;01;01;1;3;1;13;0;0;1
5;52;4928764;M001;16.6954454687771;01;01;1;4;2;01;0;0;0
5;52;7119046;M001;11.8715852037695;01;01;1;1;1;14;0;0;0
5;52;4537566;M001;10.4911676729989;01;01;1;2;2;15;0;0;0
5;52;7538832;M001;11.0655623180139;01;01;1;3;1;13;0;0;0
5;52;950807;M001;10.3832339949966;01;01;1;3;2;10;0;0;0
5;52;3906840;M001;7.6101994971604;01;01;1;4;1;17;0;0;0
5;52;2583693;M001;9.4514337119609;01;01;1;1;2;17;0;0;0
5;52;1352142;M001;9.4218086736794;01;01;1;1;2;15;0;0;0
5;52;2786316;M001;9.2322840581362;01;01;1;3;2;17;0;0;0
5;52;5564751;M001;10.2787018865009;01;01;1;3;1;15;0;0;0
5;52;5738363;M001;12.2986596894455;01;01;1;3;1;09;0;0;0
5;52;217423;M001;9.4897011759981;01;01;1;4;1;06;0;0;0
5;52;5732056;M001;9.2248685545282;01;01;1;3;1;17;0;0;0
5;52;7259879;M001;9.6918760328058;01;01;1;3;1;08;0;0;0
5;52;1685211;M001;7.8130124968702;01;01;1;3;1;14;0;0;0
5;52;2845108;M001;10.2787018865009;01;01;1;3;1;15;0;0;0
5;52;508730;M001;8.9869752636106;01;01;1;4;1;17;0;0;0
5;52;1089707;M001;7.2546689093311;02;01;1;4;1;17;0;0;0
5;52;1089707;M002;7.2546689093311;02;01;1;4;1;13;0;0;0
5;52;6269427;M001;8.8404340218162;02;01;1;3;1;14;0;0;0
5;52;2470570;M001;11.9636789259751;01;01;1;1;2;16;0;0;0
5;52;851615;M001;7.0327317141191;01;01;1;1;1;14;0;0;0
5;52;4765107;M001;11.3254475975155;01;01;1;3;1;12;0;0;0
5;52;203016;M001;12.4383874636412;01;01;1;4;2;16;0;0;0
5;52;1414378;M001;6.3405547762691;01;01;1;1;1;16;0;0;0
5;52;3078529;M001;11.4543169926495;01;01;1;2;1;13;0;0;0
5;52;6379592;M001;9.3754203614131;01;01;1;3;1;16;0;0;0
5;52;6638116;M001;8.8917359435215;01;01;1;2;1;17;0;0;0
5;52;160791;M001;8.5105742760756;01;01;1;3;1;08;0;0;0
5;52;2771587;M001;6.8391039260863;01;01;1;4;2;17;0;0;0
5;52;4436078;M001;10.9523348981705;01;01;1;3;1;11;0;0;0
5;52;238341;M001;8.8699403001071;01;01;1;3;2;01;0;0;0
5;52;6654534;M001;12.6448593981434;01;01;1;1;2;17;0;0;0
5;52;7517911;M001;9.1349725999847;01;01;1;3;1;08;0;0;0
5;52;5369117;M001;5.0030292153902;01;01;1;1;2;08;0;0;0
5;52;5802362;M001;12.5446139358363;01;01;1;1;1;14;0;0;0
5;52;4229168;M001;11.4698196534603;01;01;1;1;2;01;0;0;0
5;52;5224662;M001;6.955392720291;01;01;1;3;1;01;0;0;1
5;52;2105714;M001;10.3027813170642;01;01;1;4;1;17;0;0;0
5;52;7257355;M001;7.1060942357575;01;01;1;2;1;16;0;0;0
5;52;1160313;M001;10.1841849536682;01;01;1;1;1;01;0;0;0
5;52;2708119;M001;10.4022534770108;01;01;1;4;2;09;0;0;0
5;52;6799841;M001;11.8885755339201;01;01;1;2;1;17;0;0;0
5;52;5158735;M001;10.6846703085103;01;01;1;4;2;17;0;0;0
5;52;129228;M001;2.0136429608128;01;01;1;3;1;17;0;0;0
5;52;252546;M001;10.2077648104365;01;01;1;4;1;13;0;0;0
5;52;4986649;M001;9.2407874358308;01;01;1;2;1;16;0;0;0
5;52;432662;M001;14.2297244115526;01;01;1;3;1;12;0;0;0
5;52;4073879;M001;7.6691888093245;01;01;1;3;1;14;0;0;0
5;52;4700935;M001;12.7024067476848;01;01;1;2;2;11;0;0;0
5;52;2932200;M001;10.6537489190858;01;01;1;2;1;05;0;0;0
5;52;2793934;M001;2.0700388567006;01;01;1;3;1;11;0;0;0
5;52;5504303;M001;2.1261696750582;01;01;1;1;2;04;0;0;0
5;52;332293;M001;2.1018420963402;01;01;1;3;2;17;0;0;0
5;52;6624502;M001;2.0700388567006;01;01;1;3;1;17;0;0;0
5;52;7136852;M001;2.0700388567006;01;01;1;1;2;12;0;0;0
5;52;4599599;M001;2.0457112779826;01;01;1;2;2;16;0;0;0
5;52;4762752;M001;2.1823004934158;01;01;1;3;1;04;0;0;0
5;52;3562839;M001;2.1823004934158;01;01;1;3;1;08;0;0;0
5;52;7479110;M001;10.9408602368188;01;01;1;1;2;17;0;0;0
5;52;2614532;M001;10.3721660457624;01;01;1;2;1;04;0;0;0
5;52;3508946;M001;10.7945403557475;01;01;1;2;1;11;0;0;0
5;52;5745237;M001;10.8000688001571;01;01;1;1;2;01;0;0;0
5;52;5745237;M002;10.8000688001571;01;01;1;1;2;01;0;0;0
5;52;4954827;M001;10.3721660457624;01;01;1;1;1;13;0;0;0
5;52;2654051;M001;10.0850547280294;01;01;1;3;1;12;0;0;0
5;52;1128931;M001;10.3721660457624;01;01;1;1;2;17;0;0;0
5;52;854516;M001;12.224568500003;01;01;1;2;1;17;0;0;0
5;52;6923077;M001;10.3721660457624;01;01;1;1;1;11;0;0;0
5;52;802602;M001;13.4923381249156;01;01;1;2;1;10;0;0;0
5;52;5322975;M001;12.6825301372871;01;01;1;4;2;16;0;0;0
5;52;649856;M001;13.4258155389764;01;01;1;1;2;15;0;0;0
5;52;2908682;M001;12.7616465004608;01;01;1;4;1;06;0;0;0
5;52;7305364;M001;15.6377032337888;01;01;1;1;1;16;0;0;0
5;52;6741908;M001;15.7690402041777;08;01;2;1;2;14;0;0;0
5;52;5020130;M001;21.2396818736942;08;01;2;4;1;14;0;0;0
5;52;7629261;M001;11.9782008630906;01;01;1;2;1;16;0;0;0
5;52;697192;M001;11.6044595862197;01;01;1;1;1;17;0;0;0
5;52;6695570;M001;16.1029725146392;01;01;1;2;1;17;0;0;0
5;52;5603404;M001;7.9481387929765;01;01;1;4;1;15;0;0;0
5;52;794871;M001;10.167945692472;01;01;1;2;1;17;0;0;0
5;52;5414368;M001;8.1050417853196;01;01;1;2;1;17;0;0;0
5;52;4251011;M001;6.9067435268552;01;01;1;1;2;17;0;0;0
5;52;3621536;M001;6.6277880928944;01;01;1;4;1;14;0;0;0
5;52;1676001;M001;4.7509261852673;01;01;1;3;1;17;0;0;0
5;52;6945877;M001;9.2181605333417;01;01;1;1;1;16;0;0;0
5;52;5380143;M001;8.75726022096;01;01;1;2;1;15;0;0;0
5;52;4031632;M001;11.1204905627173;01;01;1;2;1;11;0;0;0
5;52;4518787;M001;10.3578728988386;01;01;1;2;2;15;0;0;0
5;52;3662014;M001;11.7706658639796;01;01;1;3;1;05;0;0;0
5;52;4904608;M001;9.2861052166488;01;01;1;1;2;12;0;0;1
5;52;2875042;M001;9.3937083990691;01;01;1;2;1;16;0;0;0
5;52;6916512;M001;8.4663887665432;01;01;1;1;1;13;0;0;0
5;52;5772126;M001;8.4078549878726;01;01;1;3;1;16;0;0;0
5;52;3306294;M001;12.0888451331427;01;01;1;3;2;15;0;0;0
5;52;1436711;M001;8.9912346990804;01;01;1;3;1;13;0;0;0
5;52;6263212;M001;11.4131468016602;01;01;1;4;1;14;0;0;0
5;52;517331;M001;9.8194885334994;01;01;1;4;1;08;0;0;0
5;52;1646453;M001;8.0987409423944;01;01;1;4;1;13;0;0;0
5;52;6632978;M001;11.0735911635725;01;01;1;1;2;09;0;0;0
5;52;4403951;M001;8.3258258220583;01;01;1;3;2;17;0;0;0
5;52;2477970;M001;10.6537800867143;01;01;1;3;1;12;0;0;0
5;52;5187626;M001;8.2205785085546;01;01;1;2;1;14;0;0;0
5;52;831973;M001;12.9463464512126;01;01;1;1;1;07;0;0;0
5;52;220799;M001;8.8444655091522;01;01;1;4;1;14;0;0;0
5;52;5942848;M001;9.0563676073799;01;01;1;1;2;15;0;0;0
5;52;3854498;M001;11.2338464572442;01;01;1;1;1;11;0;0;0
5;52;1899737;M001;11.9872790247477;01;01;1;3;1;11;0;0;0
5;52;2592698;M001;12.8939849680811;01;01;1;4;1;01;0;0;0
5;52;2333929;M001;9.3877305454986;01;01;1;3;1;17;0;0;0
5;52;7209917;M001;8.3022021137296;01;01;1;2;2;12;0;0;0
5;52;2717474;M001;9.9442632913677;01;01;1;4;1;16;0;0;0
5;52;2869358;M001;10.3721660457624;01;01;1;2;1;16;0;0;0
5;52;6165204;M001;11.2279715545518;01;01;1;3;2;14;0;0;0
5;52;3539180;M001;1.940925302189;01;01;1;4;1;11;0;0;0
5;52;2705379;M001;2.1261696750582;01;01;1;3;1;17;0;0;0
5;52;7317690;M001;10.2313746091007;01;01;1;2;2;12;0;0;0
5;52;6137233;M001;10.9408602368188;01;01;1;2;1;15;0;0;0
5;52;2791026;M001;9.9442632913677;01;01;1;4;1;13;0;0;0
5;52;5989345;M001;10.2313746091007;01;01;1;2;2;17;0;0;0
5;52;5847774;M001;10.2313746091007;01;01;1;1;1;17;0;0;0
5;52;312856;M001;10.2313746091007;01;01;1;4;2;16;0;0;0
5;52;3002378;M001;7.0940747558807;01;01;1;3;2;12;0;0;0
5;52;3001659;M001;12.1872308944113;01;01;1;3;1;05;0;0;0
5;52;1024561;M001;13.9151071843422;01;01;1;4;1;09;0;0;0
5;52;4921310;M001;8.6329456123718;01;01;1;3;1;11;0;0;0
5;52;3378403;M001;13.1030619656802;01;01;1;4;2;15;0;0;0
5;52;7370024;M001;13.9276392375971;01;01;1;2;1;14;0;0;0
5;52;649840;M001;7.2521343630696;01;01;1;1;2;12;0;0;0
5;52;6836571;M001;9.9600279006212;01;01;1;4;2;12;0;0;0
5;52;4536245;M001;12.052179397086;03;01;1;2;2;17;0;0;0
5;52;6773764;M001;8.3133575813752;03;01;1;3;1;04;0;0;0
5;52;1627987;M001;2.967781609648;03;01;1;2;2;13;0;0;0
5;52;301089;M001;13.0334142853326;03;01;1;1;1;15;0;0;0
5;52;6991932;M001;10.9603065502358;03;01;1;2;2;13;0;0;0
5;52;1359796;M001;12.4493824317203;01;01;1;4;1;11;0;0;0
5;52;5656067;M001;13.2427033407515;01;01;1;2;1;05;0;0;1
5;52;330006;M001;9.2590938235835;01;01;1;2;2;14;0;0;0
5;52;656959;M001;9.0044044598229;01;01;1;3;2;17;0;0;0
5;52;2571580;M001;10.8000688001571;01;01;1;3;2;14;0;0;0
5;52;6831439;M001;12.6729553143101;01;01;1;4;1;14;0;0;0
5;52;2247515;M001;11.0967976986397;01;01;1;1;1;17;0;0;0
5;52;5385519;M001;9.879857661882;01;01;1;3;2;08;0;0;0
5;52;7178409;M001;15.9403942369932;01;01;1;3;2;01;0;0;0
5;52;4592895;M001;8.6287521950584;01;01;1;3;1;15;0;0;0
5;52;1847606;M001;12.4610745523619;01;01;1;3;1;10;0;0;0
5;52;5934943;M001;9.4834173961271;01;01;1;4;2;17;0;0;0
5;52;3117331;M001;9.8134662688283;02;01;1;3;1;05;0;0;0
5;52;6033534;M001;10.304015837453;01;01;1;2;1;10;0;0;0
5;52;6033534;M002;10.304015837453;01;01;1;3;2;10;0;0;0
5;52;408243;M001;10.6577884562327;01;01;1;4;2;14;0;0;0
5;52;4768822;M001;12.1358874103399;01;01;1;2;1;12;0;0;0
5;52;7575371;M001;9.8697234744862;01;01;1;4;2;14;0;0;0
5;52;4260245;M001;8.2132209707737;02;01;1;1;1;10;0;0;0
5;52;7059286;M001;8.1199531087853;02;01;1;3;2;01;0;0;0
5;52;1672669;M001;7.9580412580389;01;01;1;4;2;17;0;0;0
5;52;3668060;M001;14.2703952357584;01;01;1;3;2;17;0;0;0
5;52;5373047;M001;6.3336871507981;01;01;1;1;1;08;0;0;0
5;52;7005777;M001;7.2472893685138;01;01;1;4;2;01;0;0;0
5;52;7361880;M001;8.709362098673;01;01;1;4;2;12;0;0;0
5;52;2821818;M001;9.7984102308006;01;01;1;1;2;14;0;0;0
5;52;3203809;M001;8.6317713330507;01;01;1;2;1;09;0;0;0
5;52;594243;M001;7.0216498194752;01;01;1;1;1;13;0;0;0
5;52;2975572;M001;10.2313746091007;01;01;1;2;2;11;0;0;0
5;52;186008;M001;9.9442632913677;01;01;1;3;1;12;0;0;0
5;52;306471;M001;1.940925302189;01;01;1;3;1;14;0;0;0
5;52;375760;M001;2.1504972537762;01;01;1;3;2;17;0;0;0
5;52;6478978;M001;2.1261696750582;01;01;1;2;2;17;0;0;0
5;52;6917360;M001;1.9970561205466;01;01;1;3;2;14;0;0;0
5;52;6755158;M001;10.2313746091007;01;01;1;2;1;16;0;0;0
5;52;1661490;M001;2.1018420963402;01;01;1;3;1;10;0;0;0
5;52;2186161;M001;10.3721660457624;01;01;1;4;1;13;0;0;0
5;52;2720864;M001;1.940925302189;01;01;1;4;1;05;0;0;0
5;52;823269;M001;1.965252880907;01;01;1;4;1;03;0;0;0
5;52;7622197;M001;1.940925302189;01;01;1;3;1;11;0;0;0
5;52;4758299;M001;2.0457112779826;01;01;1;4;2;01;0;0;0
5;52;1672566;M001;2.0213836992646;01;01;1;1;2;17;0;0;0
5;52;5060168;M001;2.0457112779826;01;01;1;3;1;05;0;0;0
5;52;5770295;M001;2.1823004934158;01;01;1;4;2;10;0;0;0
5;52;200115;M001;1.965252880907;01;01;1;3;1;14;0;0;0
5;52;2891930;M001;10.3721660457624;01;01;1;3;2;14;0;0;0
5;52;6110747;M001;2.2627588904913;01;01;1;3;2;17;0;0;0
5;52;5085205;M001;7.2243053186966;03;01;1;3;2;17;0;0;0
5;52;5085205;M002;7.2243053186966;03;01;1;1;1;12;0;0;0
5;52;2800957;M001;8.8481515120787;03;01;1;1;2;11;0;0;0
5;52;2115868;M001;9.0348666766044;03;01;1;3;2;12;0;0;0
5;52;7562222;M001;14.7859588645461;01;01;1;3;2;10;0;0;0
5;52;4054716;M001;8.1409462065497;01;01;1;2;2;14;0;0;0
5;52;4054716;M002;8.1409462065497;01;01;1;2;1;14;0;0;0
5;52;4964526;M001;3.5497891948422;01;01;1;4;1;06;0;0;0
5;52;658060;M001;2.4800342836074;01;01;1;4;1;10;0;0;0
5;52;4395852;M001;12.2595807003405;01;01;1;3;1;04;0;0;0
5;52;4550891;M001;11.275384081851;01;01;1;3;2;15;0;0;0
5;52;4712775;M001;10.4859761177813;01;01;1;1;2;01;0;0;0
5;52;4962728;M001;11.3413464355307;01;01;1;4;1;11;0;0;0
5;52;5517604;M001;6.5265266329256;01;01;1;4;1;13;0;0;0
5;52;1434526;M001;9.3891371481947;01;01;1;1;1;04;0;0;0
5;52;313970;M001;9.0932899296763;01;01;1;1;2;14;0;0;0
5;52;4696703;M001;6.2859096184277;01;01;1;1;1;06;0;0;0
5;52;6008784;M001;12.7453251144404;01;01;1;3;1;14;0;0;0
5;52;1588336;M001;11.2191447806423;01;01;1;3;2;05;0;0;0
5;52;5328450;M001;10.8494625728874;01;01;1;3;2;16;0;0;0
5;52;5093209;M001;7.63251813345;01;01;1;4;1;14;0;0;0
5;52;3002041;M001;7.1664780940411;01;01;1;1;2;17;0;0;0
5;52;7488758;M001;14.0340946940715;01;01;1;2;1;09;0;0;0
5;52;1465660;M001;9.2947366183695;01;01;1;3;2;09;0;0;0
5;52;7382476;M001;7.4469248522394;01;01;1;4;1;15;0;0;0
5;52;4897005;M001;9.5065163045729;01;01;1;1;2;04;0;0;0
5;52;2354495;M001;6.6404851443212;01;01;1;3;1;17;0;0;0
5;52;2037407;M001;8.3761621903161;01;01;1;3;2;17;0;0;0
5;52;284821;M001;9.9679132672909;01;01;1;4;2;12;0;0;0
5;52;5375906;M001;9.9813160206287;01;01;1;3;1;05;0;0;0
5;52;6637648;M001;8.0720486570933;01;01;1;1;1;12;0;0;0
5;52;1629678;M001;5.9738876179726;01;01;1;3;1;16;0;0;0
5;52;4418944;M001;11.6867394115054;01;01;1;3;2;12;0;0;0
5;52;1387011;M001;8.5996012330474;01;01;1;2;2;15;0;0;0
5;52;1387011;M002;8.5996012330474;01;01;1;2;1;05;0;0;0
5;52;7600768;M001;6.7699393350905;01;01;1;3;1;17;0;0;0
5;52;2734330;M001;12.3820259362779;01;01;1;3;2;08;0;0;0
5;52;5324997;M001;10.2837625526262;01;01;1;1;1;01;0;0;0
5;52;6022276;M001;6.6265271660565;01;01;1;4;1;15;0;0;0
5;52;256120;M001;10.3144972837337;01;01;1;4;1;08;0;0;0
5;52;7262206;M001;6.9989339317386;01;01;1;4;2;08;0;0;0
5;52;4141168;M001;6.8102827713219;01;01;1;1;1;06;0;0;0
5;52;7337754;M001;11.6911994130602;01;01;1;3;1;17;0;0;0
5;52;893146;M001;8.3388219410489;01;01;1;3;1;17;0;0;0
5;52;2029988;M001;9.8107426077962;01;01;1;3;1;13;0;0;0
5;52;7002361;M001;10.1268201641147;01;01;1;4;2;01;0;0;0
5;52;4771924;M001;11.2728886054923;01;01;1;1;2;07;0;0;0
5;52;2229245;M001;7.1635977704119;01;01;1;2;2;17;0;0;0
5;52;5102172;M001;9.2676949738213;01;01;1;2;2;13;0;0;0
5;52;4499096;M001;3.6410430780767;01;01;1;2;2;17;0;0;0
5;52;5264279;M001;5.4186744757856;01;01;1;3;1;17;0;0;0
5;52;1621038;M001;4.6910486543803;01;01;1;3;2;16;0;0;0
5;52;2307931;M001;4.554291409282;01;01;1;4;1;13;0;0;0
5;52;87121;M001;6.1667575449988;01;01;1;4;1;09;0;0;0
5;52;7644247;M001;4.6528892422329;01;01;1;3;2;15;0;0;0
5;52;1831403;M001;3.6441635010632;01;01;1;2;1;17;0;0;0
5;52;6915237;M001;5.4715417130186;01;01;1;4;1;14;0;0;0
5;52;2198193;M001;3.6653226056617;01;01;1;1;1;17;0;0;0
5;52;1716644;M001;7.1339184220709;01;01;1;4;2;13;0;0;0
5;52;7310137;M001;5.4621350128092;01;01;1;1;1;16;0;0;0
5;52;4288531;M001;4.1973184004909;01;01;1;3;1;14;0;0;0
5;52;6056226;M001;4.6563092816434;01;01;1;4;1;17;0;0;0
5;52;928916;M001;4.3885072279286;01;01;1;4;1;05;0;0;0
5;52;1898056;M001;5.2220204165405;01;01;1;2;2;15;0;0;0
5;52;1206931;M001;5.3039629485001;08;01;2;4;1;15;0;0;0
5;52;3270152;M001;5.4154787084456;01;01;1;3;1;14;0;0;0
5;52;255068;M001;4.0300071275556;01;01;1;3;1;14;0;0;0
5;52;2045438;M001;4.5678734858989;01;01;1;3;1;16;0;0;0
5;52;426031;M001;4.5439671375964;01;01;1;2;2;13;0;0;0
5;52;1219657;M001;4.6563092816434;02;01;1;1;1;13;0;0;0
5;52;985848;M001;5.8837217011591;02;01;1;3;2;13;0;0;0
5;52;985848;M002;5.8837217011591;02;01;1;4;1;13;0;0;0
5;52;7608594;M001;4.6563092816434;01;01;1;3;1;16;0;0;0
5;52;924372;M001;10.6733885995139;01;01;1;2;2;13;0;0;0
5;52;5310193;M001;9.725870350123;01;01;1;2;2;17;0;0;0
5;52;4259652;M001;12.6958653289963;01;01;1;1;1;13;0;0;0
5;52;136035;M001;8.8127369004564;01;01;1;1;1;16;0;0;0
5;52;633299;M001;7.0625469050737;01;01;1;4;1;07;0;0;0
5;52;2109013;M001;12.5244629183849;01;01;1;4;1;12;0;0;0
5;52;2109013;M002;12.5244629183849;01;01;1;4;1;07;0;0;0
5;52;314155;M001;10.1579249684815;01;01;1;3;1;17;0;0;0
5;52;4113411;M001;9.5289843405316;01;01;1;2;1;16;0;0;0
5;52;7080382;M001;11.8186442529471;01;01;1;2;1;11;0;0;0
5;52;1444806;M001;10.8014385336147;01;01;1;4;1;13;0;0;0
5;52;7511875;M001;12.782212805357;01;01;1;3;2;14;0;0;0
5;52;7500422;M001;6.3527499316773;01;01;1;3;2;07;0;0;0
5;52;1308579;M001;8.2070124579389;01;01;1;1;1;16;0;0;0
5;52;7077736;M001;13.197965348419;01;01;1;1;1;13;0;0;0
5;52;379278;M001;9.4836912111117;01;01;1;1;2;17;0;0;0
5;52;3234830;M001;7.276565456152;01;01;1;2;1;16;0;0;0
5;52;456363;M001;10.5457943543523;01;01;1;1;1;15;0;0;0
5;52;7194035;M001;9.1068883932309;01;01;1;4;2;17;0;0;0
5;52;4239645;M001;9.2318095231795;01;01;1;3;1;17;0;0;0
5;52;2644910;M001;11.9044803491748;01;01;1;4;1;07;0;0;0
5;52;2055393;M001;8.9346708877712;08;01;2;3;1;17;0;0;0
5;52;173140;M001;9.8114043270588;08;01;2;3;2;12;0;0;0
5;52;7801618;M001;9.982690700022;08;01;2;1;2;15;0;0;0
5;52;138976;M001;8.9346708877712;08;01;2;3;2;17;0;0;0
5;52;3123746;M001;8.9346708877712;08;01;2;4;1;17;0;0;0
5;52;1891093;M001;10.8594241393096;08;01;2;4;2;11;0;0;0
5;52;1141049;M001;8.9346708877712;08;01;2;3;1;17;0;0;0
5;52;7237570;M001;13.4860102362944;02;01;1;4;2;17;0;0;0
5;52;3624648;M001;10.1683909240439;01;01;1;2;1;15;0;0;0
5;52;3616111;M001;9.686147092262;01;01;1;4;1;14;0;0;0
5;52;5507201;M001;10.80895314485;01;01;1;1;2;17;0;0;0
5;52;4391227;M001;1.7237125890111;01;01;1;3;2;13;0;0;0
5;52;775810;M001;1.6392524363073;01;01;1;3;1;16;0;0;0
5;52;1782559;M001;1.7237125890111;01;01;1;3;1;01;0;0;0
5;52;5407906;M001;1.7511402484579;01;01;1;3;1;15;0;0;0
5;52;5407906;M002;1.7511402484579;01;01;1;2;1;07;0;0;0
5;52;1639332;M001;1.917883379502;01;01;1;4;1;16;0;0;0
5;52;6659968;M001;1.8630280606085;01;01;1;3;2;17;0;0;0
5;52;487812;M001;2.1690866632499;01;01;1;2;1;08;0;0;0
5;52;4446454;M001;2.0297711916526;01;01;1;1;1;03;0;0;0
5;52;306388;M001;1.6118247768605;01;01;1;1;1;11;0;0;0
5;52;7235447;M001;1.7237125890111;01;01;1;3;1;01;0;0;0
5;52;5571714;M001;1.8059955673514;01;01;1;1;2;14;0;0;0
5;52;330494;M001;11.397962691952;01;01;1;2;1;04;0;0;0
5;52;6972580;M001;8.3828002132283;01;01;1;2;1;04;0;0;0
5;52;1844242;M001;9.6576046348866;01;01;1;4;1;17;0;0;0
5;52;5493157;M001;7.7787943451489;01;01;1;4;1;12;0;0;0
5;52;4013724;M001;8.8127369004564;01;01;1;1;1;14;0;0;0
5;52;2148468;M001;6.6944616713311;01;01;1;1;1;03;0;0;0
5;52;2913761;M001;2.2282625405295;01;01;1;3;2;12;0;0;0
5;52;265229;M001;4.1265753402196;01;01;1;1;1;17;0;0;0
5;52;7633669;M001;3.7777037888544;01;01;1;1;2;10;0;0;0
5;52;6619798;M001;3.8335862458876;01;01;1;1;2;11;0;0;0
5;52;1383029;M001;3.1951676803046;01;01;1;1;1;12;0;0;0
5;52;1670292;M001;2.3387183910275;01;01;1;3;1;13;0;0;0
5;52;5049272;M001;3.4066604668871;01;01;1;3;2;16;0;0;0
5;52;7066193;M001;3.1929449367464;01;01;1;1;1;13;0;0;0
5;52;6717304;M001;2.2095506353799;01;01;1;3;2;13;0;0;0
5;52;4186293;M001;2.6448740435037;01;01;1;3;2;17;0;0;0
5;52;5836710;M001;3.2668272317491;01;01;1;3;1;08;0;0;0
5;52;5874391;M001;2.2297331329078;01;01;1;3;1;17;0;0;0
5;52;1073739;M001;2.4935182656932;01;01;1;3;2;15;0;0;0
5;52;3136261;M001;3.1163502668645;01;01;1;2;2;15;0;0;0
5;52;4084498;M001;3.4655330599013;01;01;1;3;2;10;0;0;0
5;52;3656808;M001;3.3343370761996;01;01;1;4;2;17;0;0;0
5;52;3656808;M002;3.3343370761996;01;01;1;4;1;17;0;0;0
5;52;7601427;M001;3.0380846844242;01;01;1;2;1;14;0;0;0
5;52;3928649;M001;3.0288203500534;01;01;1;1;2;17;0;0;0
5;52;5211477;M001;3.179938158847;01;01;1;2;1;14;0;0;0
5;52;5435418;M001;1.7689311015222;01;01;1;2;1;17;0;0;0
5;52;6196545;M001;2.1669978642124;02;01;1;3;1;13;0;0;0
5;52;3495285;M001;3.3426470127342;02;01;1;3;1;06;0;0;0
5;52;4020736;M001;4.118265403685;01;01;1;4;2;12;0;0;0
5;52;1172668;M001;3.3904554839023;01;01;1;1;1;15;0;0;0
5;52;2505311;M001;3.6340329192759;01;01;1;1;1;17;0;0;0
5;52;6201242;M001;3.0533699440286;01;01;1;3;1;13;0;0;0
5;52;3208437;M001;3.3858238623761;01;01;1;3;1;17;0;0;0
5;52;5360030;M001;2.6415572407575;01;01;1;1;2;16;0;0;0
5;52;1327847;M001;3.8164948627064;01;01;1;3;1;17;0;0;0
5;52;2557178;M001;4.049947129298;01;01;1;2;1;17;0;0;0
5;52;5145028;M001;3.2392847070169;01;01;1;4;1;11;0;0;0
5;52;566807;M001;2.3700710631086;01;01;1;3;2;01;0;0;0
5;52;566807;M002;2.3700710631086;01;01;1;3;1;16;0;0;1
5;52;2420149;M001;4.0597866761935;01;01;1;3;2;17;0;0;1
5;52;2420149;M002;4.0597866761935;01;01;1;4;1;14;0;0;1
5;52;2420149;M003;4.0597866761935;01;01;1;4;2;15;0;0;1
5;52;6573707;M001;3.201593720215;01;01;1;4;1;15;0;0;0
5;52;1750284;M001;4.3608360304379;01;01;1;3;2;17;0;0;1
5;52;5786571;M001;2.2480048033183;01;01;1;1;2;15;0;0;0
5;52;7625881;M001;2.7770646083735;01;01;1;3;1;12;0;0;0
5;52;6206048;M001;4.4763162869797;01;01;1;3;2;15;0;0;0
5;52;6595521;M001;2.9240827881385;01;01;1;4;2;15;0;0;0
5;52;21031;M001;1.6718890479298;01;01;1;2;1;14;0;0;0
5;52;5436004;M001;2.6980614904922;08;01;2;3;2;11;0;0;0
5;52;1839010;M001;3.1421934898805;08;01;2;2;1;07;0;0;0
5;52;3085095;M001;3.8634926017246;08;01;2;1;2;15;0;0;0
5;52;372802;M001;1.7367399721884;08;01;2;3;2;10;0;0;0
5;52;4494551;M001;3.3219895169707;08;01;2;1;1;13;0;0;0
5;52;645425;M001;2.866429336509;08;01;2;1;2;11;0;0;0
5;52;2291052;M001;2.0340096955962;08;01;2;2;2;16;0;0;0
5;52;3435477;M001;3.238180352496;08;01;2;2;1;06;0;0;0
5;52;3847836;M001;3.1150866364289;08;01;2;3;2;17;0;0;0
5;52;483877;M001;1.0599076830864;08;01;2;4;1;05;0;0;0
5;52;4732363;M001;1.9407293436222;08;01;2;2;1;16;0;0;0
5;52;4733065;M001;2.7552021848541;08;01;2;1;2;10;0;0;0
5;52;7102088;M001;1.0000000000003;08;01;2;1;2;14;0;0;0
5;52;610767;M001;3.2963185448425;08;01;2;3;2;15;0;0;0
5;52;3372959;M001;3.5957070424602;08;01;2;4;1;11;0;0;0
5;52;5417283;M001;1.7660392963901;08;01;2;3;2;13;0;0;0
5;52;539859;M001;1.8765579873833;08;01;2;1;2;17;0;0;0
5;52;6653430;M001;3.7231482023032;08;01;2;1;1;12;0;0;0
5;52;4911388;M001;3.8545864148629;08;01;2;2;1;04;0;0;0
5;52;2674996;M001;5.1613733926581;08;01;2;2;1;11;0;0;0
5;52;7579459;M001;1.8181119453816;05;01;2;3;1;10;0;0;0
5;52;222290;M001;2.1669637132913;01;01;1;4;1;17;0;0;0
5;52;5786823;M001;2.3299275904098;01;01;1;2;1;15;0;0;0
5;52;856767;M001;2.8857538227654;01;01;1;3;2;16;0;0;0
5;52;5835033;M001;2.5766304086202;01;01;1;2;1;17;0;0;0
5;52;1748134;M001;2.2808693616217;01;01;1;1;1;13;0;0;0
5;52;3221015;M001;3.2159489452541;01;01;1;4;2;12;0;0;0
5;52;2994724;M001;4.0079796650241;01;01;1;1;1;17;0;0;0
5;52;7415392;M001;3.1894587161466;01;01;1;2;1;15;0;0;0
5;52;2765500;M001;4.1354437379037;01;01;1;1;1;17;0;0;0
5;52;2765500;M002;4.1354437379037;01;01;1;3;2;17;0;0;0
5;52;5071056;M001;2.8341543494709;01;01;1;3;2;16;0;0;0
5;52;2242593;M001;3.6074080533695;01;01;1;1;1;17;0;0;0
5;52;2919787;M001;2.0176437044091;01;01;1;3;1;14;0;0;0
5;52;7579833;M001;3.3495548720017;01;01;1;1;2;14;0;0;0
5;52;1929398;M002;3.1569708724468;08;01;2;3;2;11;0;0;0
5;52;1316789;M001;3.003159619321;01;01;1;1;1;09;0;0;0
5;52;4271803;M001;2.0176437044091;01;01;1;3;1;16;0;0;0
5;52;5645981;M001;2.5572556783121;01;01;1;2;1;06;0;0;0
5;52;2756239;M001;2.5342975924322;01;01;1;2;1;12;0;0;0
5;52;5806352;M001;2.2690240414942;01;01;1;3;2;13;0;0;0
5;52;2781446;M001;3.7117495677722;01;01;1;2;1;17;0;0;0
5;52;1903316;M001;1.8439727676555;01;01;1;1;1;10;0;0;0
5;52;6848206;M001;2.9930408002379;01;01;1;3;1;13;0;0;0
5;52;1422141;M001;2.8857538227654;01;01;1;3;2;17;0;0;0
5;52;777292;M001;2.3405065130726;01;01;1;4;1;04;0;0;0
5;52;5234327;M001;2.9388865962096;01;01;1;1;2;17;0;0;0
5;52;2813874;M001;3.4784709154867;01;01;1;2;2;06;0;0;0
5;52;2813874;M002;3.4784709154867;01;01;1;3;1;11;0;0;0
5;52;7445087;M001;2.7773570844589;08;01;2;3;1;13;0;0;0
5;52;1969380;M001;3.3796061871821;08;01;2;4;2;14;0;0;0
5;52;165456;M001;2.5216062233757;08;01;2;4;1;17;0;0;0
5;52;5322845;M002;2.1766341579019;01;01;1;1;1;05;0;0;0
5;52;183766;M001;3.1924172685514;01;01;1;4;2;11;0;0;0
5;52;3862465;M001;3.9930799481067;01;01;1;3;2;01;0;0;0
5;52;5378923;M001;1.5052955665028;01;01;1;3;2;14;0;0;0
5;52;5199927;M001;2.5148114347335;02;01;1;3;2;17;0;0;0
5;52;7037490;M001;2.5148114347335;02;01;1;3;2;17;0;0;0
5;52;4600473;M001;1.77503770638;01;01;1;4;1;10;0;0;0
5;52;2746361;M001;3.9081318452403;01;01;1;2;2;08;0;0;0
5;52;3539442;M001;3.9196378961184;01;01;1;4;1;17;0;0;0
5;52;373418;M001;4.3468158771042;01;01;1;1;2;01;0;0;0
5;52;373418;M002;4.3468158771042;01;01;1;4;1;01;0;0;0
5;52;3359787;M001;4.1104023502494;01;01;1;1;2;09;0;0;0
5;52;1751508;M001;4.1506408206661;01;01;1;3;1;14;0;0;0
5;52;2546245;M001;5.0804668651673;01;01;1;1;1;17;0;0;0
5;52;5435265;M001;2.6892711534439;08;01;2;4;2;14;0;0;0
5;52;7023990;M001;2.2014990315639;08;01;2;3;1;06;0;0;0
5;52;3631091;M001;1.6710175794763;08;01;2;4;2;11;0;0;0
5;52;915952;M001;3.9500189086478;01;01;1;3;1;17;0;0;0
5;52;4873520;M001;3.7124214498521;01;01;1;1;1;08;0;0;0
5;52;3839095;M001;4.6633731265336;01;01;1;3;1;15;0;0;0
5;52;6698601;M001;5.5665261884544;01;01;1;4;1;08;0;0;0
5;52;1032778;M001;6.4841022232888;01;01;1;3;1;17;0;0;0
5;52;6657900;M001;4.4230788282842;01;01;1;2;1;12;0;0;0
5;52;4087942;M001;5.5104856323204;01;01;1;3;1;16;0;0;0
5;52;6977404;M001;3.3838504624283;01;01;1;2;2;15;0;0;0
5;52;3549834;M001;4.1872394479428;01;01;1;3;2;17;0;0;0
5;52;3579508;M001;5.7681818792766;01;01;1;3;1;09;0;0;0
5;52;5239415;M001;3.6216384327197;01;01;1;2;1;10;0;0;0
5;52;610498;M001;6.9916120786221;01;01;1;2;1;06;0;0;0
5;52;610498;M002;6.9916120786221;01;01;1;2;1;01;0;0;0
5;52;1844158;M001;5.5970318490775;01;01;1;2;1;16;0;0;0
5;52;5704884;M001;4.6366799210241;01;01;1;3;1;15;0;0;0
5;52;2105391;M001;6.6213393925937;01;01;1;3;1;12;0;0;0
5;52;7155822;M001;4.3875503337259;03;01;1;3;2;12;0;0;0
5;52;4507183;M001;3.2774681309605;03;01;1;3;1;17;0;0;0
5;52;3660922;M001;3.216553082652;03;01;1;3;2;17;0;0;0
5;52;7201368;M001;6.1098367857882;02;01;1;3;2;11;0;0;0
5;52;7201368;M002;6.1098367857882;02;01;1;4;2;05;0;0;0
5;52;7302699;M001;2.8930447698831;02;01;1;3;1;09;0;0;0
5;52;620622;M001;5.5583898520529;02;01;1;3;2;17;0;0;0
5;52;3332713;M001;3.9548914933256;01;01;1;2;1;15;0;0;0
5;52;2092417;M001;7.5269700566944;01;01;1;3;1;11;0;0;0
5;52;3581403;M001;4.2144709647316;01;01;1;3;2;15;0;0;0
5;52;7112899;M001;2.9003515937753;01;01;1;4;2;17;0;0;0
5;52;6545430;M001;8.5753578166553;01;01;1;1;1;14;0;0;0
5;52;2677708;M001;2.6907382409799;01;01;1;3;1;17;0;0;0
5;52;220268;M001;2.4674999130919;01;01;1;3;1;16;0;0;0
5;52;4665518;M001;5.5674126923496;01;01;1;4;2;15;0;0;0
5;52;7181106;M001;2.0612442523654;01;01;1;2;2;12;0;0;0
5;52;7764290;M001;3.0535978009504;01;01;1;4;2;17;0;0;0
5;52;2184504;M001;3.387867298502;01;01;1;4;2;17;0;0;0
5;52;7124383;M001;2.4450452062338;01;01;1;4;2;17;0;0;0
5;52;2885944;M001;4.1876136124108;01;01;1;3;2;17;0;0;0
5;52;4087305;M001;2.5399153497511;01;01;1;4;1;15;0;0;0
5;52;3943613;M001;3.4494398513442;01;01;1;3;1;11;0;0;0
5;52;4834504;M001;5.1766522758068;01;01;1;3;1;09;0;0;0
5;52;224843;M001;2.9621788603519;01;01;1;3;2;15;0;0;0
5;52;7673282;M001;1.7164291003162;01;01;1;3;2;15;0;0;0
5;52;7052036;M001;2.9945651961153;01;01;1;1;1;16;0;0;0
5;52;127176;M001;4.3449426500431;01;01;1;2;1;07;0;0;0
5;52;1223395;M001;2.2330967027716;08;01;2;4;2;17;0;0;0
5;52;5970404;M001;2.5242934278585;08;01;2;3;1;17;0;0;0
5;52;3107839;M001;3.9079540069002;08;01;2;4;1;17;0;0;0
5;52;3884499;M001;3.0785552751952;01;01;1;1;1;17;0;0;0
5;52;5850292;M001;3.3966369547815;01;01;1;3;1;06;0;0;0
5;52;502110;M001;2.5209179107544;01;01;1;2;2;14;0;0;0
5;52;4538499;M001;3.0676494067113;01;01;1;1;1;01;0;0;0
5;52;2241478;M001;5.9424898774966;01;01;1;4;1;17;0;0;0
5;52;7055113;M001;11.1882311891494;01;01;1;2;2;17;0;0;0
5;52;1101697;M001;16.3755215498266;01;01;1;3;1;13;0;0;0
5;52;5490710;M001;6.7221103514397;01;01;1;4;2;17;0;0;0
5;52;1007087;M001;9.0919091510469;01;01;1;3;1;10;0;0;0
5;52;7700093;M001;9.7907442928959;01;01;1;2;1;17;0;0;0
5;52;7748811;M001;6.6516860968529;01;01;1;1;1;17;0;0;0
5;52;7161020;M001;12.279037174184;01;01;1;2;2;17;0;0;0
5;52;5777235;M001;14.3064435499643;01;01;1;4;1;12;0;0;0
5;52;4339490;M001;7.5367142215919;01;01;1;1;2;15;0;0;0
5;52;5939760;M001;11.1759170191051;01;01;1;2;1;17;0;0;0
5;52;3008630;M001;24.6803895135842;01;01;1;4;2;13;0;0;0
5;52;3878105;M001;8.8952565642888;01;01;1;2;1;14;0;0;0
5;52;1463058;M001;8.7732133078244;01;01;1;3;2;14;0;0;0
5;52;5858370;M001;14.492967844374;01;01;1;1;1;17;0;0;0
5;52;4401161;M001;10.226278524592;01;01;1;2;1;14;0;0;0
5;52;4220099;M001;11.3357910967877;01;01;1;4;2;10;0;0;0
5;52;4585279;M001;10.698176838223;01;01;1;1;1;05;0;0;0
5;52;6663559;M001;9.1824293451071;01;01;1;3;1;17;0;0;0
5;52;3327622;M001;14.1810161464248;01;01;1;2;1;14;0;0;0
5;52;4666926;M001;12.3214875411501;01;01;1;3;2;17;0;0;0
5;52;6824905;M001;9.5284240961723;01;01;1;3;2;16;0;0;0
5;52;1595197;M001;13.8147852726731;01;01;1;3;1;14;0;0;0
5;52;4085296;M001;10.6991242066333;01;01;1;3;1;15;0;0;0
5;52;873175;M001;11.8076681828216;01;01;1;4;2;14;0;0;0
5;52;5852026;M001;13.1073154803673;01;01;1;3;2;17;0;0;0
5;52;4208467;M001;10.9719140473017;01;01;1;2;2;15;0;0;0
5;52;4170514;M001;12.3214875411501;01;01;1;4;2;17;0;0;0
5;52;1244862;M001;10.4622513241451;01;01;1;3;1;05;0;0;0
5;52;1455597;M001;10.9719140473017;01;01;1;4;2;17;0;0;0
5;52;7230481;M001;9.3936748299488;01;01;1;3;2;17;0;0;0
5;52;4252981;M001;10.8410871094611;01;01;1;3;1;14;0;0;0
5;52;1868995;M001;11.7052598187805;01;01;1;3;2;15;0;0;0
5;52;6386041;M001;12.2763429037973;01;01;1;1;1;16;0;0;0
5;52;6402684;M001;11.2580594412589;01;01;1;2;2;17;0;0;0
5;52;5114493;M001;7.6928804354705;01;01;1;4;1;17;0;0;0
5;52;638913;M001;7.3626059865922;01;01;1;3;1;07;0;0;0
5;52;499518;M001;8.83039517358;01;01;1;1;1;14;0;0;0
5;52;15959;M001;6.1291970158681;01;01;1;3;2;04;0;0;0
5;52;1941698;M001;14.1290621104039;01;01;1;3;1;17;0;0;0
5;52;7084955;M001;13.2627247178277;01;01;1;1;2;11;0;0;0
5;52;549983;M001;7.5782922901368;01;01;1;1;1;08;0;0;0
5;52;5341599;M001;9.8070030373442;02;01;1;3;1;17;0;0;0
5;52;4996939;M001;4.6831025404037;02;01;1;2;1;15;0;0;0
5;52;1207178;M001;10.3103242468427;02;01;1;1;1;09;0;0;0
5;52;1392005;M001;6.0166626787392;02;01;1;1;2;10;0;0;0
5;52;1741489;M001;7.4021742780366;01;01;1;1;2;17;0;0;0
5;52;1047016;M001;13.2576092592793;01;01;1;1;2;05;0;0;0
5;52;4833697;M001;11.4442395991519;01;01;1;2;2;16;0;0;0
5;52;4616201;M001;11.6939940656708;01;01;1;3;1;13;0;0;0
5;52;4450329;M001;11.0244255366468;01;01;1;3;2;15;0;0;0
5;52;737207;M001;6.8497234285517;01;01;1;3;2;08;0;0;0
5;52;6379450;M001;13.0990823234222;01;01;1;2;1;11;0;0;0
5;52;3741608;M001;8.6414536054785;01;01;1;4;2;17;0;0;0
5;52;4283302;M001;9.1841465779188;01;01;1;2;1;12;0;0;0
5;52;3244636;M001;6.082387667293;01;01;1;1;1;04;0;0;0
5;52;6588339;M001;11.18224023073;01;01;1;2;1;16;0;0;0
5;52;1067950;M001;12.5702832862439;01;01;1;3;2;10;0;0;0
5;52;2904475;M001;10.1220500623775;01;01;1;3;2;17;0;0;0
5;52;475818;M001;13.2348923171854;01;01;1;3;1;06;0;0;0
5;52;4750180;M001;12.5399073770717;01;01;1;4;1;16;0;0;0
5;52;4750180;M002;12.5399073770717;01;01;1;2;1;09;0;0;0
5;52;3750329;M001;6.8629315816945;01;01;1;2;1;17;0;0;0
5;52;7197231;M001;13.7308011491657;01;01;1;3;1;11;0;0;0
5;52;3325128;M001;7.828991089893;01;01;1;2;1;17;0;0;0
5;52;7182799;M001;12.7917804288846;01;01;1;2;2;09;0;0;0
5;52;2578815;M001;10.8154434416188;01;01;1;2;1;17;0;0;0
5;52;2658761;M001;15.3195334269147;01;01;1;2;1;17;0;0;0
5;52;2658761;M002;15.3195334269147;01;01;1;2;2;16;0;0;0
5;52;5903902;M001;9.3789113162537;01;01;1;3;2;09;0;0;0
5;52;186676;M001;9.4118404843405;01;01;1;1;1;17;0;0;0
5;52;186676;M002;9.4118404843405;01;01;1;4;2;17;0;0;0
5;52;2444847;M001;10.1826488601645;01;01;1;2;2;12;0;0;0
5;52;2778329;M001;8.5919220739263;01;01;1;2;2;17;0;0;0
5;52;2416638;M001;7.6270255874761;01;01;1;3;2;16;0;0;0
5;52;1504655;M001;11.5821233677444;01;01;1;3;2;13;0;0;0
5;52;6194570;M002;12.5394671739579;01;01;1;3;2;17;0;0;0
5;52;48347;M001;12.4017918817683;01;01;1;2;2;05;0;0;0
5;52;4906309;M001;9.2870826039206;01;01;1;2;1;09;0;0;0
5;52;4918720;M001;12.1257277280737;01;01;1;3;1;07;0;0;0
5;52;6047140;M001;13.3377912449665;01;01;1;3;1;14;0;0;0
5;52;7724887;M001;12.8511042839006;01;01;1;2;1;08;0;0;0
5;52;5457770;M001;8.7667444849911;01;01;1;3;1;13;0;0;0
5;52;4034612;M001;8.0003547586501;01;01;1;3;1;15;0;0;0
5;52;4854136;M001;10.8152212320749;01;01;1;3;1;17;0;0;0
5;52;4427040;M001;11.0586638050496;01;01;1;4;1;13;0;0;0
5;52;4251805;M001;10.918916265165;01;01;1;1;2;17;0;0;0
5;52;1073266;M001;11.6092494824815;01;01;1;4;1;17;0;0;0
5;52;5401681;M001;11.0457632686931;01;01;1;2;1;13;0;0;0
5;52;1771754;M001;10.7196275592655;01;01;1;2;1;04;0;0;0
5;52;5043607;M001;6.1217413116679;01;01;1;3;2;09;0;0;0
5;52;5944076;M001;9.7378185978957;01;01;1;1;1;01;0;0;0
5;52;6892238;M001;11.211151233672;01;01;1;1;1;14;0;0;0
5;52;7067260;M001;11.3609264630972;01;01;1;1;1;14;0;0;0
5;52;2758576;M001;10.7714926050627;01;01;1;4;1;09;0;0;0
5;52;1264797;M001;6.6245674365797;05;01;2;1;1;15;0;0;0
5;52;6243583;M001;10.5102282302659;05;01;2;1;2;13;0;0;0
5;52;3003735;M001;14.0409108362026;05;01;2;4;1;15;0;0;0
5;52;6463778;M001;14.1977411695802;05;01;2;3;2;17;0;0;0
5;52;7103658;M001;14.3125514047864;05;01;2;3;2;13;0;0;0
5;52;1897346;M001;20.1184851436429;08;01;2;3;2;17;0;0;0
5;52;4992037;M001;8.6000819327994;01;01;1;1;2;17;0;0;0
5;52;30868;M001;9.5118397745007;01;01;1;2;1;13;0;0;0
5;52;6600729;M001;12.0556940312961;01;01;1;4;2;07;0;0;0
5;52;834824;M001;20.00533202137;01;01;1;3;1;05;0;0;0
5;52;5787673;M001;8.7711938807499;01;01;1;3;2;14;0;0;0
5;52;877229;M001;14.0853990452332;01;01;1;2;2;12;0;0;0
5;52;3524179;M001;10.1278613048158;01;01;1;1;2;15;0;0;0
5;52;4331862;M001;11.9799620819579;01;01;1;2;2;14;0;0;0
5;52;4010722;M001;10.0377336761482;01;01;1;3;2;04;0;0;0
5;52;7792132;M001;11.8813612216227;01;01;1;4;1;15;0;0;0
5;52;3247690;M001;6.3969828497317;01;01;1;3;1;17;0;0;0
5;52;3733834;M001;8.7022463592581;01;01;1;4;1;15;0;0;0
5;52;6447135;M001;14.0501031027008;01;01;1;1;2;15;0;0;0
5;52;1156506;M001;11.2071735242638;01;01;1;1;1;10;0;0;0
5;52;6833578;M001;9.3745012037524;01;01;1;3;2;16;0;0;0
5;52;6351825;M001;7.8325947643421;01;01;1;2;1;16;0;0;0
5;52;796079;M001;3.6160437067065;01;01;1;2;2;12;0;0;0
5;52;809561;M001;9.7524793963879;01;01;1;1;1;13;0;0;0
5;52;5597600;M001;10.6475873487795;01;01;1;1;1;15;0;0;0
5;52;3592497;M002;13.4217044429896;01;01;1;3;2;15;0;0;0
5;52;3592497;M003;13.4217044429896;01;01;1;1;1;10;0;0;0
5;52;7534949;M001;9.7765802771552;01;01;1;2;2;17;0;0;0
5;52;5012395;M001;11.2966664203702;01;01;1;2;1;07;0;0;0
5;52;3023499;M001;6.6577598083091;01;01;1;4;1;15;0;0;0
5;52;90557;M001;13.6241400139569;01;01;1;3;1;13;0;0;0
5;52;3498451;M001;10.6379053109486;01;01;1;2;1;05;0;0;0
5;52;4057017;M001;12.1257277280737;01;01;1;4;1;14;0;0;0
5;52;2304821;M001;14.8488422063784;01;01;1;3;2;07;0;0;0
5;52;534773;M001;5.5787189761453;01;01;1;1;1;15;0;0;0
5;52;3525865;M001;14.1128703435142;01;01;1;3;1;15;0;0;0
5;52;1070819;M001;7.4549868922749;02;01;1;2;1;16;0;0;0
5;52;1070819;M002;7.4549868922749;02;01;1;2;2;15;0;0;0
5;52;2771002;M001;7.2605930236983;01;01;1;4;1;08;0;0;0
5;52;2435931;M001;5.6513426605938;01;01;1;3;1;06;0;0;0
5;52;5915144;M001;5.2530141949289;01;01;1;3;1;17;0;0;0
5;52;5448945;M001;8.8865206195865;01;01;1;1;1;05;0;0;0
5;52;3282521;M001;8.8189327740373;01;01;1;1;1;15;0;0;0
5;52;1423100;M001;11.0495829541278;01;01;1;2;1;13;0;0;0
5;52;995022;M001;13.8933730490817;01;01;1;1;2;16;0;0;0
5;52;1271432;M001;8.6499774216379;01;01;1;3;1;17;0;0;0
5;52;6617679;M001;9.6971952450222;01;01;1;4;1;13;0;0;0
5;52;5005580;M001;8.5619646981485;01;01;1;3;1;11;0;0;0
5;52;5821812;M001;8.8339842504363;01;01;1;4;1;04;0;0;0
5;52;6760245;M001;9.7865373487408;01;01;1;2;2;14;0;0;0
5;52;4135327;M001;9.4118404843405;01;01;1;4;1;15;0;0;0
5;52;6240324;M001;10.0364741958836;01;01;1;3;2;17;0;0;0
5;52;3646648;M001;4.2185417575684;01;01;1;3;1;17;0;0;0
5;52;61399;M001;9.6189181934057;01;01;1;1;1;14;0;0;0
5;52;5499191;M001;8.4930035138944;01;01;1;2;1;08;0;0;0
5;52;3208104;M001;21.9030210853909;01;01;1;2;2;17;0;0;0
5;52;1438203;M001;8.5065999658208;01;01;1;4;1;17;0;0;0
5;52;832109;M001;11.1659321201481;01;01;1;4;1;16;0;0;0
5;52;1379713;M001;8.7022463592581;01;01;1;3;1;15;0;0;0
5;52;3903685;M001;8.8188652714748;01;01;1;4;2;01;0;0;0
5;52;3521015;M001;10.9849654947602;01;01;1;1;2;09;0;0;0
5;52;5905209;M001;7.9521944456681;01;01;1;2;1;16;0;0;0
5;52;7471316;M001;13.3956527047294;01;01;1;4;2;17;0;0;0
5;52;6762415;M001;6.7545537704675;01;01;1;1;1;17;0;0;0
5;52;6551331;M001;15.8099111963156;01;01;1;1;2;13;0;0;0
5;52;2327497;M001;11.1820458084449;01;01;1;3;2;08;0;0;0
5;52;5989040;M001;9.5321157095952;01;01;1;3;2;17;0;0;0
5;52;7003539;M001;10.9402833230492;01;01;1;1;2;13;0;0;0
5;52;7062393;M001;9.744306041292;01;01;1;2;1;05;0;0;0
5;52;4615023;M001;12.0934958633395;01;01;1;1;1;14;0;0;0
5;52;1012307;M001;10.8696696982917;01;01;1;1;2;15;0;0;0
5;52;6301743;M001;9.2870826039206;01;01;1;2;1;07;0;0;0
5;52;721755;M001;8.877850430349;01;01;1;3;2;07;0;0;0
5;52;1012329;M001;10.9637387128125;01;01;1;1;1;14;0;0;0
5;52;1170705;M001;9.6596254659177;01;01;1;1;1;03;0;0;0
5;52;843199;M001;8.373995356694;01;01;1;2;1;14;0;0;0
5;52;452777;M001;6.548076026607;01;01;1;2;2;13;0;0;0
5;52;743670;M001;7.1995852431752;01;01;1;4;1;08;0;0;0
5;52;5739361;M001;7.0066623464282;03;01;1;2;1;06;0;0;0
5;52;2458991;M001;7.3544473601999;01;01;1;2;2;12;0;0;0
5;52;2715003;M001;8.6834190207286;01;01;1;2;1;15;0;0;0
5;52;6881123;M001;9.5596859521234;01;01;1;2;1;12;0;0;0
5;52;4927766;M001;8.6650876021967;01;01;1;2;2;07;0;0;0
5;52;2350233;M001;9.8166407352349;01;01;1;2;1;07;0;0;0
5;52;5364513;M001;9.923191140032;01;01;1;3;1;17;0;0;0
5;52;4510187;M001;9.0606453103764;01;01;1;4;2;11;0;0;0
5;52;4889077;M001;6.8030703762217;01;01;1;4;2;17;0;0;0
5;52;2231123;M001;8.2711118602779;01;01;1;1;1;13;0;0;0
5;52;2838639;M001;7.866385684526;01;01;1;4;1;12;0;0;0
5;52;504778;M001;8.2069972408418;01;01;1;1;2;12;0;0;0
5;52;7742659;M001;10.5328919689859;01;01;1;1;1;06;0;0;0
5;52;5903247;M001;1.850218588735;01;01;1;3;1;06;0;0;0
5;52;3216866;M001;2.1714334120411;01;01;1;2;2;11;0;0;0
5;52;3947782;M001;1.3793592228367;01;01;1;1;1;06;0;0;0
5;52;7769094;M001;3.1864584000007;01;01;1;4;2;15;0;0;0
5;52;1768521;M001;1.7218689479723;01;01;1;3;1;10;0;0;0
5;52;4206888;M001;1.8638835994832;01;01;1;2;1;16;0;0;0
5;52;7179982;M001;2.0026598223092;01;01;1;2;1;15;0;0;0
5;52;7608065;M001;2.1403116433553;01;01;1;2;1;10;0;0;0
5;52;3967008;M001;1.639925038117;01;01;1;2;1;14;0;0;0
5;52;5421677;M001;10.1278613048158;01;01;1;2;1;16;0;0;0
5;52;695432;M001;2.2042528599247;01;01;1;3;2;16;0;0;0
5;52;695432;M002;2.2042528599247;01;01;1;4;1;10;0;0;0
5;52;1450108;M001;2.1386139641576;01;01;1;3;1;08;0;0;0
5;52;6831226;M001;7.0487474283862;01;01;1;1;2;17;0;0;0
5;52;318115;M001;6.7360249867132;01;01;1;2;1;13;0;0;0
5;52;6563367;M001;7.3055803168222;01;01;1;1;1;11;0;0;0
5;52;3017559;M001;11.578358676704;02;01;1;1;1;09;0;0;0
5;52;7679142;M001;6.5620687221738;02;01;1;1;2;17;0;0;0
5;52;4406173;M001;5.4258760053678;02;01;1;3;1;16;0;0;0
5;52;7376614;M001;7.2446863601326;02;01;1;2;1;06;0;0;0
5;52;2809977;M001;9.3272878277134;02;01;1;3;1;11;0;0;0
5;52;6226434;M001;10.904178631971;01;01;1;4;1;12;0;0;0
5;52;150719;M001;11.0261415098337;01;01;1;1;2;14;0;0;0
5;52;2836151;M001;9.1202013604581;01;01;1;3;2;12;0;0;0
5;52;6443098;M001;6.3547691410201;01;01;1;1;1;11;0;0;0
5;52;3693885;M001;18.6347575931078;01;01;1;2;1;09;0;0;0
5;52;5535827;M001;7.7499413457969;01;01;1;1;1;17;0;0;0
5;52;217069;M001;17.382432933963;01;01;1;1;1;09;0;0;0
5;52;5042033;M001;12.9772310392884;01;01;1;4;1;09;0;0;0
5;52;99051;M001;12.5035130536181;01;01;1;3;1;15;0;0;0
5;52;2711428;M001;12.3214875411501;01;01;1;3;2;04;0;0;0
5;52;2711428;M002;12.3214875411501;01;01;1;3;1;04;0;0;0
5;52;2316362;M001;13.1073154803673;01;01;1;2;2;04;0;0;0
5;52;1972969;M001;11.476914962378;01;01;1;1;2;17;0;0;0
5;52;2715422;M001;10.4009038177257;01;01;1;2;2;14;0;0;0
5;52;4779974;M001;9.5118397745007;01;01;1;1;2;16;0;0;0
5;52;4779974;M002;9.5118397745007;01;01;1;3;2;09;0;0;0
5;52;641621;M001;9.4194256030445;01;01;1;1;1;17;0;0;0
5;52;2374214;M001;11.6522162051349;01;01;1;4;1;07;0;0;0
5;52;967786;M001;10.4830025024077;01;01;1;2;2;17;0;0;0
5;52;7804030;M001;9.6611072508795;01;01;1;1;2;17;0;0;0
5;52;1120834;M001;9.6202369162054;01;01;1;1;1;12;0;0;0
5;52;7464650;M001;11.9012790629332;01;01;1;1;2;16;0;0;0
5;52;7672263;M001;12.5507806225923;01;01;1;2;1;08;0;0;0
5;52;3918091;M001;12.6972901060376;01;01;1;2;1;14;0;0;0
5;52;2896247;M001;10.948989645041;01;01;1;2;2;12;0;0;0
5;52;2896247;M002;10.948989645041;01;01;1;2;2;07;0;0;0
5;52;5357238;M001;15.8470699606735;01;01;1;3;2;09;0;0;0
5;52;5921197;M001;11.5611836721134;01;01;1;1;2;07;0;0;0
5;52;6158517;M001;10.144365549992;01;01;1;3;1;04;0;0;0
5;52;2186931;M001;3.8394099564782;01;01;1;4;1;17;0;0;0
5;52;4463477;M001;7.1258976579476;01;01;1;2;2;14;0;0;0
5;52;4463477;M002;7.1258976579476;01;01;1;2;1;17;0;0;0
5;52;3470181;M001;7.692445382844;01;01;1;4;2;12;0;0;0
5;52;1183001;M001;13.6858577767766;01;01;1;3;2;14;0;0;0
5;52;2198243;M001;7.7083155302632;01;01;1;4;2;11;0;0;0
5;52;4610287;M001;8.5459513693369;01;01;1;4;2;14;0;0;0
5;52;4345865;M001;9.7303905039428;01;01;1;4;2;13;0;0;0
5;52;6424999;M001;12.4706018871797;01;01;1;4;2;01;0;0;1
5;52;6488704;M001;11.3586929623888;01;01;1;4;2;04;0;0;0
5;52;4183145;M001;9.2470065080674;01;01;1;3;2;04;0;0;0
5;52;3823090;M001;8.6260044920082;01;01;1;1;1;08;0;0;0
5;52;5100139;M001;6.950562354609;01;01;1;2;1;15;0;0;0
5;52;4739190;M001;10.872698339033;01;01;1;2;2;10;0;0;0
5;52;5480124;M001;12.3195241876586;01;01;1;2;2;17;0;0;0
5;52;934055;M001;3.47968823891;01;01;1;2;2;13;0;0;0
5;52;6967487;M001;3.5760013431373;01;01;1;3;2;17;0;0;0
5;52;1138100;M001;2.064223683306;01;01;1;1;1;14;0;0;0
5;52;6215368;M001;2.4856938751043;01;01;1;2;2;11;0;0;0
5;52;6215368;M002;2.4856938751043;01;01;1;3;1;16;0;0;0
5;52;6040730;M001;3.9805699931574;01;01;1;3;1;15;0;0;0
5;52;6040730;M002;3.9805699931574;01;01;1;3;2;17;0;0;0
5;52;4680928;M001;2.762034479881;01;01;1;1;1;15;0;0;0
5;52;3309872;M001;2.8030243889613;01;01;1;1;1;14;0;0;0
5;52;7016051;M001;3.1055262832322;01;01;1;3;1;17;0;0;0
5;52;3322441;M001;2.553380476826;01;01;1;3;1;17;0;0;0
5;52;353058;M001;3.4125871165782;01;01;1;3;2;13;0;0;0
5;52;7639929;M001;2.4378864805228;01;01;1;2;1;14;0;0;0
5;52;2304273;M001;1.6892104336967;01;01;1;4;1;16;0;0;0
5;52;1362116;M001;2.2145275366288;01;01;1;1;2;17;0;0;0
5;52;3376876;M001;1.9388176592051;08;01;2;3;1;15;0;0;0
5;52;6836226;M001;3.7691454938234;08;01;2;3;2;17;0;0;0
5;52;6430496;M001;2.345548220891;08;01;2;2;2;12;0;0;0
5;52;47491;M001;2.4701767047586;08;01;2;4;2;15;0;0;0
5;52;4121936;M001;3.7035830699719;08;01;2;4;2;17;0;0;0
5;52;2210121;M001;2.4373027862953;08;01;2;2;1;16;0;0;0
5;52;6211218;M001;3.0526385496793;02;01;1;3;2;01;0;0;0
5;52;3083153;M001;3.8581899394525;01;01;1;3;2;13;0;0;0
5;52;403502;M001;3.8060903487386;01;01;1;3;1;09;0;0;0
5;52;1499637;M001;3.4493536879112;01;01;1;2;1;13;0;0;0
5;52;443259;M001;3.3709550747262;01;01;1;1;1;06;0;0;0
5;52;5868169;M001;2.677918876152;01;01;1;4;1;16;0;0;0
5;52;5297860;M001;3.2906946094059;01;01;1;3;1;16;0;0;0
5;52;1587645;M001;2.2999324781914;01;01;1;2;1;12;0;0;0
5;52;6858470;M001;3.9806272592152;01;01;1;3;1;17;0;0;0
5;52;2989003;M001;2.0523222813827;01;01;1;2;2;17;0;0;0
5;52;3433621;M001;2.7228862759581;01;01;1;2;2;11;0;0;0
5;52;4594750;M001;3.5729654234966;01;01;1;4;1;05;0;0;0
5;52;2142104;M001;3.1310929099053;01;01;1;4;2;16;0;0;0
5;52;415291;M001;2.8537720019794;01;01;1;2;2;17;0;0;0
5;52;3003867;M001;2.8491994142857;01;01;1;4;2;16;0;0;0
5;52;6014767;M001;2.0523222813827;01;01;1;1;2;16;0;0;0
5;52;3861043;M001;2.3234357484106;01;01;1;3;2;17;0;0;0
5;52;7668473;M001;3.0669553943058;01;01;1;1;1;17;0;0;0
5;52;988562;M001;2.7883266627287;01;01;1;1;2;17;0;0;0
5;52;5178073;M001;2.7621320609508;01;01;1;1;1;16;0;0;0
5;52;4038889;M001;2.8634422554714;01;01;1;2;1;13;0;0;0
5;52;768353;M001;4.3246750955041;01;01;1;2;1;05;0;0;0
5;52;7106943;M001;2.0565160493987;01;01;1;1;2;12;0;0;0
5;52;1796590;M001;2.7703936486268;01;01;1;1;2;10;0;0;0
5;52;6753251;M001;2.6799672151952;01;01;1;3;1;09;0;0;0
5;52;4755214;M001;3.5558218237807;01;01;1;4;1;16;0;0;0
5;52;3179005;M001;2.3234357484106;01;01;1;3;2;13;0;0;0
5;52;1806443;M001;3.1311477454944;01;01;1;1;2;17;0;0;0
5;52;3771665;M001;1.8616329265963;01;01;1;3;1;03;0;0;0
5;52;7392912;M001;4.4085000855801;01;01;1;4;1;17;0;0;0
5;52;1081814;M001;4.218256959363;01;01;1;3;2;11;0;0;0
5;52;3968082;M001;2.6424429160265;01;01;1;3;1;11;0;0;0
5;52;2332138;M001;3.6200141749693;01;01;1;2;1;16;0;0;0
5;52;4484639;M001;3.0669553943058;01;01;1;4;2;16;0;0;0
5;52;3250381;M001;2.6974585389004;08;01;2;4;2;17;0;0;0
5;52;1478129;M001;3.3311880560911;08;01;2;1;2;12;0;0;0
5;52;5453888;M001;2.3204105121103;01;01;1;4;1;14;0;0;0
5;52;6844620;M001;4.2409330489041;01;01;1;3;1;05;0;0;0
5;52;5073628;M001;1.908904168554;01;01;1;3;1;09;0;0;0
5;52;3030962;M001;2.7703936486268;01;01;1;4;2;08;0;0;0
5;52;7264029;M001;2.3614334978214;01;01;1;1;1;05;0;0;0
5;52;5671986;M001;2.639702877013;01;01;1;2;2;17;0;0;0
5;52;2890566;M001;4.0257115227465;01;01;1;3;1;13;0;0;0
5;52;1436480;M001;4.5876297243075;01;01;1;3;2;11;0;0;0
5;52;2085010;M001;3.1755326022234;01;01;1;2;1;07;0;0;0
5;52;3277649;M001;2.9280896813683;01;01;1;3;2;11;0;0;0
5;52;5047465;M001;2.1670015301446;01;01;1;3;1;01;0;0;0
5;52;4382717;M001;2.7266560130432;01;01;1;4;2;17;0;0;0
5;52;1715243;M001;3.2123171502417;01;01;1;2;1;17;0;0;0
5;52;5557794;M001;2.4341600413802;01;01;1;4;2;17;0;0;0
5;52;4155000;M001;2.1387477075349;01;01;1;4;1;17;0;0;0
5;52;6938323;M001;3.4989983672172;01;01;1;4;1;10;0;0;0
5;52;616272;M001;2.7961435486546;01;01;1;2;2;15;0;0;0
5;52;2009516;M001;2.4422270875043;01;01;1;2;2;15;0;0;0
5;52;5649775;M001;3.6639265633679;01;01;1;1;2;17;0;0;0
5;52;4993012;M001;2.9620210960669;01;01;1;2;2;12;0;0;0
5;52;4751425;M001;3.6433620259105;01;01;1;1;1;04;0;0;0
5;52;1864258;M001;4.3008692745292;01;01;1;3;1;14;0;0;0
5;52;1836660;M001;3.5023321326307;08;01;2;3;1;16;0;0;0
5;52;4444965;M001;1.6302457083577;08;01;2;1;1;01;0;0;0
5;52;348670;M001;4.0286337222039;08;01;2;3;2;14;0;0;0
5;52;7417102;M001;3.5008060660071;01;01;1;2;2;12;0;0;0
5;52;1560311;M001;1.4171319074199;01;01;1;3;1;14;0;0;0
5;52;6645696;M001;3.5856851874661;01;01;1;2;1;16;0;0;0
5;52;6315393;M001;4.1084654697581;01;01;1;3;2;11;0;0;0
5;52;2921398;M001;4.3177152668313;01;01;1;1;1;11;0;0;0
5;52;1843458;M001;3.9143723060728;01;01;1;1;1;12;0;0;0
5;52;5772929;M001;3.5723541193204;08;01;2;3;2;14;0;0;0
5;52;7210212;M001;2.9488717073873;01;01;1;3;1;17;0;0;0
5;52;441866;M001;2.7885260174177;01;01;1;3;1;09;0;0;0
5;52;1261580;M001;4.0117524706739;01;01;1;2;2;17;0;0;0
5;52;5812452;M001;4.5413217170899;01;01;1;2;1;10;0;0;0
5;52;7589391;M001;2.2753474300858;01;01;1;1;2;17;0;0;0
5;52;2059102;M001;3.7262106055035;01;01;1;3;1;10;0;0;0
5;52;1601789;M001;4.0204253358562;01;01;1;2;2;17;0;0;0
5;52;4315194;M001;3.2490593988718;01;01;1;1;2;15;0;0;0
5;52;6880458;M001;1.4531512872077;01;01;1;2;1;16;0;0;0
5;52;4963095;M001;2.5458504498056;01;01;1;3;1;16;0;0;0
5;52;101592;M001;2.7426189283932;01;01;1;2;1;16;0;0;0
5;52;3731622;M001;3.2908090195978;01;01;1;1;1;17;0;0;0
5;52;5321671;M001;3.0789615816422;01;01;1;3;2;13;0;0;0
5;52;521302;M001;3.3709560887718;01;01;1;3;2;17;0;0;0
5;52;954074;M001;2.7680141932791;08;01;2;3;2;17;0;0;0
5;52;7440433;M001;2.3740038061153;03;01;1;3;2;17;0;0;0
5;52;4224;M001;4.305648205607;03;01;1;4;1;13;0;0;0
5;52;6358159;M001;2.2397003645859;08;01;2;3;1;14;0;0;0
5;52;2955524;M001;2.5947500674981;08;01;2;3;2;17;0;0;0
5;52;4885751;M001;2.1673076027852;08;01;2;3;1;17;0;0;0
5;52;3995209;M001;4.5579782257811;08;01;2;3;1;17;0;0;0
5;52;3768638;M001;2.5085994803317;08;01;2;2;1;16;0;0;0
5;52;2654483;M001;3.3327258586262;02;01;1;2;2;11;0;0;0
5;52;4167068;M001;14.286401721808;01;01;1;2;1;12;0;0;0
5;52;6460144;M001;13.660551835686;01;01;1;1;2;17;0;0;0
5;52;4476607;M001;11.1982318261249;01;01;1;3;2;15;0;0;0
5;52;2198802;M001;11.28843076233;01;01;1;3;1;16;0;0;0
5;52;7092600;M001;14.5212016052048;01;01;1;1;1;17;0;0;0
5;52;4980269;M001;10.6491072041721;01;01;1;3;2;14;0;0;0
5;52;7746626;M001;5.2882551338222;01;01;1;3;1;11;0;0;0
5;52;5824696;M001;7.5604629616299;01;01;1;3;2;17;0;0;0
5;52;3029461;M001;15.1411262605632;01;01;1;2;2;01;0;0;0
5;52;6840758;M001;13.2363201148349;01;01;1;3;1;10;0;0;0
5;52;6842297;M001;9.7018930699344;01;01;1;2;1;14;0;0;0
5;52;105364;M001;10.5517916282695;01;01;1;1;1;17;0;0;0
5;52;971716;M001;13.6913477761195;01;01;1;4;2;17;0;0;0
5;52;613134;M001;3.6342516299137;01;01;1;2;1;10;0;0;0
5;52;613134;M002;3.6342516299137;01;01;1;3;1;10;0;0;0
5;52;5992811;M001;10.9434991276374;01;01;1;1;1;13;0;0;0
5;52;5425539;M001;9.8541559451418;01;01;1;2;1;17;0;0;0
5;52;7110596;M001;12.0592533494847;01;01;1;1;2;15;0;0;0
5;52;284846;M001;15.4824136399862;01;01;1;3;2;14;0;0;0
5;52;5324869;M001;27.2676383190659;01;01;1;3;2;14;0;0;0
5;52;852645;M001;10.5064252886261;01;01;1;3;1;17;0;0;0
5;52;348463;M001;9.8618415595978;01;01;1;4;2;17;0;0;0
5;52;3501223;M001;7.8205257572667;01;01;1;2;2;17;0;0;0
5;52;3819215;M001;10.0820391082865;01;01;1;2;2;17;0;0;0
5;52;4058093;M001;7.2861461099418;01;01;1;1;2;17;0;0;0
5;52;5027003;M001;12.1788485436491;01;01;1;4;1;13;0;0;0
5;52;7086672;M001;15.5339367609155;01;01;1;1;2;11;0;0;0
5;52;3287539;M001;7.0268945033198;01;01;1;3;1;17;0;0;0
5;52;7768754;M001;7.2185446216967;01;01;1;3;2;08;0;0;0
5;52;6978652;M001;15.4948175451749;01;01;1;1;2;15;0;0;0
5;52;381442;M001;8.2132154303979;01;01;1;3;1;15;0;0;0
5;52;243685;M001;9.8238793888363;01;01;1;2;1;12;0;0;0
5;52;6254546;M001;9.9035554227404;01;01;1;3;2;17;0;0;0
5;52;6254546;M002;9.9035554227404;01;01;1;3;1;17;0;0;0
5;52;4663433;M001;16.5065754858132;01;01;1;3;2;01;0;0;0
5;52;1561750;M001;10.8019449609287;01;01;1;2;2;16;0;0;0
5;52;270145;M001;7.9813754776687;01;01;1;4;2;09;0;0;0
5;52;4599698;M001;2.0525;01;01;1;2;1;17;0;0;0
5;52;7487830;M001;6.3299569790027;01;01;1;4;1;17;0;0;0
5;52;7050622;M001;17.8371275116699;01;01;1;1;1;06;0;0;0
5;52;6457289;M001;7.3295372745572;01;01;1;4;1;09;0;0;0
5;52;3988592;M001;7.7884472047507;01;01;1;3;1;17;0;0;0
5;52;4578609;M001;9.248900234136;01;01;1;4;2;17;0;0;0
5;52;6485654;M001;2.9117665564442;01;01;1;1;1;15;0;0;0
5;52;7638251;M001;3.8514449903275;01;01;1;1;1;17;0;0;0
5;52;7249028;M001;9.3636294873778;01;01;1;3;1;12;0;0;0
5;52;1200709;M001;7.6734171068323;01;01;1;4;1;14;0;0;0
5;52;7653273;M001;14.2749644149709;01;01;1;2;1;12;0;0;0
5;52;238551;M001;8.4346156057051;01;01;1;2;1;09;0;0;0
5;52;238551;M002;8.4346156057051;01;01;1;4;2;09;0;0;1
5;52;1205884;M001;9.7626180772815;01;01;1;4;2;08;0;0;0
5;52;3550446;M001;11.7003675832144;01;01;1;3;1;17;0;0;0
5;52;1828948;M001;13.8602046805649;01;01;1;1;2;14;0;0;0
5;52;5830414;M001;8.627219862636;08;01;2;1;1;14;0;0;0
5;52;2134376;M001;10.3150143282089;08;01;2;1;2;14;0;0;0
5;52;2134376;M002;10.3150143282089;08;01;2;3;1;17;0;0;0
5;52;4855591;M001;7.3655423766713;01;01;1;2;2;15;0;0;0
5;52;5671884;M001;11.3166247219337;01;01;1;2;2;15;0;0;0
5;52;4582533;M001;9.9158496325813;01;01;1;4;2;15;0;0;0
5;52;5782356;M001;6.8064649726027;01;01;1;1;2;11;0;0;0
5;52;6545479;M001;13.0047159725889;01;01;1;3;1;13;0;0;0
5;52;1476913;M001;9.2165762890951;01;01;1;4;2;17;0;0;0
5;52;1151661;M001;12.4087051338793;01;01;1;4;2;17;0;0;0
5;52;1335225;M001;9.8124793055454;01;01;1;3;1;13;0;0;0
5;52;5967541;M001;14.636367901033;01;01;1;2;1;07;0;0;0
5;52;1253603;M001;8.3885923974699;01;01;1;4;2;17;0;0;0
5;52;4334602;M001;10.7907684227309;01;01;1;2;1;10;0;0;0
5;52;5065660;M001;6.575886662821;01;01;1;1;1;16;0;0;0
5;52;1844175;M001;5.2389677738003;01;01;1;3;1;14;0;0;0
5;52;830625;M001;11.809642437106;01;01;1;1;1;15;0;0;0
5;52;7676222;M001;6.8064649726027;01;01;1;1;2;15;0;0;0
5;52;896582;M001;12.3848397832393;01;01;1;1;2;17;0;0;0
5;52;5520291;M001;8.2791455983016;01;01;1;2;1;09;0;0;0
5;52;3683091;M001;6.6298733925368;01;01;1;2;2;08;0;0;1
5;52;2526748;M001;8.6552026523997;01;01;1;2;1;17;0;0;0
5;52;903897;M001;11.3205637339571;01;01;1;3;1;17;0;0;0
5;52;890645;M001;5.9489154199857;01;01;1;4;2;13;0;0;0
5;52;5136527;M001;12.176830733177;01;01;1;3;2;13;0;0;0
5;52;3900549;M001;11.1506454086334;01;01;1;1;2;17;0;0;0
5;52;3900549;M002;11.1506454086334;01;01;1;1;1;16;0;0;0
5;52;3368278;M001;12.8761006581541;08;01;2;2;1;04;0;0;0
5;52;6456811;M001;10.7873149903456;01;01;1;3;1;15;0;0;0
5;52;6091488;M001;8.406436778851;01;01;1;1;2;09;0;0;0
5;52;355011;M001;12.3745522154387;01;01;1;3;2;09;0;0;0
5;52;4921731;M001;9.8162443004349;01;01;1;3;1;10;0;0;0
5;52;7417080;M001;1.6493301316371;01;01;1;2;2;16;0;0;0
5;52;1682822;M001;2.5122538920083;01;01;1;1;1;07;0;0;0
5;52;5867923;M001;1.5325180824914;01;01;1;4;1;07;0;0;0
5;52;5056621;M001;14.0993652962324;01;01;1;1;1;14;0;0;0
5;52;5863196;M001;11.1578667367401;01;01;1;2;1;12;0;0;0
5;52;6028227;M001;10.3554213899491;08;01;2;4;1;15;0;0;0
5;52;455559;M001;11.1949238959009;03;01;1;3;1;16;0;0;0
5;52;7788481;M001;5.5648624391193;01;01;1;4;2;14;0;0;0
5;52;2899975;M001;3.2074924565054;01;01;1;1;2;09;0;0;0
5;52;5289057;M001;4.9538431882191;01;01;1;4;2;99;0;0;1
5;52;4180034;M001;4.7781634469405;01;01;1;3;1;13;0;0;1
5;52;6723969;M001;4.5314511848826;01;01;1;3;1;17;0;0;0
5;52;1292698;M001;5.9008248839987;01;01;1;2;2;10;0;0;0
5;52;2640520;M001;4.969004946048;01;01;1;2;2;17;0;0;0
5;52;1581771;M001;5.030495026266;01;01;1;3;2;13;0;0;0
5;52;4445421;M001;4.7039264704123;01;01;1;4;1;15;0;0;0
5;52;7305883;M001;5.6125945685508;01;01;1;4;2;13;0;0;0
5;52;1759384;M001;5.2765708935901;01;01;1;4;1;04;0;0;0
5;52;6281673;M001;4.8815557650692;01;01;1;2;2;17;0;0;1
5;52;48539;M001;6.0524199293189;01;01;1;4;1;12;0;0;1
5;52;4875146;M001;4.8128287805182;01;01;1;1;2;15;0;0;0
5;52;2981784;M001;4.8472360705889;01;01;1;4;2;17;0;0;0
5;52;5911462;M001;4.323026213129;01;01;1;2;2;16;0;0;0
5;52;5014972;M001;2.2712898910557;01;01;1;2;1;15;0;0;0
5;52;2782907;M001;4.6666943838049;01;01;1;3;1;13;0;0;0
5;52;873189;M001;6.7874068082997;01;01;1;1;1;16;0;0;1
5;52;902390;M001;5.0873959952982;01;01;1;2;1;14;0;0;0
5;52;3338240;M001;6.7874068082997;01;01;1;3;1;09;0;0;0
5;52;1881525;M001;5.5078715792613;01;01;1;2;2;16;0;0;0
5;52;1842027;M001;5.0158700374296;01;01;1;3;2;12;0;0;0
5;52;7560874;M001;6.8687979469994;01;01;1;4;1;13;0;0;0
5;52;6095093;M001;5.9100292400304;01;01;1;4;2;15;0;0;0
5;52;5391618;M001;5.0873959952982;01;01;1;2;1;14;0;0;0
5;52;1920405;M001;5.359325189701;01;01;1;3;1;09;0;0;0
5;52;2383722;M001;4.6975879582073;01;01;1;4;2;08;0;0;0
5;52;5332119;M001;3.6544715661685;01;01;1;1;1;09;0;0;0
5;52;4498642;M001;4.9798016471422;01;01;1;1;1;17;0;0;0
5;52;2072284;M001;4.9918316608212;01;01;1;3;1;17;0;0;0
5;52;47046;M001;5.546685816317;01;01;1;1;2;10;0;0;0
5;52;2855351;M001;4.81130841163;01;01;1;2;1;14;0;0;0
5;52;6670838;M001;6.7798734112046;01;01;1;1;2;17;0;0;0
5;52;3943925;M001;6.0731391913626;01;01;1;2;1;08;0;0;0
5;52;633706;M001;4.8986377573268;01;01;1;1;2;13;0;0;0
5;52;5983949;M001;5.6122787576633;01;01;1;2;1;09;0;0;0
5;52;5716243;M001;4.7413539622026;05;01;2;3;1;16;0;0;0
5;52;2981314;M001;4.8498831175853;01;01;1;2;1;12;0;0;0
5;52;3517588;M001;4.1544187926098;08;01;2;3;2;17;0;0;0
5;52;2566604;M001;3.5011621036701;05;01;2;2;2;14;0;0;0
5;52;4566493;M001;2.4238541149357;05;01;2;2;1;09;0;0;0
5;52;4392833;M001;4.7407076869943;01;01;1;1;1;05;0;0;0
5;52;6584639;M001;6.3699031496909;01;01;1;4;2;14;0;0;0
5;52;2206578;M001;4.9128281407758;01;01;1;4;2;17;0;0;0
5;52;171010;M001;4.1663416415561;01;01;1;2;2;15;0;0;0
5;52;4159114;M001;4.9463097911239;01;01;1;2;2;13;0;0;0
5;52;4951348;M001;3.5399790450688;01;01;1;1;1;01;0;0;0
5;52;4599567;M001;3.8396156120731;01;01;1;3;1;17;0;0;0
5;52;7664097;M001;4.6470250118509;01;01;1;1;1;08;0;0;0
5;52;588636;M001;3.6565883339149;01;01;1;1;1;15;0;0;0
5;52;6498218;M001;3.5195055105976;01;01;1;1;1;03;0;0;0
5;52;4263924;M001;2.3680914726294;01;01;1;1;2;15;0;0;0
5;52;4080434;M001;1.9172874327226;01;01;1;4;1;12;0;0;0
5;52;3671168;M001;5.2038274566067;01;01;1;3;2;14;0;0;0
5;52;5415250;M001;3.4822551274575;01;01;1;1;2;16;0;0;0
5;52;3684362;M001;3.0392316524356;01;01;1;1;1;17;0;0;0
5;52;548968;M001;3.2440337742631;01;01;1;2;2;17;0;0;0
5;52;5278159;M001;3.930807818641;01;01;1;4;1;17;0;0;0
5;52;6192464;M001;3.0208142783188;01;01;1;2;2;14;0;0;0
5;52;3585780;M001;2.0705529320305;01;01;1;2;1;08;0;0;0
5;52;4806430;M001;2.4374144541072;01;01;1;1;1;17;0;0;0
5;52;5140250;M001;3.4882740175966;01;01;1;1;2;01;0;0;0
5;52;4927968;M001;2.9795170680879;01;01;1;2;2;15;0;0;0
5;52;7421308;M001;3.8383290600418;01;01;1;1;1;16;0;0;0
5;52;5206485;M001;2.6308420135911;08;01;2;4;1;13;0;0;0
5;52;6189479;M001;2.7208996791146;08;01;2;1;2;16;0;0;0
5;52;5138960;M001;2.1023759718455;08;01;2;1;2;13;0;0;0
5;52;2559044;M001;2.02123764168;01;01;1;4;2;17;0;0;0
5;52;5556883;M001;3.2853309844939;01;01;1;3;1;14;0;0;0
5;52;7789205;M001;3.857210142541;01;01;1;3;2;16;0;0;0
5;52;3086684;M001;2.3339016451872;01;01;1;3;1;17;0;0;0
5;52;1261824;M001;2.5983869994712;01;01;1;3;2;11;0;0;0
5;52;2123560;M001;3.3153152559207;01;01;1;3;2;15;0;0;0
5;52;7468989;M001;3.4284625457035;01;01;1;3;2;10;0;0;0
5;52;306811;M001;2.1380242674405;08;01;2;1;2;13;0;0;0
5;52;6615592;M001;9.0866794598637;01;01;1;1;2;17;0;0;0
5;52;4247551;M001;10.5864210267562;01;01;1;2;1;15;0;0;0
5;52;1469247;M001;10.4397270651131;01;01;1;3;2;16;0;0;0
5;52;5339800;M001;11.4993867470765;01;01;1;1;2;13;0;0;0
5;52;2487203;M001;10.4397270651131;01;01;1;4;1;13;0;0;0
5;52;4963514;M001;10.5864210267562;01;01;1;3;2;17;0;0;0
5;52;5069794;M001;9.6734553064359;01;01;1;3;2;15;0;0;0
5;52;1843310;M001;10.5864210267562;01;01;1;4;1;09;0;0;0
5;52;3413394;M001;9.6734553064359;01;01;1;4;2;16;0;0;0
5;52;715894;M001;11.4993867470765;01;01;1;4;2;17;0;0;0
5;52;4161638;M001;9.9887255539927;01;01;1;1;2;17;0;0;0
5;52;7726422;M001;7.8720084780372;01;01;1;3;2;17;0;0;0
5;52;3104598;M001;8.9907721288588;01;01;1;3;1;17;0;0;0
5;52;5289510;M001;9.820149268079;01;01;1;4;2;13;0;0;0
5;52;6461702;M001;9.5267613447929;01;01;1;4;2;17;0;0;0
5;52;7097957;M001;12.7607558243642;01;01;1;2;1;14;0;0;0
5;52;6937658;M001;9.4355885582833;01;01;1;1;1;15;0;0;0
5;52;2258146;M001;9.9716187532505;01;05;1;3;2;14;0;0;0
5;52;1903122;M001;2.0083333333333;01;01;1;2;1;13;0;0;0
5;52;2150116;M001;10.0332756631212;01;01;1;1;2;14;0;0;0
5;52;1298820;M001;10.3466820556599;01;01;1;3;1;07;0;0;0
5;52;1338122;M001;10.3466820556599;01;01;1;4;1;09;0;0;0
5;52;5140949;M001;10.0332756631212;01;01;1;1;1;12;0;0;0
5;52;3086183;M001;11.2298320522648;01;01;1;3;1;10;0;0;1
5;52;4096485;M001;13.879524227783;01;01;1;2;1;08;0;0;0
5;52;3432711;M001;9.9335479023223;01;01;1;3;1;13;0;0;0
5;52;3335120;M001;6.6853327346778;01;01;1;3;2;17;0;0;0
5;52;7525269;M001;4.4556209980463;01;01;1;3;2;17;0;0;0
5;52;5670480;M001;12.6975225716618;01;01;1;1;2;14;0;0;0
5;52;771720;M001;7.2455538907059;01;01;1;3;2;17;0;0;0
5;52;3561993;M001;9.4526411219418;01;01;1;2;2;01;0;0;0
5;52;5501910;M001;14.8409811401772;01;01;1;2;2;10;0;0;0
5;52;6360483;M001;7.1590320035089;01;01;1;4;2;13;0;0;0
5;52;7163549;M001;6.4952491732938;01;01;1;4;2;12;0;0;0
5;52;5639086;M001;13.8832330844465;01;01;1;4;2;14;0;0;0
5;52;4219125;M001;10.2720795013391;01;01;1;3;2;09;0;0;0
5;52;782431;M001;4.4726486125054;01;01;1;1;1;17;0;0;0
5;52;5777190;M001;9.2216686682488;01;01;1;2;1;01;0;0;0
5;52;2161957;M001;15.0063593587097;01;01;1;3;1;17;0;0;0
5;52;5840198;M001;11.8465649179081;01;01;1;3;2;17;0;0;0
5;52;3874802;M001;12.1397740513006;01;01;1;3;1;17;0;0;0
5;52;2229523;M001;9.984796657117;01;01;1;1;2;17;0;0;0
5;52;3680476;M001;8.6258793254939;01;01;1;1;2;05;0;0;0
5;52;3478216;M001;16.633128552128;01;01;1;3;1;16;0;0;0
5;52;3535397;M001;15.0000000000003;01;01;1;2;2;15;0;0;0
5;52;6264332;M001;5.8723168354223;01;01;1;3;2;13;0;0;0
5;52;6133543;M001;11.5068625760742;01;01;1;4;2;14;0;0;0
5;52;1780541;M001;7.2159236978588;01;01;1;4;1;06;0;0;0
5;52;4161097;M001;15.7181964096448;01;01;1;2;1;13;0;0;0
5;52;4455817;M001;12.3325427479434;01;01;1;4;1;13;0;0;0
5;52;5311208;M001;14.5179127707153;01;01;1;1;1;11;0;0;0
5;52;3393366;M001;16.1839599053095;01;01;1;3;1;09;0;0;0
5;52;3393366;M002;16.1839599053095;01;01;1;1;2;13;0;0;0
5;52;108949;M001;10.301492199131;01;01;1;1;1;15;0;0;0
5;52;1905871;M001;12.482741506932;01;01;1;4;1;11;0;0;0
5;52;2491556;M001;7.7168873014657;01;01;1;4;2;13;0;0;0
5;52;2077496;M001;7.3026628422492;01;01;1;1;1;17;0;0;0
5;52;587487;M001;9.4241983530775;01;01;1;3;2;13;0;0;0
5;52;2004602;M001;5.902313651643;01;01;1;2;1;05;0;0;0
5;52;5095668;M001;6.9315719622249;01;01;1;1;1;15;0;0;0
5;52;4606778;M001;9.8540700050857;01;01;1;4;2;11;0;0;0
5;52;614091;M001;8.3341175436447;01;01;1;4;1;16;0;0;0
5;52;5791320;M001;9.7558993876702;01;01;1;3;1;04;0;0;0
5;52;7364460;M001;10.1387479180405;01;01;1;3;1;13;0;0;0
5;52;709453;M001;8.9429488596712;01;01;1;3;1;15;0;0;0
5;52;5148453;M001;10.2562821579427;01;01;1;1;1;08;0;0;0
5;52;979835;M001;9.4189495952677;01;01;1;3;2;10;0;0;0
5;52;860589;M001;9.5123937240958;01;01;1;2;1;16;0;0;0
5;52;4107243;M001;13.1051155485904;01;01;1;1;1;11;0;0;0
5;52;824108;M001;8.5117484970644;01;01;1;3;2;09;0;0;0
5;52;2702538;M001;10.2562821579427;01;01;1;4;2;10;0;0;0
5;52;2764547;M001;9.4098031197514;01;01;1;3;2;17;0;0;0
5;52;222775;M001;8.6334777315584;01;01;1;4;1;14;0;0;0
5;52;1632831;M001;10.2332456067224;01;01;1;2;1;16;0;0;0
5;52;1744222;M001;8.3341175436447;01;01;1;3;1;10;0;0;0
5;52;1603856;M001;2.0449518912134;01;01;1;2;2;17;0;0;0
5;52;506657;M001;2.3139851974652;01;01;1;2;2;12;0;0;0
5;52;506657;M002;2.3139851974652;01;01;1;2;2;17;0;0;0
5;52;6908075;M001;2.2496977599031;01;01;1;1;2;17;0;0;0
5;52;1958601;M001;2.1870427432324;01;01;1;1;1;13;0;0;0
5;52;6545540;M001;2.3640468805671;01;01;1;1;1;11;0;0;0
5;52;5207200;M001;1.9572311544777;01;01;1;1;1;11;0;0;0
5;52;1657241;M001;2.4664749921723;01;01;1;1;1;11;0;0;0
5;52;4660274;M001;2.5585842909022;01;01;1;2;1;05;0;0;0
5;52;7531833;M001;3.2394340147146;01;01;1;2;1;04;0;0;0
5;52;1179712;M001;2.19940621434;01;01;1;3;2;08;0;0;0
5;52;3586159;M001;2.3909304691219;01;01;1;1;1;09;0;0;0
5;52;6225358;M001;2.5168162074694;01;01;1;4;2;15;0;0;0
5;52;6818964;M001;2.1069046972541;01;01;1;2;2;12;0;0;0
5;52;1121015;M001;2.4129303246049;01;01;1;3;1;01;0;0;0
5;52;6214088;M001;2.6020336613965;01;01;1;2;2;11;0;0;0
5;52;2551721;M001;1.6869045854947;01;01;1;3;1;13;0;0;0
5;52;1387535;M001;1.3535004468764;01;01;1;4;2;14;0;0;0
5;52;4929074;M001;2.2367551317454;01;01;1;3;1;09;0;0;0
5;52;1988962;M001;2.4623055114794;01;01;1;1;2;01;0;0;0
5;52;4322601;M001;2.5844308198582;01;01;1;2;1;10;0;0;0
5;52;5662742;M001;1.5924847640833;01;01;1;1;1;07;0;0;0
5;52;7328016;M001;8.2457644495399;02;01;1;3;1;17;0;0;0
5;52;7287288;M001;14.1986325064573;02;01;1;3;2;07;0;0;0
5;52;4495395;M001;10.1771806896977;01;01;1;3;1;15;0;0;0
5;52;108430;M001;9.160902566242;01;01;1;3;2;13;0;0;0
5;52;108430;M002;9.160902566242;01;01;1;3;1;13;0;0;0
5;52;7292688;M001;6.1082258819412;01;01;1;1;1;06;0;0;0
5;52;479946;M001;6.8720287636678;01;01;1;2;2;10;0;0;0
5;52;7557571;M001;13.6322802799294;01;01;1;2;2;14;0;0;0
5;52;2059983;M001;9.272784616067;01;01;1;2;1;15;0;0;0
5;52;4014693;M001;12.222635533225;01;01;1;2;2;14;0;0;0
5;52;3702908;M001;11.3526927854334;01;01;1;3;1;12;0;0;0
5;52;3702908;M002;11.3526927854334;01;01;1;4;1;13;0;0;0
5;52;2477578;M002;7.7008299041523;01;01;1;2;1;11;0;0;0
5;52;7026602;M001;9.5267613447929;01;01;1;3;2;16;0;0;0
5;52;6109202;M001;5.5815105402256;01;01;1;2;1;12;0;0;0
5;52;624483;M001;9.6734553064359;01;01;1;3;2;15;0;0;0
5;52;126875;M001;9.8753622479355;01;01;1;4;2;07;0;0;0
5;52;2344553;M001;8.556488739982;01;01;1;2;1;07;0;0;0
5;52;2344553;M002;8.556488739982;01;01;1;3;1;08;0;0;0
5;52;6720222;M001;9.3506725397976;01;01;1;1;2;17;0;0;0
5;52;2522730;M001;9.6044089108331;01;01;1;1;2;16;0;0;0
5;52;199228;M001;8.4560160807979;01;01;1;4;1;15;0;0;0
5;52;3469096;M001;14.61525380188;01;01;1;4;2;16;0;0;0
5;52;1234845;M001;6.0653320993415;01;01;1;3;1;14;0;0;0
5;52;3987222;M001;8.6517589623638;01;01;1;3;2;16;0;0;0
5;52;3159141;M001;12.8871164231716;01;01;1;4;2;12;0;0;0
5;52;808943;M001;10.3625759663183;01;01;1;1;1;01;0;0;0
5;52;7511543;M001;8.1706767125607;01;01;1;1;2;14;0;0;0
5;52;1393926;M001;8.992644753058;01;01;1;3;1;08;0;0;0
5;52;6855521;M001;8.6934673041825;01;01;1;1;2;17;0;0;0
5;52;5464220;M001;10.5954157294283;01;01;1;2;1;14;0;0;0
5;52;4408035;M001;10.402472393906;01;01;1;1;1;17;0;0;0
5;52;3323656;M001;8.7521097645679;01;01;1;3;2;12;0;0;0
5;52;300597;M001;10.3861327385152;01;01;1;4;2;13;0;0;0
5;52;695850;M001;8.4738794772319;02;01;1;4;2;16;0;0;0
5;52;696882;M001;8.771146881095;01;01;1;3;2;14;0;0;0
5;52;5268455;M001;11.1846017695433;01;01;1;1;2;12;0;0;0
5;52;5268455;M002;11.1846017695433;01;01;1;2;1;14;0;0;0
5;52;5289922;M001;8.8346253333821;01;01;1;4;1;17;0;0;0
5;52;2911003;M001;6.4912332791903;01;01;1;2;2;16;0;0;0
5;52;2911003;M002;6.4912332791903;01;01;1;4;1;16;0;0;0
5;52;2663350;M001;1.9622667374468;01;01;1;2;1;13;0;0;0
5;52;2235387;M001;2.5055635243714;01;01;1;2;1;14;0;0;0
5;52;3267523;M001;1.1596719671547;01;01;1;3;1;12;0;0;0
5;52;1915733;M001;2.4884306253374;01;01;1;3;2;17;0;0;0
5;52;2500372;M001;10.7331149883993;01;01;1;2;2;17;0;0;0
5;52;6827310;M001;10.5864210267562;01;01;1;1;2;07;0;0;0
5;52;5984160;M001;6.9605569326423;01;01;1;4;1;12;0;0;0
5;52;5105417;M001;9.077582357199;01;01;1;3;2;17;0;0;0
5;52;6330531;M001;11.9661987333228;01;01;1;1;2;17;0;0;0
5;52;5712631;M001;11.3165427650833;01;01;1;2;1;15;0;0;0
5;52;2541984;M001;14.4097746835632;01;01;1;4;2;05;0;0;0
5;52;343502;M001;10.5864210267562;01;01;1;3;1;11;0;0;0
5;52;6388790;M001;6.3503351414387;01;01;1;2;1;13;0;0;0
5;52;7518192;M001;12.9441087796796;01;01;1;1;2;17;0;0;0
5;52;6534525;M001;4.2606409319782;01;01;1;1;1;14;0;0;0
5;52;4173584;M001;7.820955701852;01;01;1;3;2;12;0;0;0
5;52;7249393;M001;13.6976233505981;01;01;1;1;1;14;0;0;0
5;52;7428811;M001;8.7384374230417;01;01;1;3;2;12;0;0;0
5;52;5319800;M001;9.1231122145504;01;01;1;3;1;09;0;0;0
5;52;6914855;M001;10.6600884481987;01;01;1;2;1;16;0;0;0
5;52;1804174;M001;3.667911027205;01;01;1;3;2;15;0;0;0
5;52;1241488;M001;13.4500848402377;01;01;1;2;1;09;0;0;0
5;52;4828652;M001;13.4675307421079;01;01;1;2;1;09;0;0;0
5;52;2351130;M001;8.9635858705066;01;01;1;3;1;14;0;0;0
5;52;2566724;M001;13.3453525505168;01;01;1;1;1;16;0;0;0
5;52;4996141;M001;12.7694225374688;01;01;1;4;2;17;0;0;0
5;52;1176936;M001;9.4553408902187;01;01;1;3;1;01;0;0;0
5;52;2247910;M001;8.9813424125741;01;01;1;2;1;10;0;0;0
5;52;2247910;M002;8.9813424125741;01;01;1;3;2;15;0;0;0
5;52;4415402;M001;19.2397906123437;01;01;1;4;1;07;0;0;0
5;52;6305092;M001;10.4950500775962;02;01;1;3;1;12;0;0;0
5;52;3745723;M001;8.8322250464527;01;01;1;2;2;12;0;0;0
5;52;2581435;M001;7.0847156098316;01;01;1;2;1;05;0;0;0
5;52;5460692;M001;9.9774853248751;01;01;1;4;1;16;0;0;0
5;52;4968535;M001;9.9774853248751;01;01;1;3;2;11;0;0;0
5;52;4751802;M001;12.9039914670258;01;01;1;3;2;16;0;0;0
5;52;1030925;M001;11.0292851789835;01;01;1;3;1;05;0;0;0
5;52;6154705;M001;9.6640789323364;01;01;1;2;1;13;0;0;0
5;52;2887572;M001;10.3466820556599;01;01;1;1;2;12;0;0;0
5;52;6919641;M001;10.7158787864447;01;01;1;3;1;13;0;0;0
5;52;942661;M001;13.2249213875734;01;01;1;2;1;07;0;0;0
5;52;4151467;M001;10.7883029500335;01;01;1;4;1;12;0;0;0
5;52;6003602;M001;10.7005297824818;01;01;1;2;1;12;0;0;0
5;52;482294;M001;1.8556499807162;01;01;1;1;1;15;0;0;0
5;52;3687688;M001;8.1495966769142;01;01;1;2;2;14;0;0;0
5;52;7461432;M001;11.5403376868647;01;01;1;3;2;14;0;0;0
5;52;6548923;M001;10.13952571418;01;01;1;1;1;09;0;0;0
5;52;1341117;M001;8.9410467596974;01;01;1;1;2;14;0;0;0
5;52;7009666;M001;8.9463492870232;01;01;1;1;2;15;0;0;0
5;52;2612563;M001;11.2727343928613;01;01;1;3;1;07;0;0;0
5;52;3244374;M001;8.5390299918678;01;01;1;1;1;10;0;0;0
5;52;4268456;M001;8.9639594229126;01;01;1;1;1;14;0;0;0
5;52;949586;M001;9.9250879149666;01;01;1;3;2;15;0;0;0
5;52;2981520;M001;9.160902566242;01;01;1;3;2;17;0;0;0
5;52;358195;M001;9.160902566242;01;01;1;1;2;17;0;0;0
5;52;2824149;M001;11.2474578887227;01;01;1;2;2;01;0;0;0
5;52;6154842;M001;12.0615951652086;01;01;1;2;1;05;0;0;0
5;52;6113170;M001;8.4948785713479;01;01;1;1;2;07;0;0;0
5;52;3883995;M001;10.3645566155229;01;01;1;1;1;10;0;0;0
5;52;2310191;M001;8.4868353064413;01;01;1;3;2;12;0;0;0
5;52;3002616;M001;8.2855992161475;01;01;1;3;1;15;0;0;0
5;52;607460;M001;9.0017583555062;01;01;1;4;2;10;0;0;0
5;52;5403531;M001;7.2435499710813;01;01;1;1;2;15;0;0;0
5;52;3838646;M001;8.6736303156789;01;01;1;1;1;04;0;0;0
5;52;4155556;M001;16.4294742663275;01;01;1;3;2;11;0;0;0
5;52;1374997;M001;2.1592229962498;01;01;1;2;1;13;0;0;0
5;52;5412580;M001;1.9431159676606;01;01;1;2;2;11;0;0;0
5;52;842239;M001;2.3786807660496;01;01;1;3;2;17;0;0;0
5;52;7401737;M001;1.3013814530321;01;01;1;2;1;05;0;0;0
5;52;3845145;M001;7.9485800705283;01;01;1;2;2;15;0;0;0
5;52;826114;M001;10.8195926847418;01;01;1;1;1;17;0;0;0
5;52;826114;M002;10.8195926847418;01;01;1;4;2;17;0;0;0
5;52;4582279;M001;9.2043425516133;01;01;1;4;1;08;0;0;0
5;52;3248857;M001;9.1759827823306;01;01;1;3;1;15;0;0;0
5;52;4414691;M001;9.9098270803547;02;01;1;4;1;09;0;0;0
5;52;7144375;M001;5.1471168739223;02;01;1;2;2;16;0;0;0
5;52;2543613;M001;9.0628660135313;01;01;1;2;2;15;0;0;0
5;52;7531072;M001;8.3783113508472;01;01;1;3;1;10;0;0;0
5;52;4518058;M001;13.6519130814254;01;01;1;2;2;16;0;0;0
5;52;5187237;M001;6.6853327346778;01;01;1;2;1;11;0;0;0
5;52;6234215;M001;10.3466820556599;01;01;1;2;1;16;0;0;0
5;52;947630;M001;9.6640789323364;01;01;1;3;1;09;0;0;0
5;52;3563468;M001;8.6381189233802;01;01;1;1;2;17;0;0;0
5;52;339306;M001;10.663130526833;01;01;1;1;2;09;0;0;0
5;52;2987236;M001;10.1374411012323;01;01;1;2;2;17;0;0;0
5;52;4306487;M001;11.0305377737454;01;01;1;4;2;01;0;0;0
5;52;238967;M001;9.761163561241;01;01;1;3;2;17;0;0;0
5;52;7083169;M001;11.7191123905619;01;01;1;3;2;13;0;0;0
5;52;4276194;M001;11.7136747593996;01;01;1;1;1;05;0;0;0
5;52;2931666;M001;9.1526525849593;01;01;1;4;2;15;0;0;0
5;52;6182719;M001;7.4450191945374;01;01;1;2;2;11;0;0;0
5;52;3468361;M001;4.4143041747365;01;01;1;2;1;14;0;0;0
5;52;6818238;M001;8.984253704284;01;01;1;3;2;11;0;0;0
5;52;7158419;M001;12.6814009016191;01;01;1;1;1;16;0;0;0
5;52;454939;M001;11.9101196036328;01;01;1;1;2;13;0;0;0
5;52;2408874;M001;11.2401456537027;01;01;1;3;2;06;0;0;0
5;52;7244581;M001;8.5929145965415;01;01;1;1;2;14;0;0;0
5;52;3740839;M001;11.1986840995652;01;01;1;3;2;17;0;0;0
5;52;763939;M001;7.1271744169765;01;01;1;3;1;06;0;0;0
5;52;3169045;M001;7.5443842514731;01;01;1;1;1;11;0;0;0
5;52;725832;M001;8.2268569341675;01;01;1;4;2;13;0;0;0
5;52;2614587;M001;8.7958771425009;01;01;1;2;2;17;0;0;0
5;52;5749561;M001;6.9387631829578;01;01;1;1;2;15;0;0;0
5;52;1630624;M001;2.0556993335009;01;01;1;2;1;11;0;0;0
5;52;3774104;M001;9.2403839801396;01;01;1;1;2;17;0;0;0
5;52;6295582;M001;9.1405652411337;01;01;1;2;2;12;0;0;0
5;52;1945682;M001;9.1024769064485;01;01;1;2;2;10;0;0;0
5;52;7264283;M001;7.0164407590627;01;01;1;3;1;13;0;0;0
5;52;4058314;M001;11.627681544961;01;01;1;3;2;11;0;0;0
5;52;2987084;M001;7.1342322084565;01;01;1;2;2;14;0;0;0
5;52;1209362;M001;6.9544535123428;01;01;1;4;2;09;0;0;0
5;52;6522368;M001;8.2457644495399;01;01;1;3;1;13;0;0;0
5;52;5198909;M001;8.2457644495399;01;01;1;4;2;17;0;0;0
5;52;705435;M001;1.7828091107027;01;01;1;2;2;13;0;0;0
5;52;4499966;M001;2.8333740829379;01;01;1;1;1;15;0;0;0
5;52;6568508;M001;4.885217179131;01;01;1;1;1;17;0;0;0
5;52;3754485;M001;2.5360000755041;01;01;1;4;1;01;0;0;0
5;52;2647553;M001;2.8442970617505;01;01;1;3;1;16;0;0;0
5;52;1864216;M001;2.7462796114556;01;01;1;4;1;17;0;0;0
5;52;5981938;M001;4.885217179131;01;01;1;3;1;17;0;0;0
5;52;2888884;M001;2.9825012155877;01;01;1;2;1;11;0;0;0
5;52;972091;M001;3.2837850510264;01;01;1;4;2;15;0;0;0
5;52;582425;M001;2.2518255761206;01;01;1;3;1;14;0;0;0
5;52;4328540;M001;2.7721172815682;01;01;1;4;2;07;0;0;0
5;52;7037613;M001;2.9323522677519;01;01;1;2;1;17;0;0;0
5;52;7247923;M001;2.2916394120592;01;01;1;2;2;14;0;0;0
5;52;4042005;M001;2.8724123520106;01;01;1;3;2;12;0;0;0
5;52;5940207;M001;2.9246544873234;01;01;1;4;1;17;0;0;0
5;52;3377576;M001;4.8961346619067;01;01;1;3;1;16;0;0;0
5;52;7227038;M001;2.8766108767652;01;01;1;3;2;17;0;0;0
5;52;7227038;M002;2.8766108767652;01;01;1;3;1;09;0;0;0
5;52;1061384;M001;1.7730451624995;01;01;1;3;1;11;0;0;0
5;52;3440306;M001;2.3914722010897;01;01;1;3;2;17;0;0;0
5;52;2657588;M001;2.6784006509947;08;01;2;3;1;12;0;0;0
5;52;3141140;M001;1.9657528283497;08;01;2;2;1;11;0;0;0
5;52;7609231;M001;2.8839887449412;08;01;2;2;2;17;0;0;0
5;52;3748107;M001;3.789524695885;08;01;2;3;2;14;0;0;0
5;52;2903592;M001;3.4163453285017;08;01;2;3;1;17;0;0;0
5;52;4738384;M001;2.8839887449412;05;01;2;2;2;12;0;0;0
5;52;4103439;M001;3.0097728148643;08;01;2;2;1;04;0;0;0
5;52;2650236;M001;2.8839887449412;08;01;2;4;2;14;0;0;0
5;52;1104001;M001;2.2457220115804;01;01;1;1;1;13;0;0;0
5;52;1357509;M001;2.9433988601661;01;01;1;2;2;17;0;0;0
5;52;1552630;M001;3.3268320131186;01;01;1;1;1;08;0;0;0
5;52;4501614;M001;3.2601808109706;01;01;1;1;2;12;0;0;0
5;52;408544;M001;4.3852237641383;01;01;1;1;1;09;0;0;0
5;52;7496451;M001;7.1239938848671;01;01;1;4;1;13;0;0;0
5;52;2726705;M001;4.8507167537262;01;01;1;2;2;11;0;0;0
5;52;1004133;M001;5.7048022487635;01;01;1;2;1;15;0;0;0
5;52;1004133;M002;5.7048022487635;01;01;1;3;2;17;0;0;0
5;52;716464;M001;3.4786715865859;01;01;1;3;2;16;0;0;0
5;52;7236549;M001;3.2146939234158;01;01;1;3;1;12;0;0;0
5;52;3653362;M001;4.7258569957123;01;01;1;4;1;15;0;0;0
5;52;6584017;M001;5.2850190988219;01;01;1;3;1;17;0;0;0
5;52;4127670;M001;1.2547961182883;01;01;1;1;1;15;0;0;0
5;52;1380687;M001;2.7444744180843;01;01;1;4;1;06;0;0;0
5;52;3185126;M001;7.2860170312187;01;01;1;3;2;13;0;0;0
5;52;6239651;M001;4.0592783484315;01;01;1;4;2;16;0;0;0
5;52;1893302;M001;7.3769852985829;01;01;1;3;2;17;0;0;0
5;52;1893302;M002;7.3769852985829;01;01;1;4;1;17;0;0;0
5;52;4174649;M001;4.9889572518091;01;01;1;3;1;10;0;0;0
5;52;3826370;M001;4.3628905146969;01;01;1;4;1;14;0;0;0
5;52;7174447;M001;3.7946234819901;01;01;1;4;1;06;0;0;0
5;52;2556916;M001;3.180739220992;01;01;1;2;2;17;0;0;0
5;52;1912730;M001;4.9585464476414;01;01;1;1;2;09;0;0;0
5;52;3795759;M001;5.8805151140639;01;01;1;3;2;12;0;0;0
5;52;1342652;M001;4.9015698610128;01;01;1;1;1;14;0;0;0
5;52;6444387;M001;6.1320180891508;01;01;1;1;2;17;0;0;0
5;52;7588959;M001;2.4486844115497;01;01;1;4;1;17;0;0;0
5;52;3876834;M001;4.0486461458096;01;01;1;1;1;06;0;0;0
5;52;1005519;M001;6.2313794857232;01;01;1;4;1;10;0;0;0
5;52;1443050;M001;9.8117248993825;08;01;2;2;1;16;0;0;0
5;52;4074055;M001;4.5444199055622;08;01;2;2;2;16;0;0;0
5;52;1311078;M001;4.8874968692451;05;01;2;4;1;13;0;0;0
5;52;2733819;M001;4.7638281937154;08;01;2;3;1;17;0;0;0
5;52;2996468;M001;5.6129451803182;08;01;2;2;1;14;0;0;0
5;52;390498;M001;2.9761786499233;08;01;2;3;2;15;0;0;0
5;52;7157551;M001;6.1811243330434;08;01;2;4;1;11;0;0;0
5;52;3243173;M001;1.8194765642915;08;01;2;3;2;17;0;0;0
5;52;4143871;M001;6.7335665232731;08;01;2;4;1;17;0;0;0
5;52;6336807;M001;6.1936254039118;01;01;1;3;1;14;0;0;0
5;52;5754021;M001;3.4849995628737;01;01;1;3;1;10;0;0;0
5;52;3446007;M001;5.3773554903697;01;01;1;3;2;07;0;0;0
5;52;7451590;M001;5.4057285970564;01;01;1;1;2;12;0;0;0
5;52;167960;M001;6.6760808592896;01;01;1;3;2;09;0;0;0
5;52;367931;M001;4.8215346362674;01;01;1;2;1;15;0;0;0
5;52;3990755;M001;6.3222976680013;01;01;1;4;2;12;0;0;0
5;52;1129131;M001;6.4973109692821;02;01;1;4;1;09;0;0;0
5;52;338046;M001;6.4973109692821;02;01;1;4;1;09;0;0;0
5;52;2495290;M001;5.6971356062384;01;01;1;2;2;14;0;0;0
5;52;1224466;M001;7.3081837155496;01;01;1;1;1;08;0;0;0
5;52;2728160;M001;3.9604046025097;02;01;1;3;2;11;0;0;0
5;52;2938387;M001;4.0328323949504;02;01;1;3;1;01;0;0;0
5;52;7175127;M001;6.012698453905;02;01;1;3;1;12;0;0;0
5;52;129641;M001;5.1109171867204;02;01;1;2;1;13;0;0;0
5;52;3965389;M001;5.7436342115523;01;01;1;2;1;17;0;0;0
5;52;3965389;M002;5.7436342115523;01;01;1;2;2;17;0;0;0
5;52;2053757;M001;5.2502301348265;08;01;2;3;1;15;0;0;0
5;52;4444176;M001;6.2712445588649;08;01;2;3;1;17;0;0;0
5;52;1430573;M001;4.6939043482287;08;01;2;4;1;15;0;0;0
5;52;1367117;M001;4.1830208052199;01;01;1;2;1;16;0;0;0
5;52;1562499;M001;4.3225006234817;08;01;2;1;2;15;0;0;0
5;52;7061278;M001;3.84423202413;08;01;2;1;1;09;0;0;0
5;52;5594773;M001;5.1538177166263;08;01;2;2;2;10;0;0;0
5;52;872763;M001;3.218283942584;08;01;2;2;1;16;0;0;0
5;52;2057028;M001;5.8813024960055;08;01;2;2;2;09;0;0;0
5;52;4559615;M001;5.8884754047197;01;01;1;1;1;16;0;0;0
5;52;253457;M001;2.9656193478682;01;01;1;2;1;05;0;0;0
5;52;1850548;M001;3.4244507242998;01;01;1;1;2;17;0;0;0
5;52;129958;M001;5.8400115402422;01;01;1;3;1;15;0;0;0
5;52;7045472;M001;5.7767741033777;01;01;1;1;1;17;0;0;0
5;52;2392659;M001;5.2178447579094;01;01;1;3;1;17;0;0;0
5;52;1936101;M001;8.6766428923346;01;01;1;2;1;11;0;0;0
5;52;6518993;M001;6.2826764485114;01;01;1;1;2;17;0;0;0
5;52;633600;M001;6.434006279826;01;01;1;1;2;08;0;0;0
5;52;2441414;M001;6.6970430288628;01;01;1;2;2;17;0;0;0
5;52;4214157;M001;5.668335783739;01;01;1;3;2;17;0;0;0
5;52;4214157;M002;5.668335783739;01;01;1;3;1;17;0;0;0
5;52;2606503;M001;5.2810821947739;01;01;1;3;1;11;0;0;0
5;52;1789331;M001;5.4851376722502;01;01;1;3;1;11;0;0;0
5;52;2553545;M001;5.4931759715644;01;01;1;3;1;10;0;0;0
5;52;4052293;M001;5.7850301397906;01;01;1;3;2;16;0;0;0
5;52;5037489;M001;4.2285629701139;01;01;1;2;1;16;0;0;0
5;52;6306861;M001;3.6175897279185;01;01;1;3;2;14;0;0;0
5;52;6861490;M001;6.1015663532319;01;01;1;3;1;15;0;0;0
5;52;4335318;M001;5.551777041494;01;01;1;3;2;11;0;0;0
5;52;1664808;M001;6.3896241845867;01;01;1;3;2;17;0;0;0
5;52;4560129;M001;4.1379028639207;01;01;1;2;1;03;0;0;0
5;52;2996237;M001;3.4896159576262;01;01;1;4;2;16;0;0;0
5;52;3371830;M001;4.3443417376068;01;01;1;3;1;04;0;0;0
5;52;715344;M001;6.0589018749437;01;01;1;2;1;12;0;0;0
5;52;1142928;M001;4.1148296230966;01;01;1;3;2;15;0;0;0
5;52;5246412;M001;4.5958511158437;01;01;1;4;2;01;0;0;0
5;52;6910676;M001;3.3240992199163;01;01;1;1;2;15;0;0;0
5;52;2866495;M001;3.794278611046;01;01;1;2;1;04;0;0;0
5;52;1585147;M001;4.4147367574606;01;01;1;1;1;17;0;0;0
5;52;7404085;M001;4.1280119348291;01;01;1;2;1;17;0;0;0
5;52;7404085;M002;4.1280119348291;01;01;1;1;1;11;0;0;0
5;52;3974933;M001;6.8246792690993;01;01;1;4;1;11;0;0;0
5;52;7162898;M001;3.8770412536231;01;01;1;1;2;10;0;0;0
5;52;1438792;M001;3.8464690327097;01;01;1;4;2;16;0;0;0
5;52;2735001;M001;2.774001975119;01;01;1;4;1;17;0;0;0
5;52;5656233;M001;4.9275289097124;01;01;1;4;1;01;0;0;0
5;52;7045488;M001;3.2601647378093;01;01;1;4;1;10;0;0;0
5;52;7605012;M001;3.2504024524746;01;01;1;1;2;16;0;0;0
5;52;2438825;M001;1.7919016750394;01;01;1;2;1;16;0;0;0
5;52;3788799;M001;2.8010422418068;01;01;1;3;1;04;0;0;0
5;52;3237881;M001;2.822874103043;01;01;1;2;1;04;0;0;0
5;52;5641432;M001;4.4161958834108;01;01;1;3;1;01;0;0;0
5;52;7187272;M001;4.4673585785265;01;01;1;3;1;01;0;0;0
5;52;2238740;M001;4.0609395555819;01;01;1;4;1;17;0;0;0
5;52;857754;M001;2.2778586651621;01;01;1;3;1;10;0;0;0
5;52;3940868;M001;2.4381469868375;01;01;1;2;1;12;0;0;0
5;52;6446832;M001;3.6849433331921;08;01;2;3;2;15;0;0;0
5;52;7398300;M001;3.3844760814298;08;01;2;2;1;11;0;0;0
5;52;7398300;M002;3.3844760814298;08;01;2;3;2;17;0;0;0
5;52;4975849;M001;2.4956066023339;08;01;2;4;2;17;0;0;0
5;52;4013077;M001;3.5305565680159;08;01;2;2;2;15;0;0;0
5;52;1187783;M001;2.8219418321369;08;01;2;3;2;15;0;0;0
5;52;7611001;M001;2.9464169798406;08;01;2;3;2;11;0;0;0
5;52;6086900;M001;1.9759484798443;08;01;2;4;2;17;0;0;0
5;52;7751125;M001;3.213775746277;08;01;2;3;1;11;0;0;0
5;52;6025116;M001;2.2067073262517;01;01;1;3;1;17;0;0;0
5;52;6539953;M001;2.1364409380923;01;01;1;1;2;17;0;0;0
5;52;296709;M001;3.0795863911544;01;01;1;4;1;17;0;0;0
5;52;1313487;M001;3.14924113953;01;01;1;3;2;13;0;0;0
5;52;7770920;M001;3.1079739350225;08;01;2;2;1;12;0;0;0
5;52;2119035;M001;4.0669663195223;08;01;2;3;1;16;0;0;0
5;52;4595066;M001;3.429517196593;08;01;2;1;1;13;0;0;0
5;52;1672038;M001;3.3103468098911;08;01;2;4;2;15;0;0;0
5;52;3842415;M001;3.0943932266609;08;01;2;3;2;17;0;0;0
5;52;3132810;M001;3.4997775157186;08;01;2;1;1;05;0;0;0
5;52;4624384;M001;2.1917582656547;01;01;1;2;1;11;0;0;0
5;52;7160655;M001;1.9230505721018;01;01;1;2;1;17;0;0;0
5;52;1599840;M001;4.2723913591063;01;01;1;1;1;09;0;0;0
5;52;5752957;M001;2.7712182301273;01;01;1;1;1;13;0;0;0
5;52;6937160;M001;2.0952647052211;01;01;1;2;1;14;0;0;0
5;52;3457704;M001;2.9292325824189;01;01;1;4;1;01;0;0;0
5;52;4981072;M001;3.1044319520179;01;01;1;4;2;11;0;0;0
5;52;4716483;M001;2.7494808177959;01;01;1;4;1;16;0;0;0
5;52;270891;M001;3.2874732250173;01;01;1;1;2;17;0;0;0
5;52;126284;M001;3.812909202557;01;01;1;1;2;17;0;0;0
5;52;7766448;M001;3.1302963354793;01;01;1;3;1;14;0;0;0
5;52;3297791;M001;3.1494825466119;01;01;1;4;2;16;0;0;0
5;52;4616510;M001;4.3749899999456;01;01;1;3;1;15;0;0;0
5;52;1854722;M001;2.9370445985207;08;01;2;1;1;16;0;0;0
5;52;586381;M001;3.8198814004992;08;01;2;1;1;08;0;0;0
5;52;5747393;M001;4.7122583178424;01;01;1;4;1;13;0;0;0
5;52;3955900;M001;2.7494808177959;01;01;1;1;1;17;0;0;0
5;52;939348;M001;3.5883424713177;01;01;1;2;2;17;0;0;0
5;52;2763718;M001;3.2575000840461;01;01;1;4;1;11;0;0;0
5;52;5656125;M001;1.9230505721018;01;01;1;4;1;17;0;0;0
5;52;979475;M001;4.6269613929118;01;01;1;2;2;01;0;0;0
5;52;26978;M001;2.4149562392519;01;01;1;2;2;17;0;0;0
5;52;4929083;M001;4.5806654464545;01;01;1;3;1;16;0;0;0
5;52;4380417;M001;3.3820389903139;08;01;2;3;1;13;0;0;0
5;52;6037411;M001;2.8856305815275;08;01;2;1;1;09;0;0;0
5;52;6037411;M002;2.8856305815275;08;01;2;3;1;16;0;0;0
5;52;5863790;M001;3.4574456581463;08;01;2;3;1;09;0;0;0
5;52;5511991;M001;3.2676367828546;08;01;2;2;2;17;0;0;0
5;52;3110111;M001;5.7102667014732;01;01;1;3;1;08;0;0;0
5;52;7484196;M001;9.1257290836356;01;01;1;4;2;13;0;0;0
5;52;6126387;M001;12.7897191896464;01;01;1;3;2;15;0;0;0
5;52;1132767;M001;6.0101153446466;01;01;1;3;1;14;0;0;0
5;52;4149358;M001;3.2352209440235;01;01;1;1;1;09;0;0;0
5;52;7487273;M001;5.7662303137191;01;01;1;2;2;14;0;0;0
5;52;4647567;M001;2.9434065765212;01;01;1;3;1;14;0;0;0
5;52;3745851;M001;3.4324368372751;01;01;1;1;1;08;0;0;0
5;52;2906561;M001;2.6920007808515;01;01;1;4;1;15;0;0;0
5;52;351274;M001;2.0800591451821;01;01;1;2;1;17;0;0;0
5;52;3150902;M002;10.3678205559298;01;01;1;2;2;16;0;0;0
5;52;4168545;M001;7.5905692035622;01;01;1;3;2;10;0;0;0
5;52;7326605;M001;19.9518641902913;01;01;1;3;1;17;0;0;0
5;52;3828088;M001;11.8008074584859;05;01;2;3;1;16;0;0;0
5;52;1058079;M001;3.2167981466861;01;01;1;1;2;05;0;0;0
5;52;1713014;M001;9.7256087865638;01;01;1;3;1;14;0;0;0
5;52;2584639;M002;9.6556834926446;01;01;1;4;2;15;0;0;0
5;52;4799223;M002;3.317572223634;08;01;2;1;1;17;0;0;0
5;52;6519472;M001;25.6935170639636;01;01;1;4;1;12;0;0;0
5;52;5592433;M001;17.4288641927833;01;01;1;4;2;13;0;0;0
5;52;5134808;M001;22.2177270418511;01;01;1;2;2;16;0;0;0
5;52;32199;M001;17.8947958883911;01;01;1;1;2;14;0;0;0
5;52;1925271;M001;15.0406974561244;01;01;1;2;1;16;0;0;0
5;52;5387112;M001;22.7242230008405;01;01;1;2;2;16;0;0;0
5;52;7726930;M001;19.5645277927092;01;01;1;2;2;17;0;0;0
5;52;6263134;M001;17.9539483614647;01;01;1;4;1;10;0;0;0
5;52;3872249;M001;17.6825885756319;01;01;1;4;1;15;0;0;0
5;52;2800656;M001;16.5669695024412;01;01;1;2;2;17;0;0;0
5;52;4907532;M001;25.424277247125;01;01;1;2;2;17;0;0;0
5;52;624305;M001;21.9271111173709;01;01;1;2;1;10;0;0;0
5;52;4827984;M001;31.4813701061655;01;01;1;4;1;12;0;0;0
5;52;3927998;M001;19.3851504653789;01;01;1;1;2;16;0;0;0
5;52;6272684;M001;8.5900973315927;01;01;1;4;1;08;0;0;0
5;52;5325299;M001;9.9950136501045;01;01;1;2;2;11;0;0;0
5;52;397089;M001;12.7515840986902;01;01;1;2;2;17;0;0;0
5;52;4641895;M001;2.1571909738692;01;01;1;4;2;12;0;0;0
5;52;6991058;M001;10.4911676729989;01;01;1;3;2;99;0;0;1
5;52;1025048;M001;11.3346872425395;02;01;1;3;1;13;0;0;0
5;52;5387259;M001;9.3791901310944;01;01;1;2;2;04;0;0;0
5;52;2741409;M001;11.974788925943;01;01;1;2;2;09;0;0;0
5;52;4951262;M001;2.1018420963402;01;01;1;4;2;13;0;0;0
5;52;5158001;M001;8.2848800015494;01;01;1;3;2;11;0;0;0
5;52;3115938;M001;7.3757025971213;01;01;1;1;2;11;0;0;0
5;52;842128;M001;2.2309556508518;01;01;1;2;1;06;0;0;0
5;52;5392555;M001;6.8606901464146;01;01;1;1;1;10;0;0;0
5;52;4990199;M001;11.120672378162;01;01;1;2;2;15;0;0;0
5;52;6305499;M001;4.2894509405878;01;01;1;1;1;13;0;0;0
5;52;4420280;M001;10.5457943543523;01;01;1;4;1;14;0;0;0
5;52;443514;M001;12.4326161113946;01;01;1;3;1;17;0;0;0
5;52;4433633;M001;3.6026068754547;02;01;1;2;1;15;0;0;0
5;52;2107356;M001;2.5372701637913;01;01;1;4;1;12;0;0;0
5;52;5516802;M001;3.350592307658;08;01;2;1;2;01;0;0;0
5;52;3247779;M001;3.7426826745103;08;01;2;1;1;17;0;0;0
5;52;5275436;M001;12.3346928717306;01;01;1;2;1;15;0;0;0
5;52;4648602;M001;8.0507210670579;03;01;1;3;1;13;0;0;0
5;52;5763367;M001;8.3336829309077;01;01;1;1;2;03;0;0;0
5;52;6607211;M001;9.6764561561314;01;01;1;4;1;13;0;0;0
5;52;6485642;M001;9.4602059219663;01;01;1;1;1;05;0;0;0
5;52;1251116;M001;11.3089103382607;01;01;1;1;1;17;0;0;0
5;52;3589027;M001;8.0797040522361;01;01;1;2;1;13;0;0;0
5;52;2463616;M001;9.2663569755891;01;01;1;3;1;10;0;0;0
5;52;5887941;M001;9.7322266983153;01;01;1;3;2;13;0;0;0
5;52;580288;M001;2.6281144658866;01;01;1;3;1;10;0;0;0
5;52;5168076;M001;4.8970042282652;01;01;1;2;2;17;0;0;0
5;52;5755608;M001;4.6724488463231;01;01;1;2;2;16;0;0;0
5;52;6653239;M001;2.8976038170024;08;01;2;2;1;17;0;0;0
5;52;6511169;M001;1.7860836742735;01;01;1;1;2;16;0;0;0
5;52;357482;M001;2.7356398969049;08;01;2;1;1;09;0;0;0
5;52;4413023;M001;2.1809500603967;01;01;1;3;1;13;0;0;0
5;52;3814606;M001;2.3307864054867;01;01;1;1;1;17;0;0;0
5;52;1829669;M001;4.3528881952659;01;01;1;4;2;14;0;0;0
5;52;2165164;M001;6.4648276743141;01;01;1;2;1;16;0;0;0
5;52;1929398;M001;3.1569708724468;08;01;2;3;1;09;0;0;0
5;52;3814755;M001;3.2069822267603;08;01;2;3;1;15;0;0;0
5;52;7331687;M001;4.4974918247785;01;01;1;4;1;17;0;0;0
5;52;6194570;M001;12.5394671739579;01;01;1;3;1;17;0;0;0
5;52;7514589;M001;6.4937229747863;08;01;2;2;1;10;0;0;0
5;52;6425168;M001;9.6512681158598;01;01;1;3;1;01;0;0;0
5;52;6251640;M001;9.3292375175266;01;01;1;3;1;09;0;0;0
5;52;2639465;M001;9.0574624485793;01;01;1;1;2;15;0;0;0
5;52;1019261;M001;4.4888624437108;08;01;2;3;1;12;0;0;0
5;52;6305042;M001;3.2055452971598;01;01;1;3;1;09;0;0;0
5;52;7350220;M001;3.6818982540101;01;01;1;3;1;15;0;0;0
5;52;6000251;M001;3.2122143778991;01;01;1;2;1;13;0;0;0
5;52;6238691;M001;2.7010653113565;01;01;1;1;1;05;0;0;0
5;52;6780936;M001;6.7336698225654;01;01;1;3;1;15;0;0;0
5;52;306199;M001;11.4007361634669;01;01;1;3;1;17;0;0;0
5;52;1411833;M001;5.2389677738003;01;01;1;2;2;09;0;0;0
5;52;2024009;M001;8.7786840228262;01;01;1;4;1;09;0;0;0
5;52;776810;M001;6.3811700253597;01;01;1;1;1;15;0;0;0
5;52;425863;M001;3.1091151320082;01;01;1;1;1;17;0;0;0
5;52;5197628;M001;4.1255775238611;01;01;1;4;2;17;0;0;0
5;52;1347824;M001;2.5920718486678;08;01;2;4;2;15;0;0;0
5;52;3183161;M001;2.7953590504763;01;01;1;3;1;10;0;0;0
5;52;3668630;M001;7.7716602128421;01;01;1;3;1;16;0;0;0
5;52;3462738;M001;4.9137847304473;01;01;1;1;1;16;0;0;0
5;52;4001517;M001;8.0752255492683;01;01;1;4;1;08;0;0;0
5;52;5770390;M001;9.6368404011413;01;01;1;3;1;08;0;0;0
5;52;4399090;M001;10.6803765877995;01;01;1;4;1;09;0;0;1
5;52;5408071;M001;12.4046522909481;01;01;1;2;2;10;0;0;0
5;52;5145519;M001;13.4428389872517;01;01;1;4;1;11;0;0;0
5;52;3765241;M001;11.4958488056801;01;01;1;4;2;16;0;0;0
5;52;6138311;M001;12.1188033784252;01;01;1;4;1;01;0;0;0
5;52;522642;M001;13.7972275146692;01;01;1;2;1;02;0;0;0
5;52;4603884;M001;8.5979233979729;01;01;1;4;1;16;0;0;0
5;52;4928876;M001;2.2902070814241;01;01;1;1;1;14;0;0;0
5;52;4692491;M001;1.3747115257244;08;01;2;2;1;15;0;0;0
5;52;3451135;M001;6.1626644766527;01;01;1;4;1;14;0;0;0
5;52;4356913;M001;5.6781229675797;01;01;1;1;2;08;0;0;0
5;52;1784780;M001;4.6962218733599;01;01;1;1;1;14;0;0;0
5;52;3509168;M001;8.0909017794151;01;01;1;3;2;07;0;0;0
5;52;4116577;M001;6.1782756637174;01;01;1;4;1;16;0;0;0
5;52;7117184;M001;11.0301723149674;01;01;1;3;1;14;0;0;0
5;52;1205177;M001;17.2613157083669;01;01;1;2;1;13;0;0;0
5;52;989782;M001;8.7066610845326;01;01;1;3;2;11;0;0;0
5;52;5178244;M001;11.3157531868417;01;01;1;2;1;15;0;0;0
5;52;1526664;M001;6.8122068191302;01;01;1;4;1;14;0;0;0
5;52;7176249;M001;4.0007092831309;01;01;1;1;2;14;0;0;0
5;52;2030134;M002;10.9405065399095;01;01;1;4;2;17;0;0;0
5;52;4112487;M001;2.9390962827908;01;01;1;2;2;12;0;0;0
5;52;1091998;M001;14.4514998193165;01;01;1;3;1;10;0;0;0
5;52;5945430;M001;9.7894991603838;01;01;1;4;1;17;0;0;0
5;52;5546759;M001;3.345333195622;01;01;1;1;1;15;0;0;0
5;52;119296;M001;4.2505945113172;08;01;2;1;2;13;0;0;0
5;52;417401;M001;6.1862373615258;01;01;1;4;1;14;0;0;0
5;52;4108477;M001;4.5258360618144;01;01;1;2;2;08;0;0;0
5;52;6856185;M001;5.1053570639001;01;01;1;4;1;01;0;0;0
5;52;7641494;M001;4.0080794309212;01;01;1;1;1;17;0;0;0
5;52;3351904;M001;2.1015263905099;08;01;2;1;1;17;0;0;0
5;52;3454500;M001;9.9993139389343;01;01;1;4;1;16;0;0;0
5;52;6472923;M001;19.492905972117;01;01;1;2;2;14;0;0;0
5;52;2477578;M001;7.7008299041523;01;01;1;3;2;15;0;0;0
5;52;5906206;M001;10.5135595399709;01;01;1;2;2;12;0;0;0
5;52;7045402;M001;11.6367266273109;01;01;1;1;2;09;0;0;0
5;52;1490398;M001;10.2643125356453;01;01;1;3;1;11;0;0;0
5;52;199871;M001;21.0725081015063;01;01;1;2;1;16;0;0;0
5;52;5290386;M001;13.9668349178788;01;01;1;2;1;09;0;0;0
5;52;991340;M001;7.6506742468934;01;01;1;2;1;15;0;0;0
5;52;5584631;M001;4.5629496679508;01;01;1;4;2;12;0;0;0
5;52;1131653;M001;7.9352456788027;01;01;1;2;1;07;0;0;0
5;52;4917169;M001;5.2703344062309;01;01;1;1;2;17;0;0;0
5;52;4869243;M001;2.885881836668;01;01;1;4;1;15;0;0;0
5;52;5727691;M001;4.4660384168969;01;01;1;1;1;08;0;0;0
5;52;3005140;M001;3.6785431319367;01;01;1;1;2;17;0;0;0
5;52;4551291;M001;6.1156374889443;01;01;1;2;2;17;0;0;0
5;52;5512962;M001;3.1654805079357;01;01;1;1;1;09;0;0;0
5;52;6535133;M001;3.8059748679494;01;01;1;1;1;01;0;0;0
5;52;2282440;M001;2.251143676096;01;01;1;2;1;15;0;0;0
5;52;1997065;M001;13.5903214066758;01;01;1;2;1;16;0;0;0
5;52;1542729;M001;9.7653106409734;01;01;1;4;2;15;0;0;0
5;52;5253342;M001;9.4173329191687;01;01;1;4;2;11;0;0;0
5;52;3487600;M001;10.6793551538105;01;01;1;4;2;16;0;0;0
5;52;5472708;M001;14.9198456155236;01;01;1;1;2;17;0;0;0
5;52;348590;M001;8.0203878175338;01;01;1;3;1;09;0;0;0
5;52;2032672;M001;9.8644308511542;01;01;1;4;1;16;0;0;0
5;52;5559198;M001;9.500869838312;01;01;1;3;1;14;0;0;0
5;52;6607951;M001;11.5173310932766;01;01;1;4;1;11;0;0;0
5;52;155955;M001;10.3849292562559;01;01;1;4;1;17;0;0;0
5;52;2238266;M001;11.1166407223745;01;01;1;4;2;16;0;0;0
5;52;4428049;M001;9.6451533242414;08;01;2;2;1;16;0;0;0
5;52;5411840;M001;10.8921930858602;01;01;1;2;2;14;0;0;0
5;52;1628408;M001;2.6848455691089;01;01;1;3;1;04;0;0;0
5;52;523565;M002;3.2654062147234;01;01;1;3;2;08;0;0;0
5;52;5450816;M001;3.4910736866242;01;01;1;3;1;15;0;0;0
5;52;5596428;M001;3.8043598453507;08;01;2;1;2;17;0;0;0
5;52;6593986;M001;2.7548633446906;01;01;1;2;1;04;0;0;0
5;52;2553442;M001;11.5225344902692;01;01;1;1;1;12;0;0;0
5;52;2743608;M001;7.9957772138215;01;01;1;2;1;15;0;0;0
5;52;5171430;M001;2.8786774296164;01;01;1;4;1;10;0;0;0
5;52;5223741;M001;2.3301267178106;08;01;2;4;1;13;0;0;0
5;52;926067;M001;12.4125193026383;01;01;1;1;1;17;0;0;0
5;52;7652104;M001;9.2684140787941;02;01;1;1;2;13;0;0;0
5;52;1519777;M001;5.4443715376299;01;01;1;4;2;13;0;0;0
5;52;6713124;M001;2.8937996957211;01;01;1;2;1;12;0;0;0
5;52;1278273;M001;5.4283642892907;01;01;1;3;2;14;0;0;0
5;52;821545;M001;4.6542779882951;01;01;1;3;2;17;0;0;0
5;52;536615;M001;1.6699904279169;01;01;1;3;1;17;0;0;0
5;52;7089095;M001;2.822874103043;01;01;1;3;1;15;0;0;0
5;52;6414087;M001;4.0737963974643;08;01;2;4;1;14;0;0;0
5;52;4977657;M001;6.8014927069259;01;01;1;4;2;16;0;0;0
5;52;5079624;M001;10.3821090732286;01;01;1;4;2;16;0;0;0
5;52;3822226;M001;15.3317495814299;01;01;1;1;1;15;0;0;0
5;52;780682;M001;11.3199143229547;01;01;1;1;1;17;0;0;0
5;52;7466633;M001;8.6926409901061;01;01;1;2;2;15;0;0;0
5;52;2335556;M001;2.7225435949173;01;01;1;2;2;17;0;0;0
5;52;3325998;M001;6.9046281416008;01;01;1;1;1;17;0;0;0
5;52;333397;M001;10.8801091685208;01;01;1;1;1;14;0;0;0
5;52;7714657;M001;6.6856019186131;01;01;1;1;1;16;0;0;0
5;52;3845997;M001;12.5355931383503;01;01;1;4;1;17;0;0;0
5;52;1583167;M001;10.6727299406645;01;01;1;4;1;15;0;0;0
5;52;834453;M001;11.8036440514334;01;01;1;1;2;14;0;0;0
5;52;6443115;M001;11.9196847123383;08;01;2;4;1;17;0;0;0
5;52;4249329;M002;10.3629251483722;01;01;1;3;1;17;0;0;0
5;52;5983079;M001;10.9006375522637;01;01;1;1;1;17;0;0;0
5;52;2542165;M001;10.5891936737604;01;01;1;4;2;09;0;0;0
5;52;4165333;M001;9.3028334168576;01;01;1;4;2;14;0;0;0
5;52;5068984;M001;5.430868433522;01;01;1;2;1;14;0;0;0
5;52;3145747;M001;10.2027840459878;01;01;1;3;2;12;0;0;0
5;52;6952273;M001;12.4741131037082;01;01;1;2;1;15;0;0;0
5;52;2001837;M001;13.1950873059152;01;01;1;2;1;17;0;0;0
5;52;789454;M001;6.6501496087747;01;01;1;4;2;15;0;0;0
5;52;5724820;M001;11.765965604616;01;01;1;2;1;10;0;0;0
5;52;2169107;M001;11.1560235458255;01;01;1;3;2;14;0;0;0
5;52;5507557;M001;23.3114298820812;02;01;1;2;2;13;0;0;0
5;52;5379333;M001;10.639528605259;01;01;1;1;1;17;0;0;0
5;52;2448575;M001;1.542061374815;01;01;1;2;2;15;0;0;0
5;52;3864834;M001;1.5380278386374;08;01;2;3;1;11;0;0;0
5;52;4787189;M001;3.793026665502;01;01;1;2;1;15;0;0;0
5;52;7725326;M001;3.266072327042;05;01;2;3;1;14;0;0;0
5;52;5764501;M001;9.2153963155812;01;01;1;4;1;11;0;0;0
5;52;4368809;M001;9.3725072337939;01;01;1;1;1;17;0;0;0
5;52;2931478;M001;4.4570588920672;08;01;2;4;1;17;0;0;0
5;52;7559754;M001;9.9884743825858;01;01;1;1;1;17;0;0;0
5;52;7763385;M001;9.9661660261861;05;01;2;2;1;16;0;0;0
5;52;6107294;M001;10.5891936737604;01;01;1;4;2;12;0;0;0
5;52;3230119;M001;10.5480528402154;01;01;1;2;1;09;0;0;0
5;52;5336238;M001;10.5395260533923;08;01;2;1;2;16;0;0;0
5;52;4228079;M001;10.4834163338516;01;01;1;3;1;05;0;0;0
5;52;2991874;M001;10.4058168586748;01;01;1;1;2;17;0;0;0
5;52;3739545;M001;12.267333430155;02;01;1;3;2;13;0;0;0
5;52;1816962;M001;17.8956622526181;01;01;1;1;2;17;0;0;0
5;52;3673279;M001;22.1937605307689;01;01;1;4;2;13;0;0;0
5;52;6277490;M001;19.505111091583;01;01;1;1;2;17;0;0;0
5;52;3777593;M001;13.3610042023641;01;01;1;2;1;12;0;0;0
5;52;7477689;M001;23.5019918301542;01;01;1;2;2;12;0;0;0
5;52;888088;M001;21.2313282286971;01;01;1;2;1;08;0;0;0
5;52;5581066;M001;26.199475014535;01;01;1;3;1;17;0;0;0
5;52;1269048;M001;18.1988970891337;01;01;1;3;1;17;0;0;0
5;52;1304581;M001;21.3529634336937;01;01;1;2;2;16;0;0;0
5;52;4863138;M001;25.3732054941211;01;01;1;1;1;13;0;0;0
5;52;3312180;M002;14.8927925669611;01;01;1;4;2;17;0;0;0
5;52;6311015;M001;9.7477448511638;01;01;1;3;1;17;0;0;0
5;52;649781;M001;10.6901431791846;01;01;1;2;1;14;0;0;0
5;52;2282741;M001;9.6062883554807;01;01;1;4;2;17;0;0;0
5;52;3366782;M001;8.8768619018356;01;01;1;4;1;08;0;0;0
5;52;5904302;M001;9.7638854354974;01;01;1;2;2;17;0;0;0
5;52;5478775;M002;11.5740738959293;08;01;2;3;2;17;0;0;0
5;52;1601064;M001;9.5629817219147;01;01;1;3;2;17;0;0;0
5;52;331320;M001;11.8823145001225;01;01;1;4;1;07;0;0;0
5;52;799017;M001;7.8493097977905;01;01;1;4;2;17;0;0;0
5;52;6497288;M001;2.7677165538729;01;01;1;3;1;17;0;0;0
5;52;7500030;M001;2.4143637255331;01;01;1;2;2;17;0;0;0
5;52;1977935;M002;3.0571875115033;01;01;1;2;1;14;0;0;0
5;52;6439023;M001;2.9019904045633;01;01;1;3;2;12;0;0;0
5;52;1155773;M001;3.250531462823;01;01;1;3;1;15;0;0;0
5;52;5334008;M002;5.196904814695;01;01;1;2;1;17;0;0;0
5;52;1197387;M001;4.978735805677;01;01;1;1;1;14;0;0;0
5;52;2296017;M001;5.5936313580486;05;01;2;1;1;12;0;0;0
5;52;5987299;M001;6.2366888876902;01;01;1;1;1;17;0;0;0
5;52;1291799;M001;22.8448673501013;01;01;1;3;2;12;0;0;0
5;52;1123068;M001;24.0135592292786;01;01;1;1;1;13;0;0;0
5;52;226106;M002;20.1916842315478;01;01;1;3;1;13;0;0;0
5;52;3009903;M001;23.687635598337;01;01;1;3;1;12;0;0;0
5;52;3003922;M002;11.3366430965871;01;01;1;2;2;12;0;0;0
5;52;6652953;M001;2.9323004591443;01;01;1;2;1;16;0;0;0
5;52;4213153;M001;3.1684307235223;01;01;1;2;2;16;0;0;0
5;52;4291508;M001;3.2490399765968;01;01;1;2;1;17;0;0;0
5;52;537674;M001;3.0539425162783;01;01;1;2;1;04;0;0;0
5;52;5819659;M001;8.4239116309243;01;01;1;2;1;16;0;0;0
5;52;7254994;M001;4.4291306608773;01;01;1;4;2;14;0;0;0
5;52;7302284;M001;4.4669860549147;01;01;1;2;1;16;0;0;0
5;52;1344903;M001;1.8036047482606;01;01;1;1;2;14;0;0;0
5;52;6568951;M001;3.6741011522763;01;01;1;3;1;09;0;0;0
5;52;6555064;M001;3.0027212681592;08;01;2;3;1;17;0;0;0
5;52;3166129;M001;1.5582364647292;01;01;1;4;2;07;0;0;0
5;52;7185529;M001;5.5954394474213;01;01;1;2;2;16;0;0;0
5;52;287004;M001;4.2247274211177;01;01;1;3;1;14;0;0;0
5;52;4512116;M001;1.5483016611728;01;01;1;4;1;13;0;0;0
5;52;508900;M001;2.4863950618956;08;01;2;4;2;14;0;0;0
5;52;4989931;M001;11.1168690634095;01;01;1;2;1;14;0;0;0
5;52;3060802;M001;10.9889638876024;01;01;1;3;2;11;0;0;0
5;52;7290360;M001;9.5770538391462;01;01;1;3;1;15;0;0;0
5;52;1208424;M001;14.3700318780313;01;01;1;3;1;15;0;0;0
5;52;1284806;M001;9.4163508521889;01;01;1;4;2;13;0;0;0
5;52;5841611;M002;17.3395277495017;01;01;1;3;2;16;0;0;0
5;52;6293474;M001;10.5432346272048;01;01;1;1;1;16;0;0;0
5;52;5535069;M001;4.8221249092635;08;01;2;4;1;04;0;0;0
5;52;4250851;M001;10.9174778727728;01;01;1;2;2;15;0;0;0
5;52;870694;M001;8.8274561509123;01;01;1;4;2;17;0;0;0
5;52;2975676;M001;10.5553304582909;01;01;1;2;2;13;0;0;0
5;52;95420;M001;12.5657877356875;01;01;1;1;2;12;0;0;0
5;52;1783399;M002;1.9129517955261;01;01;1;2;2;13;0;0;0
5;52;7415420;M001;5.8343551109888;01;01;1;2;2;17;0;0;0
5;52;5052831;M001;3.9850573434964;01;01;1;3;1;12;0;0;0
5;52;490124;M001;3.0012491594285;01;01;1;4;2;15;0;0;0
5;52;6390432;M001;2.0849180801139;01;01;1;3;2;09;0;0;0
5;52;1936808;M001;3.326983267879;01;01;1;4;2;14;0;0;0
5;52;264093;M001;4.9073199213958;01;01;1;2;2;16;0;0;0
5;52;32036;M001;7.7398787338159;01;01;1;2;1;14;0;0;0
5;52;233017;M001;9.4879776882514;01;01;1;3;2;17;0;0;0
5;52;6956917;M001;15.3085299284999;01;01;1;3;2;11;0;0;0
5;52;1462591;M001;4.9418564639922;01;01;1;3;1;13;0;0;0
5;52;6347119;M001;9.8069112512042;01;01;1;1;2;12;0;0;0
5;52;5710166;M001;9.1317437728588;01;01;1;1;1;07;0;0;0
5;52;4039935;M001;3.7118546578667;01;01;1;1;2;17;0;0;0
5;52;7728081;M001;4.0441377346444;01;01;1;1;2;07;0;0;0
5;52;7003696;M001;4.4251315467704;01;01;1;1;1;08;0;0;0
5;52;6036350;M001;2.1566162907298;01;01;1;2;1;15;0;0;0
5;52;2372054;M001;1.6442276603101;01;01;1;4;2;17;0;0;0
5;52;1733717;M001;2.7738889242972;01;01;1;3;2;17;0;0;0
5;52;2388348;M001;3.7535473130505;01;01;1;4;1;13;0;0;0
5;52;4553560;M002;3.8701722802525;01;01;1;4;2;11;0;0;0
5;52;7311161;M001;6.1913642023897;01;01;1;3;2;11;0;0;0
5;52;5371454;M001;2.2148893390493;01;01;1;3;1;14;0;0;0
5;52;3582803;M002;3.3538485465745;02;01;1;3;2;01;0;0;0
5;52;5585589;M001;5.590760265926;01;01;1;1;1;16;0;0;0
5;52;7429228;M001;4.5170344105922;01;01;1;3;1;11;0;0;0
5;52;3291432;M001;3.5006831180859;08;01;2;2;2;14;0;0;0
5;52;4305664;M001;10.6702469371231;01;01;1;4;1;17;0;0;0
5;52;2713540;M001;10.0955992806527;01;01;1;3;2;15;0;0;0
5;52;4048249;M001;13.3700792328674;08;01;2;2;2;11;0;0;0
5;52;7569280;M001;10.2309642987118;01;01;1;4;1;13;0;0;0
5;52;1634112;M002;9.4260615279463;01;01;1;1;2;07;0;0;0
5;52;1559520;M001;8.5719503868722;01;01;1;3;1;17;0;0;0
5;52;4519647;M002;8.5719503868722;01;01;1;4;1;04;0;0;0
5;52;954476;M001;9.2824682327789;01;01;1;2;1;01;0;0;0
5;52;6323424;M001;2.7594185398171;01;01;1;1;1;17;0;0;0
5;52;3851490;M001;9.1156512517735;01;01;1;4;1;12;0;0;0
5;52;3213187;M001;2.768577021147;01;01;1;2;1;17;0;0;0
5;52;3537709;M001;2.1437667961515;01;01;1;3;2;15;0;0;0
5;52;1329788;M001;2.569533995445;01;01;1;4;2;07;0;0;0
5;52;4678643;M001;2.5215077570583;01;01;1;1;1;11;0;0;0
5;52;1114738;M001;6.4460900874134;01;01;1;1;1;08;0;0;0
5;52;7152019;M001;4.5417899430289;01;01;1;1;1;01;0;0;0
5;52;7623108;M001;1.5560561960339;08;01;2;2;2;14;0;0;0
5;52;208370;M001;3.9472808852167;01;01;1;3;1;17;0;0;0
5;52;5081474;M001;2.085442777011;01;01;1;3;2;17;0;0;0
5;52;390309;M001;2.8253546446059;03;01;1;3;2;07;0;0;0
5;52;2564212;M001;3.6271509867882;01;01;1;3;1;16;0;0;0
5;52;3071816;M001;2.8633792665268;01;01;1;3;2;12;0;0;0
5;52;1793884;M001;6.8253241067615;01;01;1;3;2;12;0;0;0
5;52;3399749;M001;3.3745209816998;08;05;2;3;1;17;0;0;0
5;52;1809972;M001;8.4186378652481;01;01;1;3;1;08;0;0;0
5;52;6339180;M001;7.1659118405952;01;01;1;3;2;12;0;0;0
5;52;1480607;M001;10.0810873601842;01;01;1;1;1;12;0;0;0
5;52;6518386;M001;14.2707090426736;08;01;2;4;1;17;0;0;0
5;52;941226;M001;3.343111170876;08;01;2;2;1;04;0;0;0
5;52;6777400;M001;4.7399349442882;01;01;1;3;1;06;0;0;0
5;52;4516401;M001;5.5680240074441;01;01;1;3;1;07;0;0;0
5;52;3646789;M001;1.5501643533727;01;01;1;1;1;08;0;0;0
5;52;76773;M001;2.8150230780993;01;01;1;3;2;17;0;0;0
5;52;7064582;M001;9.6568669388705;01;01;1;2;2;17;0;0;0
5;52;1749489;M001;8.1801175650443;01;01;1;2;1;13;0;0;0
5;52;2283005;M001;6.9813339472613;01;01;1;2;1;16;0;0;0
5;52;7231886;M001;10.7807574836261;01;01;1;2;1;06;0;0;0
5;52;7227270;M001;8.8694415006223;01;01;1;2;2;14;0;0;0
5;52;6512194;M001;2.095855675665;08;01;2;3;1;17;0;0;0
5;52;4394582;M001;2.6475668328901;01;01;1;4;1;17;0;0;0
5;52;2552644;M001;4.807835440286;08;01;2;2;2;17;0;0;0
5;52;7253802;M001;5.1520080341894;01;01;1;2;1;14;0;0;0
5;52;1425129;M001;5.2556852544233;01;01;1;4;1;12;0;0;0
5;52;7050943;M001;5.3526745223837;01;01;1;1;1;15;0;0;0
5;52;521862;M001;3.3215169068623;01;01;1;3;2;08;0;0;0
5;52;4985979;M001;7.0521024695809;01;01;1;1;1;15;0;0;0
5;52;5960101;M001;8.6531721881319;01;01;1;1;1;17;0;0;0
5;52;5695080;M001;11.5958017926091;01;01;1;3;1;10;0;0;0
5;52;2966542;M001;2.3739864163895;01;01;1;2;2;11;0;0;0
5;52;1141453;M001;2.6524048375677;01;01;1;4;1;17;0;0;0
5;52;2166092;M001;4.2014803756743;01;01;1;4;1;06;0;0;0
5;52;632606;M001;9.6523071971359;01;01;1;2;1;17;0;0;0
5;52;6412753;M002;3.9774508266314;08;01;2;1;2;17;0;0;0
5;52;2768075;M001;4.3005059420753;01;01;1;2;2;15;0;0;0
5;52;3731793;M001;6.764622649168;01;01;1;3;2;14;0;0;0
5;52;6870827;M001;1.6348089187787;02;01;1;4;1;17;0;0;0
5;52;6136971;M001;1.7699875234464;01;01;1;3;1;16;0;0;0
5;52;1821927;M001;2.1624952142528;01;01;1;4;1;04;0;0;0
5;52;3264789;M001;6.2221590844158;01;01;1;3;2;14;0;0;0
5;52;1585817;M001;5.5653613867509;08;01;2;3;1;17;0;0;0
5;52;5958349;M001;3.2880962840748;01;01;1;4;1;15;0;0;0
5;52;2796178;M001;20.7112601037468;01;01;1;3;2;10;0;0;0
5;52;674751;M001;10.4836202097812;01;01;1;3;2;15;0;0;0
5;52;4865082;M001;2.7212888209676;01;01;1;3;2;17;0;0;0
5;52;6359813;M001;3.6866185009989;01;01;1;1;1;13;0;0;0
5;52;6896142;M001;3.4786110384256;01;01;1;4;2;14;0;0;0
5;52;1166812;M001;6.8869015983875;01;01;1;2;1;14;0;0;0
5;52;7538070;M001;5.5557947926525;05;01;2;1;1;14;0;0;0
5;52;5122874;M001;10.5290950702094;01;01;1;3;2;15;0;0;0
5;52;6712551;M001;9.7135754390434;01;01;1;4;2;11;0;0;0
5;52;7395949;M001;11.5046174848451;01;01;1;3;2;06;0;0;0
5;52;1939798;M001;5.6288901642854;05;01;2;4;1;17;0;0;0
5;52;3626851;M001;6.7948666632382;08;01;2;2;2;01;0;0;0
5;52;7150445;M001;8.0707521190613;08;01;2;4;1;16;0;0;0
5;52;3875460;M001;1.8425770840172;01;01;1;1;1;15;0;0;0
5;52;7250331;M001;2.0428993228512;01;01;1;3;2;11;0;0;0
5;52;2483869;M001;6.000795487074;08;01;2;2;2;04;0;0;0
5;52;2134070;M001;3.580893034002;08;01;2;2;1;17;0;0;0
5;52;6399911;M001;2.8840668935938;08;01;2;2;1;17;0;0;0
5;52;4767798;M001;6.2809442184027;01;01;1;3;1;14;0;0;0
5;52;1295259;M001;12.8208178662126;01;01;1;3;1;16;0;0;0
5;52;7195804;M001;13.9245770798734;01;01;1;2;1;16;0;0;0
5;52;7693568;M001;10.5929678390049;01;01;1;4;2;09;0;0;0
5;52;7224306;M001;6.0526728290569;01;01;1;3;1;08;0;0;0
5;52;7695711;M001;3.6438471586572;01;01;1;3;2;13;0;0;0
5;52;4921180;M001;5.6126679130373;01;01;1;3;2;17;0;0;0
5;52;2279437;M001;3.9471207562014;01;01;1;4;1;12;0;0;0
5;52;4964853;M001;11.4530475440213;01;01;1;4;2;16;0;0;0
5;52;4824847;M001;10.676345706992;01;01;1;4;2;09;0;0;0
5;52;3984320;M001;6.4613777752849;01;01;1;2;2;17;0;0;0
5;52;7189550;M001;6.3503886335668;01;01;1;4;1;15;0;0;0
5;52;4369180;M001;7.5966701106886;01;01;1;4;1;13;0;0;0
5;52;1524084;M001;8.9729418118876;01;01;1;3;1;14;0;0;0
5;52;3171336;M001;5.0537746527564;01;01;1;4;1;09;0;0;0
5;52;1180897;M001;10.3031398090885;01;01;1;4;2;17;0;0;0
5;52;4240237;M001;11.0207818052716;01;01;1;2;1;17;0;0;0
5;52;1571426;M001;10.7444920217531;01;01;1;2;2;17;0;0;0
5;52;6543440;M001;3.3617932355358;01;01;1;3;2;10;0;0;0
5;52;4359536;M001;9.1788574206983;01;01;1;3;1;12;0;0;0
5;52;440613;M002;8.2560582520119;01;01;1;2;2;16;0;0;0
5;52;5510485;M001;9.9192789366103;01;01;1;2;2;17;0;0;0
5;52;5719197;M001;6.3539466309913;01;01;1;4;1;04;0;0;0
5;52;6817563;M001;9.3370039085045;01;01;1;3;2;12;0;0;0
5;52;5843030;M001;7.6836860816806;01;01;1;2;2;15;0;0;0
5;52;7255713;M001;12.1880784642955;01;01;1;2;1;11;0;0;0
5;52;4419721;M001;3.2146008333231;01;01;1;4;2;17;0;0;0
5;52;5001389;M001;4.5525285580982;01;01;1;4;2;17;0;0;0
5;52;1056775;M001;5.9444156106759;08;01;2;2;1;17;0;0;0
5;52;2467778;M001;5.9225291044414;08;01;2;1;2;15;0;0;0
5;52;7666415;M001;2.4921179630667;01;01;1;1;1;15;0;0;0
5;52;414186;M002;4.7152304756643;01;01;1;4;2;17;0;0;0
5;52;7229800;M001;2.554362642665;01;01;1;1;2;14;0;0;0
5;52;7452595;M001;11.2402239592339;01;01;1;3;1;99;0;0;1
5;52;6673772;M001;9.959904695073;01;01;1;2;1;17;0;0;0
5;52;2012014;M001;2.4028393683277;01;01;1;2;2;13;0;0;0
5;52;5161812;M002;3.243596678328;01;01;1;2;1;17;0;0;0
5;52;1060000;M001;2.1242903121107;01;01;1;1;2;17;0;0;0
5;52;3741457;M001;1.6519610505417;08;01;2;3;1;17;0;0;0
5;52;1834581;M001;4.3759513115772;01;01;1;3;2;17;0;0;0
5;52;6116193;M002;4.1475440883377;01;01;1;2;2;13;0;0;0
5;52;46540;M001;5.3712469369291;01;01;1;4;1;17;0;0;0
5;52;6019505;M001;3.1997227078348;01;01;1;3;1;14;0;0;0
5;52;4285641;M001;13.1796844829384;01;01;1;2;1;15;0;0;0
5;52;989902;M001;9.2223735490593;01;01;1;2;2;17;0;0;0
5;52;335424;M001;4.9219447219457;08;01;2;3;2;09;0;0;0
5;52;6728472;M001;2.2644195930485;01;01;1;2;1;09;0;0;0
5;52;2596696;M001;3.2967299469169;01;01;1;1;1;02;0;0;0
5;52;7650945;M001;4.9105153400906;01;01;1;2;1;10;0;0;0
5;52;3284214;M001;1.0268585131895;01;01;1;3;2;10;0;0;0
5;52;3075874;M001;3.1849036306271;01;01;1;4;2;17;0;0;0
5;52;5189067;M001;2.0094531011135;01;01;1;3;1;99;0;0;1
5;52;5259939;M001;2.0982174924229;01;01;1;3;1;13;0;0;0
5;52;737221;M001;3.4633412932203;01;01;1;1;1;16;0;0;0
5;52;5792243;M001;9.1017033501647;01;01;1;2;2;17;0;0;0
5;52;6334512;M001;11.6595407381079;01;01;1;3;1;11;0;0;0
5;52;629752;M001;1.5035125479104;01;01;1;2;1;14;0;0;0
5;52;286066;M001;1.7448664936304;01;01;1;3;2;14;0;0;0
5;52;6666838;M001;2.6754125106544;01;01;1;4;2;11;0;0;0
5;52;2118503;M001;3.1608029146678;01;01;1;1;2;03;0;0;0
5;52;2354106;M001;5.7040068723088;01;01;1;4;2;10;0;0;0
5;52;4121236;M002;4.3229066440451;01;01;1;1;2;11;0;0;0
5;52;1660902;M001;4.946871019179;01;01;1;2;1;01;0;0;0
5;52;7500406;M001;3.3725791808171;08;01;2;1;1;17;0;0;0
5;52;4431856;M001;4.790701253714;08;01;2;3;2;09;0;0;0
5;52;6833524;M001;1.8580890117318;01;01;1;3;1;09;0;0;1
5;52;3989695;M001;8.673502313383;01;01;1;1;1;13;0;0;0
5;52;5833803;M001;10.5608865706129;01;01;1;3;1;07;0;0;0
5;52;7005611;M001;3.9844229317863;01;01;1;4;1;09;0;0;0
5;52;7660370;M001;5.0492952162878;01;01;1;3;2;14;0;0;0
5;52;553263;M001;4.1941786306949;01;01;1;1;1;14;0;0;0
5;52;3594542;M001;2.0320723565943;01;01;1;2;1;16;0;0;0
5;52;6221059;M001;1.6454829632186;01;01;1;3;2;16;0;0;0
5;52;2551767;M001;3.0587652184286;01;01;1;2;1;08;0;0;0
5;52;1914000;M001;2.9825548905321;01;01;1;2;1;12;0;0;0
5;52;837274;M001;4.0492412429283;01;01;1;4;1;08;0;0;0
5;52;2277978;M001;3.146192847675;01;01;1;2;1;10;0;0;0
5;52;6926184;M001;5.5354794583547;01;01;1;3;2;16;0;0;0
5;52;6029847;M001;3.2675557271914;01;01;1;2;1;13;0;0;0
5;52;3109529;M001;2.6876447985402;08;01;2;1;2;04;0;0;0
5;52;6825855;M001;2.6475638106578;01;01;1;3;2;16;0;0;0
5;52;6435272;M002;2.5578442324651;08;01;2;3;2;17;0;0;0
5;52;2684650;M001;3.4199296603861;08;01;2;3;1;16;0;0;0
5;52;2340566;M001;3.9426889864626;01;01;1;1;1;12;0;0;0
5;52;5808029;M001;2.4123452055416;08;01;2;2;2;13;0;0;0
5;52;4147799;M001;4.8672297675414;01;01;1;1;1;13;0;0;0
5;52;5217567;M001;4.8963406497832;01;01;1;2;2;04;0;0;0
5;52;6656697;M001;5.4241362379978;01;01;1;4;1;11;0;0;0
5;52;4064668;M001;4.7075864458398;01;01;1;3;2;17;0;0;0
5;52;5220990;M001;4.3512063375465;01;01;1;4;2;13;0;0;0
5;52;66628;M001;15.060132638516;08;01;2;4;2;14;0;0;0
5;52;7257656;M001;7.004208734254;08;01;2;3;2;17;0;0;0
5;52;7774143;M001;5.7308302932224;01;01;1;4;1;09;0;0;0
5;52;1388903;M001;5.0429646057274;01;01;1;4;1;17;0;0;0
5;52;7745806;M001;9.0490693643846;08;01;2;2;1;08;0;0;0
5;52;5260344;M001;9.0198544989385;01;01;1;3;1;09;0;0;0
5;52;5310725;M001;1.3495249510279;01;01;1;2;2;06;0;0;0
5;52;4608434;M001;11.2567473668984;01;01;1;1;1;09;0;0;0
5;52;278646;M001;5.4565330057316;08;01;2;3;1;10;0;0;0
5;52;2779877;M001;4.859928637987;01;01;1;3;2;16;0;0;0
5;52;7288473;M001;4.899003975153;01;01;1;4;2;11;0;0;0
5;52;6467912;M001;4.5923856624991;01;01;1;3;2;17;0;0;0
5;52;7685644;M001;5.9308952375602;01;01;1;3;2;01;0;0;0
5;52;4441433;M002;10.8077571920831;01;01;1;3;1;16;0;0;0
5;52;650241;M001;9.9314826870893;01;01;1;3;1;12;0;0;0
5;52;1979399;M001;5.5211412388421;08;01;2;2;1;13;0;0;0
5;52;3642777;M001;8.9259238520243;01;01;1;2;2;05;0;0;0
5;52;6764798;M001;9.9893531689285;01;01;1;3;2;11;0;0;0
5;52;2087661;M001;10.5130226973767;01;01;1;1;1;11;0;0;0
5;52;6550915;M001;14.2536218318877;01;01;1;1;1;11;0;0;0
5;52;6172505;M001;9.4587234398972;01;01;1;2;2;17;0;0;0
5;52;2524460;M001;9.4956382643101;01;01;1;3;2;06;0;0;0
5;52;118094;M001;11.1608092227621;08;01;2;4;1;12;0;0;0
5;52;841595;M001;3.3993017545804;01;01;1;3;1;17;0;0;0
5;52;7498035;M001;3.1407240537384;08;01;2;3;1;17;0;0;0
5;52;2616064;M001;3.1987295315918;08;01;2;3;1;14;0;0;0
5;52;1398395;M001;2.1436516209748;01;01;1;1;2;08;0;0;0
5;52;332555;M001;4.0903505885208;01;01;1;4;2;17;0;0;0
5;52;6105841;M001;5.2222164353093;01;01;1;4;2;15;0;0;0
5;52;4208337;M001;3.4848529807577;01;01;1;2;2;17;0;0;0
5;52;4649478;M001;9.9165320459332;01;01;1;4;1;10;0;0;0
5;52;1489950;M001;7.2802402982549;01;01;1;2;1;14;0;0;0
5;52;4620179;M001;10.1559821260919;01;01;1;2;2;12;0;0;0
5;52;4154559;M001;10.8565535006883;01;01;1;3;2;17;0;0;0
5;52;3220522;M001;12.2107171513068;01;01;1;3;2;16;0;0;0
5;52;927805;M001;2.8784395867013;01;01;1;2;1;17;0;0;0
5;52;6017015;M001;3.4194095993288;01;01;1;1;1;11;0;0;0
5;52;2156139;M001;11.9948367586511;01;01;1;3;1;17;0;0;0
5;52;397221;M001;8.9332585943272;08;01;2;3;2;15;0;0;0
5;52;4023340;M001;12.3384826136135;01;01;1;4;2;17;0;0;0
5;52;4459526;M001;3.3278517161354;01;01;1;2;1;14;0;0;0
5;52;4160634;M001;13.7581163520668;01;01;1;3;1;17;0;0;0
5;52;2756517;M001;10.7310896575124;01;01;1;3;1;17;0;0;0
5;52;4358374;M001;6.3259145768365;01;01;1;3;2;15;0;0;0
5;52;7244338;M001;11.9269452285192;08;01;2;3;1;13;0;0;0
5;52;1893144;M001;10.4221190784921;01;01;1;2;1;12;0;0;0
5;52;4859255;M001;4.7931620986602;01;01;1;4;2;17;0;0;0
5;52;4194175;M001;3.8249200642329;01;01;1;1;1;08;0;0;0
5;52;1519877;M001;1.835125285136;01;01;1;1;2;17;0;0;0
5;52;763111;M001;9.5928149808749;01;01;1;2;2;07;0;0;0
5;52;3205203;M001;6.7524718649288;01;01;1;4;1;14;0;0;0
5;52;4995333;M001;10.1316703942077;01;01;1;1;1;13;0;0;0
5;52;2066210;M001;21.6938641881163;01;01;1;3;1;14;0;0;0
5;52;5488104;M001;23.1524539238221;01;01;1;3;1;10;0;0;1
5;52;3397728;M001;20.9483840187035;01;01;1;2;1;16;0;0;0
5;52;5115253;M001;21.9042401432865;01;01;1;1;2;17;0;0;0
5;52;4383976;M001;19.7926862731476;01;01;1;4;2;15;0;0;0
5;52;5155308;M001;13.4656443650845;01;01;1;2;1;16;0;0;0
5;52;7507566;M001;22.5120114078469;01;01;1;4;2;16;0;0;0
5;52;2221827;M001;22.7064595174786;01;01;1;2;1;13;0;0;0
5;52;1801671;M002;26.4094408218625;01;01;1;3;1;11;0;0;0
5;52;7492311;M001;12.7970283597674;01;01;1;3;2;17;0;0;0
5;52;458761;M001;25.8494263327647;01;01;1;2;2;01;0;0;0
5;52;5753338;M001;16.8000522353364;01;01;1;3;2;11;0;0;0
5;52;5621337;M001;22.2299975418611;01;01;1;1;1;16;0;0;0
5;52;2351060;M001;18.8123386822127;01;01;1;3;1;17;0;0;0
5;52;4894636;M001;31.5232782585483;01;01;1;2;2;17;0;0;0
5;52;5123950;M001;10.2880468925029;01;01;1;3;2;17;0;0;0
5;52;7751290;M001;8.4875268974382;01;01;1;1;1;09;0;0;0
5;52;953103;M001;11.4020973784937;01;01;1;3;1;07;0;0;0
5;52;2402610;M001;6.6984962785351;01;01;1;4;2;13;0;0;0
5;52;2476193;M001;10.2978045270792;01;01;1;2;2;13;0;0;0
5;52;5921761;M001;15.5644560702248;01;01;1;4;1;17;0;0;0
5;52;6979351;M001;9.8121959390016;01;01;1;2;1;11;0;0;0
5;52;5250667;M001;7.832721266038;01;01;1;2;2;01;0;0;0
5;52;4335002;M002;10.4350221905476;01;01;1;1;1;17;0;0;0
5;52;382864;M001;4.2897714154163;01;01;1;2;2;17;0;0;0
5;52;4388914;M001;9.8009442204306;01;01;1;3;2;16;0;0;0
5;52;1664655;M001;9.6235701685564;01;01;1;3;1;15;0;0;0
5;52;6471498;M001;9.468913189753;01;01;1;2;2;13;0;0;0
5;52;4709797;M001;3.5998158794;01;01;1;4;2;17;0;0;0
5;52;6983820;M001;2.210604997659;08;01;2;3;1;16;0;0;0
5;52;7491616;M001;3.4786715958992;01;01;1;3;2;17;0;0;0
5;52;4991399;M001;5.8326607452752;01;01;1;3;1;15;0;0;0
5;52;5613989;M001;4.1490917166299;01;01;1;2;1;16;0;0;0
5;52;2057871;M001;20.1409546231547;01;01;1;2;1;17;0;0;0
5;52;6219126;M001;4.197619047619;01;01;1;3;1;15;0;0;0
5;52;4398495;M001;20.8880919123701;01;01;1;3;1;07;0;0;0
5;52;2656880;M001;14.3698142881626;01;01;1;3;1;17;0;0;0
5;52;5343129;M001;22.1995707048378;01;01;1;3;2;10;0;0;0
5;52;1193013;M001;25.8706716242917;01;01;1;3;1;11;0;0;0
5;52;2052227;M001;23.3987551358712;01;01;1;1;1;13;0;0;0
5;52;5386753;M001;28.066601805954;01;01;1;4;2;16;0;0;0
5;52;5132464;M001;25.8116948900386;01;01;1;3;1;17;0;0;0
5;52;1024399;M001;22.6777723102388;01;01;1;3;1;13;0;0;0
5;52;85088;M001;18.6622677456564;01;01;1;2;2;15;0;0;0
5;52;3226492;M001;18.3767278975877;01;01;1;2;1;11;0;0;0
5;52;87015;M001;14.6414661192931;01;01;1;2;1;17;0;0;0
5;52;3380126;M001;20.3136432304569;01;01;1;3;1;09;0;0;0
5;52;6808159;M001;20.3136432304569;01;01;1;2;2;17;0;0;0
5;52;1380149;M001;20.9560831111126;01;01;1;2;1;17;0;0;0
5;52;6341641;M001;14.391888204706;01;01;1;3;1;06;0;0;0
5;52;5620874;M001;2.8771908986376;08;01;2;2;1;02;0;0;0
5;52;4581200;M001;3.1961276622123;01;01;1;2;2;17;0;0;0
5;52;1442727;M001;12.1210062198884;01;01;1;3;2;14;0;0;0
5;52;4472559;M001;10.6085778572602;01;01;1;2;1;16;0;0;0
5;52;491453;M001;7.1206831713142;01;01;1;3;1;06;0;0;0
5;52;3253476;M001;3.076180901917;01;01;1;3;2;08;0;0;0
5;52;7511011;M001;3.3347458620207;01;01;1;4;2;12;0;0;0
5;52;3252791;M001;5.0277597000845;01;01;1;3;1;07;0;0;0
5;52;2872475;M001;3.2251095185209;03;01;1;4;1;17;0;0;0
5;52;7137794;M001;1.6749922505687;01;01;1;4;2;13;0;0;0
5;52;5737948;M001;2.6471587820692;01;01;1;3;2;16;0;0;0
5;52;6457895;M001;5.1176042095357;01;01;1;3;2;16;0;0;0
5;52;3640907;M001;3.6306961116241;01;01;1;1;2;12;0;0;0
5;52;442842;M001;5.2138554243494;02;01;1;2;1;13;0;0;0
5;52;5896707;M001;2.8500291056208;01;01;1;3;2;15;0;0;0
5;52;7560443;M001;3.8159120463664;01;01;1;1;2;05;0;0;0
5;52;844651;M001;2.1445782542903;01;01;1;3;1;11;0;0;0
5;52;5939619;M001;9.5721947998135;01;01;1;2;1;16;0;0;0
5;52;7471000;M001;2.8618063753057;01;01;1;4;1;17;0;0;0
5;52;7152604;M001;3.8964380756625;01;01;1;2;2;17;0;0;0
5;52;7177701;M001;2.6060720667981;05;01;2;4;1;17;0;0;0
5;52;7257138;M001;3.6965343292734;01;01;1;3;1;09;0;0;0
5;52;5090965;M001;8.2716644074809;01;01;1;1;2;17;0;0;0
5;52;6461540;M001;12.491709145256;01;01;1;3;2;16;0;0;0
5;52;7567655;M001;10.5154710694922;01;01;1;3;2;16;0;0;0
5;52;4426646;M001;9.7362412378412;01;01;1;1;1;06;0;0;0
5;52;3770333;M001;2.9103214929626;01;01;1;4;1;17;0;0;0
5;52;5161188;M001;5.0948592212474;01;01;1;4;2;17;0;0;0
5;52;4345330;M001;2.4577264559107;01;01;1;4;1;08;0;0;0
5;52;6510359;M001;2.2868700866984;01;01;1;3;1;14;0;0;0
5;52;910393;M001;2.8303163346982;01;01;1;3;1;16;0;0;0
5;52;3116842;M001;2.5130717496375;01;01;1;3;1;01;0;0;0
5;52;435614;M001;6.1019896318726;01;01;1;1;1;16;0;0;0
5;52;7719690;M001;6.5465155154182;08;01;2;1;2;13;0;0;0
5;52;3710460;M001;4.1359474097875;01;01;1;4;1;07;0;0;0
5;52;5224074;M001;5.8986309702325;02;01;1;1;1;06;0;0;0
5;52;4164345;M001;4.0560546413885;01;01;1;1;2;15;0;0;0
5;52;2623841;M001;3.6210222761701;01;01;1;4;2;17;0;0;0
5;52;2606185;M001;1.7874274016772;01;01;1;3;1;17;0;0;0
5;52;7745649;M001;1.9954835493869;01;01;1;3;1;05;0;0;0
5;52;1395;M001;4.4303380342897;01;01;1;3;2;11;0;0;0
5;52;7461417;M001;4.0204802378706;01;01;1;2;1;07;0;0;0
5;52;3174138;M001;2.2070239069177;01;01;1;4;2;15;0;0;0
5;52;4966219;M001;1.8530259781617;01;01;1;3;1;17;0;0;0
5;52;5104410;M001;2.2842792920322;01;01;1;2;2;14;0;0;0
5;52;1114096;M001;2.4543804485253;08;01;2;4;2;06;0;0;0
5;52;5633540;M001;5.4210617138946;01;01;1;3;1;13;0;0;0
5;52;1780163;M001;5.6908387700499;01;01;1;3;2;09;0;0;0
5;52;3673342;M001;9.0553755216565;01;01;1;1;2;17;0;0;0
5;52;1839375;M001;8.1962479898624;01;01;1;1;2;14;0;0;0
5;52;2249948;M001;6.1762642359282;08;01;2;4;1;16;0;0;0
5;52;2378405;M001;8.4597297817166;01;01;1;4;1;10;0;0;0
5;52;4094747;M001;10.2305784695382;01;01;1;4;2;12;0;0;0
5;52;4316194;M001;8.7404875700207;01;01;1;4;2;17;0;0;0
5;52;6933028;M001;3.6252067829053;01;01;1;2;1;14;0;0;0
5;52;1963726;M001;11.349407318694;01;01;1;2;2;06;0;0;0
5;52;6898029;M001;18.5149100880542;01;01;1;3;1;14;0;0;0
5;52;1350413;M001;8.3148669510343;08;01;2;1;1;17;0;0;0
5;52;5450103;M001;12.1410056291594;01;01;1;1;1;17;0;0;0
5;52;2677795;M001;2.7081684412817;02;01;1;1;2;15;0;0;0
5;52;6850086;M001;10.8988759917134;01;01;1;1;1;11;0;0;0
5;52;5953782;M001;13.2380514139975;01;01;1;4;1;15;0;0;0
5;52;6236659;M001;12.8674226042193;01;01;1;2;2;17;0;0;0
5;52;1677281;M001;3.4653506692666;01;01;1;1;2;15;0;0;0
5;52;1710701;M001;3.6905434277791;01;01;1;2;1;11;0;0;0
5;52;1904326;M001;2.6496082647359;01;01;1;1;1;10;0;0;0
5;52;5799047;M001;3.1696490127452;01;01;1;3;1;11;0;0;0
5;52;4933155;M001;8.8285511816894;01;01;1;3;1;11;0;0;0
5;52;4167176;M001;6.6732659887502;01;01;1;3;2;11;0;0;0
5;52;4574339;M001;3.504177419267;01;01;1;1;1;17;0;0;0
5;52;2363602;M001;2.8571906110665;08;01;2;4;1;15;0;0;0
5;52;10881;M001;1.8900920087036;01;01;1;4;1;12;0;0;0
5;52;6670850;M001;4.6429609627514;01;01;1;2;2;17;0;0;0
5;52;6308962;M001;11.9325088146211;01;01;1;3;1;07;0;0;0
5;52;122723;M001;8.88882862249;01;01;1;1;1;06;0;0;1
5;52;305644;M001;10.013094205233;01;01;1;1;1;99;0;0;1
5;52;5494642;M001;2.7395622650598;01;01;1;4;2;16;0;0;0
5;52;5910279;M001;8.0889563161219;01;01;1;1;1;08;0;0;0
5;52;4283596;M001;3.6261720165242;01;01;1;2;1;17;0;0;0
5;52;5569039;M001;6.0375238190253;08;01;2;2;2;99;0;0;1
5;52;2794481;M001;3.8356736233548;01;01;1;1;2;17;0;0;0
5;52;6892702;M001;3.5095876803894;01;01;1;2;1;14;0;0;0
5;52;3274126;M001;2.694874895181;01;01;1;1;2;07;0;0;0
5;52;492044;M001;5.5349323653945;01;01;1;2;1;05;0;0;0
5;52;7098476;M001;7.2066032229453;01;01;1;2;2;10;0;0;0
5;52;4034667;M001;3.9027146401797;01;01;1;3;2;08;0;0;0
5;52;4117844;M001;4.4714438240407;01;01;1;1;2;12;0;0;0
5;52;1185035;M001;9.9005233051442;01;01;1;4;1;12;0;0;0
5;52;6451303;M001;11.571692740758;01;01;1;3;2;16;0;0;0
5;52;4534296;M001;4.8071372881292;01;01;1;2;2;10;0;0;0
5;52;4594898;M001;3.3168691821492;01;01;1;1;1;16;0;0;0
5;52;2562338;M002;2.6922579104468;08;01;2;4;2;17;0;0;0
5;52;7553443;M001;2.9972687726079;01;01;1;1;2;12;0;0;0
5;52;3292389;M001;3.065937972674;01;01;1;2;2;14;0;0;0
5;52;4305461;M001;3.9326210017756;01;01;1;4;1;14;0;0;0
5;52;7680328;M001;4.6782444107653;01;01;1;2;1;13;0;0;0
5;52;3997738;M001;2.120086096018;01;01;1;2;1;06;0;0;0
5;52;1159201;M001;2.3436117642868;01;01;1;4;1;13;0;0;0
5;52;3907729;M001;1.660518205686;01;01;1;2;1;10;0;0;0
5;52;577444;M001;4.4249378426404;08;01;2;2;1;15;0;0;0
5;52;7620734;M001;8.6658682468376;05;01;2;4;1;14;0;0;0
5;52;1082178;M001;10.284354185367;01;01;1;2;1;14;0;0;0
5;52;6083417;M001;4.6879313438835;02;01;1;1;1;17;0;0;0
5;52;4365168;M001;3.5827117042301;01;01;1;3;1;16;0;0;0
5;52;2916078;M002;1.8811434763486;01;01;1;1;1;16;0;0;0
5;52;452607;M001;11.5201502192155;01;01;1;2;2;17;0;0;0
5;52;829477;M001;13.0678307165549;01;01;1;4;1;01;0;0;0
5;52;2783913;M001;9.8891856689765;01;01;1;4;1;11;0;0;0
5;52;2993365;M001;3.0884624847714;08;01;2;2;1;16;0;0;0
5;52;3490231;M001;3.7158807962355;01;01;1;1;2;17;0;0;0
5;52;4248760;M001;5.0941364374676;01;01;1;3;2;07;0;0;0
5;52;1967858;M001;6.0951335307073;01;01;1;2;1;15;0;0;0
5;52;6182037;M001;8.4018584915818;01;01;1;3;1;13;0;0;0
5;52;3211084;M001;10.5902964565376;01;01;1;3;1;14;0;0;0
5;52;896336;M001;5.6900896195149;01;01;1;1;1;10;0;0;0
5;52;4905416;M001;6.0709601921887;01;01;1;1;1;05;0;0;0
5;52;5914405;M001;9.8922210206592;01;01;1;3;2;13;0;0;0
5;52;2800666;M001;8.9966140056841;01;01;1;3;1;08;0;0;0
5;52;5108095;M001;9.034394003607;01;01;1;3;2;09;0;0;0
5;52;3228276;M001;3.1860718033469;08;01;2;1;1;17;0;0;0
5;52;5927514;M001;1.8059232813791;01;01;1;1;2;17;0;0;0
5;52;4489193;M001;9.1754235122023;01;01;1;4;1;17;0;0;0
5;52;7791218;M001;10.1374468403152;01;01;1;4;2;17;0;0;0
5;52;7165218;M002;11.591921937678;01;01;1;2;1;14;0;0;0
5;52;3330372;M001;3.4950246901548;01;01;1;2;1;14;0;0;0
5;52;4580597;M001;3.4950246901548;03;01;1;3;2;17;0;0;0
5;52;2186749;M002;8.1555837339622;01;01;1;4;1;10;0;0;0
5;52;4340700;M001;3.3081190152396;08;01;2;2;2;17;0;0;0
5;52;4714711;M001;2.0346914113823;01;01;1;1;1;16;0;0;0
5;52;6651941;M001;9.0649117251661;01;01;1;3;2;01;0;0;0
5;52;2804346;M001;9.2322840581362;01;01;1;2;2;16;0;0;0
5;52;1584320;M001;11.9061765032949;01;01;1;3;2;17;0;0;0
5;52;621237;M001;8.5965835335389;01;01;1;3;1;13;0;0;0
5;52;2240153;M001;10.5129574824241;01;01;1;3;2;15;0;0;0
5;52;7601610;M001;9.878014908772;01;01;1;3;1;17;0;0;0
5;52;1680132;M001;10.5444216861077;01;01;1;4;1;13;0;0;0
5;52;4405380;M001;1.6607265957946;01;01;1;4;2;11;0;0;0
5;52;4969235;M001;2.5084900886637;08;01;2;3;2;12;0;0;0
5;52;476702;M001;3.4124591096421;01;01;1;3;1;11;0;0;0
5;52;7558043;M001;6.3263558992058;01;01;1;1;2;17;0;0;0
5;52;6010782;M001;4.476163801096;01;01;1;3;1;17;0;0;0
5;52;4969932;M001;4.1664493320553;01;01;1;4;2;16;0;0;0
5;52;7693528;M001;5.280952263992;08;01;2;3;2;16;0;0;0
5;52;6219063;M001;5.8529193258943;01;01;1;2;2;15;0;0;0
5;52;4375765;M001;4.2421228796111;01;01;1;1;2;16;0;0;0
5;52;1679790;M001;4.8913130093618;01;01;1;1;1;15;0;0;0
5;52;3598406;M001;11.2290570871703;01;01;1;4;2;12;0;0;0
5;52;4861747;M002;7.0873222770278;01;01;1;2;1;13;0;0;0
5;52;5577706;M001;8.1127920178903;01;01;1;2;1;14;0;0;0
5;52;3360962;M001;9.5434716162751;01;01;1;3;1;15;0;0;0
5;52;4550820;M001;9.3479180942073;01;01;1;1;1;13;0;0;0
5;52;186857;M001;8.5863443358947;01;01;1;4;1;11;0;0;0
5;52;6018758;M001;10.6186695284858;01;01;1;3;2;16;0;0;0
5;52;7394446;M001;18.1863049174922;01;01;1;2;1;05;0;0;0
5;52;1440826;M001;11.0621690736028;01;01;1;2;2;15;0;0;0
5;52;1040202;M001;2.6593771047172;01;01;1;2;1;09;0;0;0
5;52;1307386;M001;2.7053319339188;01;01;1;3;2;16;0;0;0
5;52;5812550;M001;3.3633695547575;01;01;1;2;1;16;0;0;0
5;52;7602472;M001;2.3569601152645;01;01;1;1;2;01;0;0;0
5;52;2497008;M001;9.9114102669899;01;01;1;2;2;17;0;0;0
5;52;5987327;M001;13.8336983688295;01;01;1;3;2;15;0;0;0
5;52;4109564;M001;9.4357043456889;08;01;2;1;1;14;0;0;0
5;52;25686;M001;8.7347472778511;01;01;1;4;2;12;0;0;0
5;52;2432629;M002;6.0591120868259;01;01;1;4;2;09;0;0;0
5;52;1663903;M002;7.2331883581182;05;01;2;4;2;15;0;0;0
5;52;3289187;M001;10.5748331478993;01;01;1;1;1;17;0;0;0
5;52;4954325;M001;12.8065033369945;01;01;1;3;1;14;0;0;0
5;52;6053577;M001;11.600749530767;01;01;1;2;2;17;0;0;0
5;52;6169570;M001;11.2075056706292;01;01;1;2;1;16;0;0;0
5;52;3748560;M001;16.305708481622;01;01;1;3;1;15;0;0;0
5;52;656959;M002;9.0044044598229;01;01;1;3;1;15;0;0;0
5;52;2884331;M001;12.111769286221;01;01;1;3;1;08;0;0;0
5;52;1610514;M001;2.1261696750582;01;01;1;3;1;06;0;0;0
5;52;2172140;M001;7.2817861701273;01;01;1;3;1;16;0;0;0
5;52;3577528;M001;9.0229585742147;01;01;1;3;1;10;0;0;0
5;52;2594852;M001;8.8770621095735;01;01;1;4;1;07;0;0;0
5;52;699336;M001;4.6593687176927;08;01;2;3;1;11;0;0;0
5;52;7405443;M001;7.4354433868606;01;01;1;3;2;17;0;0;0
5;52;5588769;M001;11.201996885236;08;01;2;1;1;15;0;0;0
5;52;1386054;M001;2.6751095724724;01;01;1;1;2;17;0;0;0
5;52;1222862;M001;3.9493508279191;01;01;1;3;2;99;0;0;1
5;52;4129211;M001;4.1536343283662;08;01;2;3;1;13;0;0;0
5;52;2206294;M001;3.1061009086626;02;01;1;4;1;17;0;0;0
5;52;5322845;M001;2.1766341579019;01;01;1;1;1;05;0;0;0
5;52;5603370;M001;2.8188403058943;01;01;1;3;1;04;0;0;0
5;52;4488356;M001;6.6848861244212;03;01;1;3;2;12;0;0;0
5;52;6383425;M001;9.5800266672015;01;01;1;1;1;15;0;0;0
5;52;2342239;M001;2.8610662838965;01;01;1;3;2;14;0;0;0
5;52;6716813;M001;1.6625279825234;01;01;1;4;2;17;0;0;0
5;52;4829804;M001;2.8365652875793;08;01;2;3;1;17;0;0;0
5;52;6580160;M001;7.0119718822027;01;01;1;4;1;16;0;0;0
5;52;628263;M001;5.1922655047924;01;01;1;4;2;11;0;0;0
5;52;7311274;M001;5.0531099395761;01;01;1;2;1;17;0;0;0
5;52;587444;M001;3.7418763250577;01;01;1;4;2;17;0;0;0
5;52;3521843;M001;5.5763204252673;01;01;1;4;2;12;0;0;0
5;52;6448387;M001;13.3117412772155;01;01;1;3;2;17;0;0;0
5;52;2446534;M001;12.0410248454214;01;01;1;1;1;07;0;0;0
5;52;197712;M001;1.2645143437361;01;01;1;1;1;09;0;0;0
5;52;7119716;M001;2.228356926511;02;01;1;3;1;16;0;0;0
5;52;7655707;M001;4.8166310079076;01;01;1;4;2;17;0;0;0
5;52;3605092;M001;4.5464728121487;01;01;1;4;2;11;0;0;0
5;52;5483051;M001;2.0577425736579;01;01;1;4;2;15;0;0;0
5;52;5424017;M001;2.5875454458092;01;01;1;1;2;13;0;0;0
5;52;5049484;M001;10.7615781000198;08;01;2;2;1;12;0;0;0
5;52;3038602;M001;11.9626942322821;01;01;1;3;1;05;0;0;0
5;52;5265662;M001;4.4819661695698;01;01;1;4;1;11;0;0;0
5;52;6158581;M001;9.7202026103199;01;01;1;3;1;04;0;0;0
5;52;5775383;M001;3.2816859077232;01;01;1;2;1;17;0;0;0
5;52;2402769;M001;2.1582446959582;02;01;1;2;1;17;0;0;0
5;52;502085;M001;3.1586926963645;01;01;1;3;1;09;0;0;0
5;52;894903;M001;2.7270061786381;01;01;1;4;2;17;0;0;0
5;52;3955114;M001;3.6201646123639;01;01;1;3;1;12;0;0;0
5;52;2996017;M001;4.6686039379643;01;01;1;3;1;16;0;0;0
5;52;6902102;M001;4.7849036243215;01;01;1;3;1;11;0;0;0
5;52;1398523;M001;6.0169017741531;01;01;1;4;1;14;0;0;0
5;52;5729079;M001;4.4356820343716;01;01;1;3;2;16;0;0;0
5;52;3153551;M001;2.1127513312862;01;01;1;1;2;17;0;0;0
5;52;4039103;M001;2.2757141130485;01;01;1;1;2;14;0;0;0
5;52;6422897;M001;2.7385770901561;01;01;1;1;2;12;0;0;0
5;52;2628728;M001;2.9566706454436;01;01;1;1;1;17;0;0;0
5;52;594507;M001;4.3105255153072;01;01;1;1;2;17;0;0;0
5;52;6676661;M001;4.9667545593151;01;01;1;2;1;13;0;0;0
5;52;1097092;M001;4.1925057102792;01;01;1;2;1;15;0;0;0
5;52;6617625;M001;2.9602315623623;01;01;1;3;1;17;0;0;0
5;52;7558551;M001;5.3167350458126;01;01;1;3;1;09;0;0;0
5;52;3797961;M001;4.4326581135461;02;01;1;2;1;05;0;0;0
5;52;7252401;M001;7.9163080146574;01;01;1;4;2;17;0;0;0
5;52;7667236;M001;10.754854970127;01;01;1;3;2;17;0;0;0
5;52;1087556;M001;15.1617582548033;07;01;2;1;1;17;0;0;0
5;52;157975;M001;11.1590253008195;01;01;1;3;2;16;0;0;0
5;52;4156658;M001;4.850745456647;01;01;1;4;1;09;0;0;1
5;52;3698210;M001;8.5587212758929;01;01;1;3;2;16;0;0;0
5;52;3828962;M001;4.6045585651898;05;01;2;3;2;12;0;0;0
5;52;2379626;M001;2.639684209702;01;01;1;1;1;13;0;0;0
5;52;4245688;M001;8.7604895861157;01;01;1;3;1;16;0;0;0
5;52;1509876;M001;4.2118879981916;01;01;1;2;1;16;0;0;0
5;52;610600;M001;9.2359370784515;01;01;1;2;1;12;0;0;0
5;52;1650181;M001;9.6089460218758;01;01;1;2;1;09;0;0;0
5;52;10681;M001;11.2017217081979;01;01;1;1;2;17;0;0;0
5;52;6999055;M001;11.2228531205687;01;01;1;2;1;17;0;0;0
5;52;6038639;M002;7.0729563860716;01;01;1;1;1;04;0;0;0
5;52;2008959;M001;9.9281272899133;01;01;1;4;2;17;0;0;0
5;52;5407248;M001;8.5799252819319;01;01;1;1;2;16;0;0;0
5;52;4050379;M002;9.2179705264506;01;01;1;3;2;17;0;0;0
5;52;1619618;M001;10.4562680344483;01;01;1;2;2;14;0;0;0
5;52;6944163;M001;9.4547846623803;01;01;1;3;1;16;0;0;0
5;52;5000397;M001;2.3509803821304;08;01;2;4;1;13;0;0;0
5;52;1834026;M001;2.6844300422301;08;01;2;3;1;12;0;0;0
5;52;4222636;M001;2.1294644198886;08;01;2;3;1;11;0;0;0
5;52;2668466;M001;10.3782402319959;01;01;1;3;2;17;0;0;0
5;52;560744;M001;10.599157729303;08;01;2;3;1;14;0;0;0
5;52;1659568;M001;4.646837931179;08;01;2;4;1;17;0;0;0
5;52;5377250;M001;4.7476834005892;01;01;1;3;2;01;0;0;0
5;52;2343001;M001;9.6107527986614;01;01;1;4;1;17;0;0;0
5;52;6045836;M001;6.5427607607643;01;01;1;1;1;10;0;0;0
5;52;3211539;M001;2.0679802955665;01;01;1;4;2;13;0;0;0
5;52;464158;M001;9.2414574138824;01;01;1;4;1;09;0;0;0
5;52;4525647;M002;10.1873000057984;01;01;1;2;1;16;0;0;0
5;52;4509294;M001;9.694580274685;01;01;1;3;2;10;0;0;0
5;52;3750092;M001;11.98018690803;01;01;1;3;1;11;0;0;0
5;52;568478;M001;12.1132470788803;08;01;2;2;2;13;0;0;0
5;52;3746809;M001;11.7905502060579;01;01;1;2;2;10;0;0;0
5;52;1844969;M001;5.3100549641979;01;01;1;1;2;10;0;0;0
5;52;5493568;M001;2.5911745802222;01;01;1;3;1;10;0;0;0
5;52;5323431;M001;11.9391452714478;01;01;1;2;1;09;0;0;0
5;52;4085757;M001;10.3721670229078;01;01;1;3;1;17;0;0;0
5;52;5911039;M001;10.2072727097054;01;01;1;3;1;09;0;0;1
5;52;5328117;M001;9.00640245869;01;01;1;4;2;10;0;0;0
5;52;7212132;M001;7.8006072389571;01;01;1;2;2;17;0;0;0
5;52;2450576;M001;4.8538706742481;01;01;1;1;1;17;0;0;0
5;52;3410339;M001;7.0221407462589;01;01;1;1;1;13;0;0;0
5;52;3460818;M001;8.9729389676498;01;01;1;4;2;16;0;0;0
5;52;2213334;M001;9.7249453815462;01;01;1;3;1;15;0;0;0
5;52;3845509;M002;2.6358726592135;02;01;1;2;2;15;0;0;0
5;52;1015487;M001;10.8481108309072;01;01;1;4;1;15;0;0;0
5;52;5998592;M001;9.6539736712328;01;01;1;2;2;07;0;0;0
5;52;924876;M001;9.0118773616105;08;01;2;3;2;17;0;0;0
5;52;4746585;M001;2.8036747447338;08;01;2;3;1;10;0;0;0
5;52;7447294;M001;1.6196474690302;01;01;1;2;1;16;0;0;0
5;52;6576452;M001;1.6620067904085;01;01;1;3;2;15;0;0;0
5;52;2486739;M001;5.5385837429132;01;01;1;2;2;17;0;0;0
5;52;5232566;M001;4.8238210706092;01;01;1;2;2;13;0;0;0
5;52;4841887;M001;4.6131428295272;01;01;1;1;1;14;0;0;0
5;52;7728476;M001;2.7148517096565;01;01;1;1;1;12;0;0;0
5;52;847142;M001;14.4673337110272;01;01;1;2;1;17;0;0;0
5;52;4352591;M001;8.8267083526835;01;01;1;4;1;12;0;0;0
5;52;5406624;M001;11.8295354883298;01;01;1;3;2;05;0;0;0
5;52;2207664;M001;1.8761449295788;01;01;1;2;2;15;0;0;0
5;52;3401975;M002;1.4987925324923;01;01;1;3;1;13;0;0;0
5;52;4133868;M001;3.1540915695867;02;01;1;3;2;14;0;0;0
5;52;6040205;M001;6.7823430441053;01;01;1;2;1;17;0;0;0
5;52;1765009;M001;6.5795948646373;01;01;1;2;2;17;0;0;0
5;52;6108898;M001;1.7871122910713;01;01;1;3;2;16;0;0;0
5;52;1552450;M001;2.7046553903211;01;01;1;3;2;01;0;0;0
5;52;2439785;M001;4.3199959325677;01;01;1;4;2;17;0;0;0
5;52;3994548;M001;5.9774791664143;01;01;1;1;1;11;0;0;0
5;52;7647024;M001;1.9318606875623;01;01;1;3;1;05;0;0;0
5;52;3548448;M001;11.3791142288615;01;01;1;4;2;10;0;0;0
5;52;3448243;M001;9.7633055995245;01;01;1;1;2;11;0;0;0
5;52;7665615;M001;9.5735378104756;01;01;1;1;1;13;0;0;0
5;52;6701284;M001;8.8442752931122;01;01;1;2;2;16;0;0;0
5;52;4959149;M001;7.9211579921683;01;01;1;3;1;15;0;0;0
5;52;767771;M001;8.1182450405369;01;01;1;4;1;15;0;0;0
5;52;4496576;M001;11.080511410421;01;01;1;2;1;06;0;0;0
5;52;4906044;M001;1.1662702671964;01;01;1;3;1;15;0;0;0
5;52;4026015;M001;9.7091281230841;01;01;1;2;2;17;0;0;0
5;52;5676768;M001;9.4305223534768;01;01;1;4;2;11;0;0;0
5;52;6526269;M001;3.1141709511589;01;01;1;2;1;08;0;0;0
5;52;227256;M001;4.8478632747782;01;01;1;3;1;15;0;0;0
5;52;7491694;M002;5.1396057661783;01;01;1;3;2;12;0;0;0
5;52;4900337;M001;5.698908060697;01;01;1;3;1;11;0;0;0
5;52;2960258;M001;2.1095589321169;01;01;1;3;1;13;0;0;0
5;52;2490555;M001;2.2532607762705;01;01;1;4;2;09;0;0;1
5;52;1171606;M001;2.922626772807;08;01;2;2;1;16;0;0;0
5;52;3455617;M001;2.36978680537;01;01;1;3;1;14;0;0;0
5;52;7358134;M001;2.6191183703509;01;01;1;3;2;14;0;0;0
5;52;1635118;M001;1.5026681714343;01;01;1;1;1;17;0;0;0
5;52;7601185;M001;2.8872528630167;01;01;1;2;1;10;0;0;0
5;52;594297;M001;3.783272468794;01;01;1;2;2;17;0;0;0
5;52;6161014;M001;9.8538383013083;01;01;1;1;2;01;0;0;0
5;52;2212688;M001;9.7582420240602;01;01;1;3;1;07;0;0;0
5;52;5207509;M001;10.4482140969643;08;01;2;4;1;17;0;0;0
5;52;1712913;M001;2.2812543064156;01;01;1;1;1;17;0;0;0
5;52;6370761;M001;1.130711549669;01;01;1;4;1;17;0;0;0
5;52;3680867;M001;4.0381829284728;05;01;2;2;2;17;0;0;0
5;52;6404673;M001;4.4576010007201;08;01;2;2;1;17;0;0;0
5;52;5051009;M001;5.4471402407101;01;01;1;1;2;13;0;0;0
5;52;6255324;M001;5.0900322548201;01;01;1;4;1;17;0;0;0
5;52;5407901;M001;2.7639892695622;01;01;1;3;1;10;0;0;0
5;52;2387000;M001;3.2393384822925;08;01;2;3;1;15;0;0;0
5;52;7049894;M001;10.1316102386166;01;01;1;2;2;16;0;0;0
5;52;6015854;M001;9.1311459508356;08;01;2;2;1;17;0;0;0
5;52;1292792;M001;9.3289742138285;01;01;1;3;2;15;0;0;0
5;52;4103318;M001;5.1291896528432;01;01;1;2;2;16;0;0;0
5;52;3473968;M001;2.2476887230025;01;01;1;3;2;17;0;0;0
5;52;7029472;M001;3.300246050275;01;01;1;1;1;17;0;0;0
5;52;7618650;M001;10.5696833758647;01;01;1;4;1;04;0;0;0
5;52;4937255;M001;10.9130437753531;01;01;1;2;2;17;0;0;0
5;52;6730548;M001;1.8878866311938;01;01;1;1;2;04;0;0;0
5;52;3183753;M001;12.1519960933892;01;01;1;4;2;17;0;0;0
5;52;3289606;M001;11.4252078618122;01;01;1;1;1;17;0;0;0
5;52;5903773;M001;11.2059988237903;01;01;1;2;1;13;0;0;0
5;52;1153300;M001;12.9564082549141;01;01;1;3;1;17;0;0;0
5;52;6390576;M001;12.414181519206;01;01;1;2;1;10;0;0;0
5;52;4337404;M001;12.6932218383316;01;01;1;4;2;17;0;0;0
5;52;3897061;M001;10.0332756631212;01;01;1;3;1;11;0;0;0
5;52;522011;M001;6.9379299191409;01;01;1;1;1;01;0;0;0
5;52;7806664;M001;6.6957869311843;01;01;1;1;2;17;0;0;0
5;52;6032713;M001;13.8279076751793;01;01;1;2;2;01;0;0;0
5;52;5814166;M001;3.1801117625937;01;01;1;2;1;15;0;0;0
5;52;1801378;M001;4.499887483871;01;01;1;4;2;17;0;0;0
5;52;3172587;M001;7.2800853019;08;01;2;3;1;16;0;0;0
5;52;3808543;M001;1.9519412701529;01;01;1;2;2;16;0;0;0
5;52;6253219;M001;5.4232938974893;01;01;1;1;2;07;0;0;0
5;52;4487785;M001;3.8343898948686;01;01;1;4;1;12;0;0;0
5;52;4218784;M001;2.9180298890525;01;01;1;1;1;11;0;0;0
5;52;2386846;M001;4.49458715542;01;01;1;3;2;13;0;0;0
5;52;3852507;M001;3.1907781273049;08;01;2;1;1;09;0;0;0
5;52;2513552;M001;2.0893021981115;08;01;2;1;1;15;0;0;0
5;52;6111257;M002;4.4311811317076;01;01;1;4;2;17;0;0;0
5;52;2975595;M001;2.1495913424153;01;01;1;1;2;17;0;0;0
5;52;2764852;M001;2.0752286974557;01;01;1;2;2;15;0;0;0
5;52;945567;M001;4.0316966012617;01;01;1;3;2;13;0;0;0
5;52;1463891;M001;5.1015881326677;05;01;2;2;1;14;0;0;0
5;52;905828;M001;4.830219274134;08;01;2;1;2;10;0;0;0
5;52;2075314;M001;6.7110356913972;08;01;2;4;1;13;0;0;0
5;52;6876252;M001;16.7280171511338;01;01;1;4;2;15;0;0;0
5;52;2529433;M001;11.1944828777511;01;01;1;4;1;16;0;0;0
5;52;6738545;M001;4.7862335548824;08;01;2;2;2;17;0;0;0
5;52;890386;M002;4.0318608995608;01;01;1;3;2;11;0;0;0
5;52;1497166;M001;5.3091958526087;01;01;1;3;2;14;0;0;0
5;52;6386692;M001;5.2088626085115;01;01;1;2;2;11;0;0;0
5;52;2814649;M001;4.6600183947753;01;01;1;3;1;17;0;0;0
5;52;7357887;M001;2.2516952274406;01;01;1;3;1;17;0;0;0
5;52;973777;M001;3.8306085901918;08;01;2;3;2;11;0;0;0
5;52;7429024;M001;3.1139025033262;01;01;1;1;1;13;0;0;0
5;52;2237272;M001;5.1190089391554;01;01;1;3;2;15;0;0;0
5;52;3009392;M001;5.7898216456984;08;01;2;1;1;11;0;0;0
5;52;3801800;M001;9.5166629781623;01;01;1;2;1;14;0;0;0
5;52;7194857;M001;8.1976949924477;01;01;1;2;2;09;0;0;0
5;52;198556;M001;8.9100114094312;01;01;1;1;2;17;0;0;0
5;52;1572134;M001;9.7135754390434;08;01;2;2;2;11;0;0;0
5;52;768747;M001;12.6441522384678;01;01;1;3;2;17;0;0;0
5;52;1292047;M001;11.5742005175698;01;01;1;1;2;13;0;0;0
5;52;4418464;M001;14.9190884428844;01;01;1;3;1;06;0;0;0
5;52;4487615;M001;7.0060990795126;01;01;1;3;1;14;0;0;0
5;52;2333666;M002;16.8794062007074;01;01;1;3;2;01;0;0;0
5;52;4279797;M001;11.8766686021957;01;01;1;2;1;99;0;0;1
5;52;930990;M001;5.7385443069401;08;01;2;2;1;17;0;0;0
5;52;7419679;M001;15.9389785124796;01;01;1;2;2;12;0;0;0
5;52;30016;M001;6.9224075309918;01;01;1;1;1;09;0;0;0
5;52;5960432;M001;6.1331005872273;01;01;1;1;1;17;0;0;0
5;52;6576080;M001;3.2314644078836;01;01;1;3;2;17;0;0;0
5;52;2716722;M002;3.3934633682487;01;01;1;3;2;17;0;0;0
5;52;7447274;M001;3.3162601998313;02;01;1;3;2;12;0;0;0
5;52;2911025;M001;3.1027803362741;08;01;2;1;2;04;0;0;0
5;52;2211816;M001;2.8085078342793;01;01;1;3;2;09;0;0;0
5;52;186769;M001;3.2011667584987;01;01;1;3;2;17;0;0;0
5;52;1302640;M001;5.7406225742243;01;01;1;3;1;09;0;0;0
5;52;3252125;M001;2.8312128263377;07;01;2;4;2;16;0;0;0
5;52;6404637;M001;10.6503037209268;01;01;1;2;1;13;0;0;0
5;52;2067581;M001;3.0168534947425;01;01;1;4;2;17;0;0;0
5;52;7211205;M001;8.1098037619626;08;01;2;2;1;17;0;0;0
5;52;6532161;M001;1.2615792171529;01;01;1;3;1;17;0;0;0
5;52;4638008;M001;2.6612897197246;01;01;1;3;2;12;0;0;0
5;52;5829785;M001;5.6560766984566;01;01;1;2;1;16;0;0;0
5;52;1929262;M001;5.6860517791464;02;01;1;3;1;08;0;0;0
5;52;2237926;M001;5.7830328861992;01;01;1;3;1;01;0;0;0
5;52;3038694;M001;2.272322364097;01;01;1;4;2;15;0;0;0
5;52;5377948;M001;5.1229946920097;01;01;1;2;2;12;0;0;0
5;52;6871735;M001;4.6272875388387;01;01;1;3;2;10;0;0;0
5;52;7050457;M001;4.4707955500512;01;01;1;3;1;17;0;0;0
5;52;325990;M001;3.004340852763;01;01;1;1;2;16;0;0;0
5;52;3236430;M001;8.13405342702;01;01;1;2;1;16;0;0;0
5;52;3706936;M001;12.2026156799821;01;01;1;3;2;12;0;0;0
5;52;6194601;M001;5.381034942563;01;01;1;2;2;06;0;0;0
5;52;2438103;M001;9.3760583176909;01;01;1;2;1;10;0;0;0
5;52;416847;M001;9.8568537300437;01;01;1;3;2;17;0;0;0
5;52;6318212;M001;5.3131724865839;01;01;1;3;1;17;0;0;0
5;52;4024385;M001;10.3896625185374;01;01;1;1;2;17;0;0;0
5;52;5699074;M001;9.4027061914555;01;01;1;3;1;13;0;0;0
5;52;6379559;M001;6.2420153774383;01;01;1;3;2;09;0;0;0
5;52;64479;M001;7.7860330041448;01;01;1;4;1;05;0;0;0
5;52;464662;M001;17.657361464569;01;01;1;3;1;13;0;0;0
5;52;7429755;M001;11.6792129083195;01;01;1;3;2;16;0;0;0
5;52;215050;M001;12.4236328901351;01;01;1;2;1;11;0;0;0
5;52;3592497;M001;13.4217044429896;01;01;1;4;1;15;0;0;0
5;52;1678542;M001;10.7036121406109;01;01;1;1;1;17;0;0;0
5;52;3164080;M001;9.4027061914555;01;01;1;4;1;08;0;0;0
5;52;7352571;M001;8.3613447126739;01;01;1;3;2;10;0;0;0
5;52;1467109;M001;2.1921413112826;01;01;1;1;1;12;0;0;0
5;52;2204414;M001;13.6034106761898;01;01;1;3;1;08;0;0;0
5;52;749157;M001;13.9331063223697;01;01;1;4;2;15;0;0;0
5;52;7639929;M002;2.4378864805228;01;01;1;4;1;10;0;0;0
5;52;2702878;M001;3.167091281644;01;01;1;3;1;09;0;0;0
5;52;3780644;M001;7.6006846262836;01;01;1;4;2;09;0;0;0
5;52;2106726;M001;11.630232213873;01;01;1;4;2;14;0;0;0
5;52;793370;M001;10.854450637317;01;01;1;1;1;13;0;0;0
5;52;4337045;M001;6.2188854806368;01;01;1;3;2;16;0;0;0
5;52;4365570;M001;9.9544397838613;01;01;1;3;2;13;0;0;0
5;52;6469313;M001;16.5412522774472;01;01;1;3;2;02;0;0;0
5;52;1469547;M002;20.5935711995125;01;01;1;2;2;17;0;0;0
5;52;6810610;M001;23.8202831229362;01;01;1;4;1;16;0;0;0
5;52;2606239;M001;19.7305848485961;01;01;1;3;2;14;0;0;0
5;52;2989642;M001;13.6816837975558;01;01;1;2;2;17;0;0;0
5;52;4860647;M001;26.2926628642003;01;01;1;2;1;17;0;0;0
5;52;3987597;M001;14.9333766184638;01;01;1;3;2;17;0;0;0
5;52;3656277;M001;22.7318846407564;01;01;1;3;1;15;0;0;0
5;52;1888312;M001;20.1852733584265;01;01;1;2;1;17;0;0;0
5;52;4402972;M001;19.5407416878333;01;01;1;1;2;17;0;0;0
5;52;5007246;M001;21.3791122282068;01;01;1;1;1;01;0;0;0
5;52;6442863;M001;20.5027015296657;01;01;1;3;1;17;0;0;0
5;52;4345467;M001;6.8531454108822;01;01;1;2;1;13;0;0;0
5;52;6137538;M001;6.9061439342569;01;01;1;4;1;11;0;0;0
5;52;4226416;M001;12.3835174088344;01;01;1;2;1;07;0;0;0
5;52;3356973;M001;5.8846896386616;01;01;1;1;2;15;0;0;0
5;52;779189;M001;9.1178623559209;02;01;1;2;2;17;0;0;0
5;52;2052304;M001;2.027227691652;01;01;1;3;1;15;0;0;0
5;52;4516839;M001;4.5871938750968;01;01;1;1;2;14;0;0;0
5;52;4467124;M002;2.3501067377745;01;01;1;1;2;01;0;0;0
5;52;6266455;M002;6.6282344405132;08;01;2;4;1;09;0;0;0
5;52;5427251;M001;5.3249305348204;08;01;2;3;1;14;0;0;0
5;52;2533547;M002;2.0029069556674;01;01;1;3;1;01;0;0;0
5;52;5178847;M001;4.4045033934149;01;01;1;4;1;12;0;0;0
5;52;1354217;M001;4.6233623343046;01;01;1;3;1;15;0;0;0
5;52;506380;M001;4.2216553488135;01;01;1;3;1;11;0;0;0
5;52;5056563;M001;11.355024204114;01;01;1;1;1;14;0;0;0
5;52;6549532;M001;9.4190323078616;01;01;1;1;2;17;0;0;0
5;52;1577073;M002;2.1508902963961;01;01;1;4;1;14;0;0;0
5;52;2546716;M001;6.3032546330965;08;01;2;2;2;15;0;0;0
5;52;7322153;M001;5.9200815892543;08;01;2;3;2;09;0;0;0
5;52;1536762;M001;2.8600873893723;01;01;1;3;1;14;0;0;0
5;52;680510;M001;3.1993682148867;08;01;2;4;1;16;0;0;0
5;52;4300934;M001;2.0342108930346;01;01;1;4;1;13;0;0;0
5;52;6627642;M001;3.5042727010694;08;01;2;4;1;08;0;0;0
5;52;5255884;M001;3.808614357568;03;01;1;1;1;17;0;0;0
5;52;6770756;M001;13.3794604147437;01;01;1;4;1;16;0;0;0
5;52;4317254;M001;9.6157199812222;08;01;2;3;2;17;0;0;0
5;52;1714265;M001;10.2984124198504;01;01;1;1;1;10;0;0;0
5;52;2233629;M001;9.3061367504394;01;01;1;3;1;17;0;0;0
5;52;7205470;M001;3.1770815661197;01;01;1;2;1;15;0;0;0
5;52;3391209;M001;3.3579413312416;01;01;1;4;2;15;0;0;0
5;52;5019350;M001;2.2384305902157;01;01;1;3;1;10;0;0;0
5;52;591283;M001;11.917979253384;01;01;1;3;1;17;0;0;0
5;52;5396602;M001;12.5201432212244;01;01;1;1;1;11;0;0;0
5;52;7524816;M001;7.9839554253729;01;01;1;2;1;02;0;0;0
5;52;2318430;M001;5.5111156059478;01;01;1;3;1;14;0;0;0
5;52;1311167;M001;3.384352159675;01;01;1;1;2;14;0;0;0
5;52;4953366;M001;11.2032377511436;01;01;1;4;2;14;0;0;0
5;52;1234076;M001;10.5485360364076;01;01;1;2;2;11;0;0;0
5;52;4477283;M001;11.8968783045702;01;01;1;3;2;13;0;0;0
5;52;2038902;M001;10.8059606682038;01;01;1;2;1;17;0;0;0
5;52;5553564;M001;19.3239523095005;01;01;1;2;1;13;0;0;0
5;52;6352485;M001;20.3953310346073;01;01;1;2;1;16;0;0;0
5;52;1738377;M001;13.6704459041016;01;01;1;4;1;13;0;0;0
5;52;71168;M001;23.7724068170876;01;01;1;3;1;16;0;0;0
5;52;1139494;M001;25.0784580092666;01;01;1;1;1;16;0;0;0
5;52;7495204;M001;29.1813665213305;01;01;1;4;2;13;0;0;0
5;52;7674408;M001;21.2531551430988;01;01;1;1;1;06;0;0;0
5;52;115524;M001;19.8187979277122;01;01;1;1;2;17;0;0;0
5;52;1103710;M001;21.957385897028;01;01;1;4;2;12;0;0;0
5;52;3598066;M001;19.7923719897237;01;01;1;3;1;12;0;0;0
5;52;2867110;M001;17.0292430052153;01;01;1;1;2;11;0;0;0
5;52;5093924;M001;17.2822338035512;01;01;1;3;2;14;0;0;0
5;52;3446440;M001;20.6414539327009;01;01;1;2;2;13;0;0;0
5;52;6972101;M001;15.8008917151341;01;01;1;3;2;14;0;0;0
5;52;5998970;M001;16.367570730232;01;01;1;1;2;17;0;0;0
5;52;6220729;M001;20.7286980271597;01;01;1;2;1;15;0;0;0
5;52;4708287;M001;2.2159761982386;01;01;1;1;1;06;0;0;0
5;52;5685087;M001;8.7079198203216;01;01;1;3;2;17;0;0;0
5;52;1672988;M001;7.1844809011702;01;01;1;3;1;06;0;0;0
5;52;7202312;M002;1.9110754657574;01;01;1;3;1;14;0;0;0
5;52;7367591;M001;1.6491076258989;01;01;1;3;2;17;0;0;0
5;52;2132190;M001;3.2323323682945;08;01;2;3;1;04;0;0;0
5;52;6217486;M001;3.0586058798898;01;01;1;2;2;15;0;0;0
5;52;5614282;M001;4.1168905501554;01;01;1;3;2;11;0;0;0
5;52;7524030;M001;6.5314247826582;01;01;1;2;1;17;0;0;0
5;52;7473744;M001;7.0289278456488;01;01;1;3;1;09;0;0;0
5;52;292389;M001;4.3229066440451;02;01;1;1;1;12;0;0;0
5;52;5840938;M001;3.5257404125256;01;01;1;3;2;13;0;0;0
5;52;1064869;M001;2.1675195697986;01;01;1;2;1;17;0;0;0
5;52;7391805;M001;4.6086359043769;01;01;1;2;1;08;0;0;0
5;52;4714239;M001;4.5859385587252;01;01;1;3;1;15;0;0;0
5;52;3899513;M001;2.2371804750189;01;01;1;1;2;05;0;0;0
5;52;3424201;M001;10.4535636470853;01;01;1;4;2;17;0;0;0
5;52;7336905;M001;10.5005047790032;01;01;1;1;1;14;0;0;0
5;52;7006423;M001;9.1954799617068;01;01;1;2;1;12;0;0;0
5;52;4136741;M001;7.6128869462625;01;01;1;1;1;05;0;0;0
5;52;2136961;M001;11.1560685983214;01;01;1;2;1;06;0;0;0
5;52;3165225;M001;10.4217487696757;01;01;1;4;2;15;0;0;0
5;52;4055851;M001;9.350406268138;01;01;1;2;2;15;0;0;0
5;52;2968365;M001;8.2988531031877;01;01;1;1;1;11;0;0;0
5;52;6628542;M001;11.4770153137568;01;01;1;3;1;08;0;0;0
5;52;6489353;M001;12.1266600440301;01;01;1;2;1;03;0;0;0
5;52;6633326;M001;8.4111979684837;01;01;1;3;1;01;0;0;0
5;52;2221894;M001;2.255254658173;01;01;1;3;2;17;0;0;0
5;52;2368160;M001;3.3400331161684;01;01;1;4;1;16;0;0;0
5;52;7198093;M001;3.8729571775913;01;01;1;2;2;17;0;0;0
5;52;1606957;M001;2.938870981328;01;01;1;3;1;11;0;0;0
5;52;6510814;M001;3.9090311159202;08;01;2;2;2;16;0;0;0
5;52;7510149;M001;3.4903363118425;08;01;2;3;1;08;0;0;0
5;52;5040676;M001;6.8484353088166;08;01;2;4;2;17;0;0;0
5;52;3157327;M001;18.9385230424382;01;01;1;3;1;05;0;0;0
5;52;5457015;M001;12.1407754529343;01;01;1;4;1;13;0;0;0
5;52;2508003;M001;20.4988221011391;01;01;1;2;2;17;0;0;0
5;52;3266504;M001;20.1849830332752;01;01;1;4;1;15;0;0;0
5;52;6075785;M001;20.1849830332752;01;01;1;2;1;17;0;0;0
5;52;3507306;M001;22.6060772965538;01;01;1;4;2;05;0;0;0
5;52;668262;M001;24.5982524203238;01;01;1;2;1;17;0;0;0
5;52;7588079;M001;37.3072864935498;01;01;1;3;1;06;0;0;0
5;52;405881;M001;22.999567086819;01;01;1;1;1;16;0;0;0
5;52;4226201;M001;25.4416988511495;01;01;1;4;2;16;0;0;0
5;52;6569745;M001;20.516899350988;01;01;1;2;2;17;0;0;0
5;52;6724003;M001;25.8553214986258;01;01;1;2;1;07;0;0;0
5;52;4525292;M001;16.3913153473602;01;01;1;2;2;15;0;0;0
5;52;3535283;M001;9.3648302197647;01;01;1;4;1;17;0;0;0
5;52;2389002;M001;32.809677169086;01;01;1;4;1;13;0;0;0
5;52;1346787;M001;29.0784323980177;01;01;1;4;1;16;0;0;0
5;52;7018787;M001;14.9624589657631;01;01;1;1;1;14;0;0;0
5;52;6854548;M001;10.4535636470853;01;01;1;1;1;16;0;0;0
5;52;1178947;M001;11.7995729169058;08;01;2;3;2;04;0;0;0
5;52;5581514;M003;2.824929986858;01;01;1;1;2;16;0;0;0
5;52;6765990;M001;5.4508138458619;01;01;1;4;2;14;0;0;0
5;52;402024;M001;5.5209750382989;01;01;1;3;2;14;0;0;0
5;52;2046439;M001;13.9160601388397;01;01;1;1;2;13;0;0;0
5;52;4929437;M001;10.1526614076046;01;01;1;3;1;17;0;0;0
5;52;1645012;M001;12.1267732271559;01;01;1;3;2;05;0;0;0
5;52;2761279;M001;7.0578326857413;01;01;1;4;1;13;0;0;0
5;52;4020624;M001;9.9518949258478;08;01;2;2;1;12;0;0;0
5;52;5944974;M001;3.3668100039918;01;01;1;2;2;17;0;0;0
5;52;4635458;M002;10.2022564203234;01;01;1;2;2;17;0;0;0
5;52;4053038;M001;10.8335552187966;01;01;1;3;2;09;0;0;0
5;52;3812928;M001;10.8335552187966;01;01;1;3;2;17;0;0;0
5;52;4048601;M001;12.4196176831201;01;01;1;3;2;14;0;0;0
5;52;5141720;M001;15.67353438148;01;01;1;1;1;15;0;0;0
5;52;2398021;M001;3.7128065932975;08;01;2;3;2;17;0;0;0
5;52;3358128;M001;3.7886065151392;08;01;2;3;1;13;0;0;0
5;52;1769899;M001;3.0368610264465;01;01;1;3;1;14;0;0;0
5;52;4359802;M001;6.0742026416328;01;01;1;1;1;14;0;0;0
5;52;5164033;M001;13.6601266948337;01;01;1;3;2;01;0;0;0
5;52;6410484;M001;9.562756893466;01;01;1;3;1;10;0;0;0
5;52;4508165;M001;6.5578174510576;01;01;1;1;2;16;0;0;0
5;52;1767098;M001;6.9544104228206;01;01;1;4;1;11;0;0;0
5;52;6933895;M001;10.7624958907103;01;01;1;3;1;17;0;0;1
5;52;7555195;M001;15.3480023155617;01;01;1;2;2;15;0;0;0
5;52;156090;M001;14.5423486589687;01;01;1;3;2;09;0;0;0
5;52;3560937;M001;7.0544599965535;01;01;1;3;2;15;0;0;0
5;52;7646037;M001;13.5834745867676;01;01;1;3;1;12;0;0;0
5;52;365569;M001;9.1626489825645;01;01;1;2;2;09;0;0;0
5;52;6264383;M001;8.7938750497578;01;01;1;3;1;16;0;0;0
5;52;5180004;M001;10.7007673014728;01;01;1;3;1;13;0;0;0
5;52;7481113;M001;14.2284231808265;01;01;1;2;1;15;0;0;0
5;52;3181850;M001;17.1474563413347;01;01;1;3;2;17;0;0;0
5;52;2972276;M001;21.3389003281242;01;01;1;1;2;17;0;0;0
5;52;5055171;M001;22.6681417154617;01;01;1;2;2;11;0;0;0
5;52;7671916;M001;24.4045757925924;01;01;1;3;1;14;0;0;0
5;52;7580192;M001;19.1039765807837;01;01;1;2;1;13;0;0;0
5;52;5690740;M001;24.7399900303574;01;01;1;2;2;14;0;0;0
5;52;912140;M001;22.6705198085064;01;01;1;4;1;17;0;0;0
5;52;6863452;M001;14.4988283778685;01;01;1;2;1;17;0;0;0
5;52;5194721;M001;21.0344103774111;01;01;1;2;2;13;0;0;0
5;52;5902427;M001;25.6353602942505;01;01;1;2;1;17;0;0;0
5;52;821658;M001;22.5394492002835;01;01;1;1;2;10;0;0;0
5;52;3912017;M001;18.0959802292959;01;01;1;4;2;12;0;0;0
5;52;6378146;M001;21.2374988509106;01;01;1;1;2;17;0;0;0
5;52;6977617;M001;7.174655376581;01;01;1;2;1;15;0;0;0
5;52;3842168;M001;18.7981362548387;01;01;1;2;1;16;0;0;0
5;52;3287950;M001;11.001573517629;01;01;1;1;2;05;0;0;0
5;52;6111056;M001;1.1444903151961;01;01;1;4;2;14;0;0;0
5;52;4620501;M001;2.2176090308355;01;01;1;3;1;15;0;0;0
5;52;6104198;M001;1.9085341882116;01;01;1;2;1;10;0;0;0
5;52;2337325;M001;7.4841240006405;01;01;1;1;2;07;0;0;0
5;52;4565003;M001;12.390473473226;08;01;2;3;2;16;0;0;0
5;52;3737520;M001;4.5923856624991;01;01;1;2;1;15;0;0;0
5;52;3982927;M001;4.1016300907316;01;01;1;3;2;17;0;0;0
5;52;3926887;M001;5.5562095832483;08;01;2;3;1;16;0;0;0
5;52;5500037;M001;5.6048035632633;01;01;1;1;1;17;0;0;0
5;52;944803;M001;9.4903131439655;01;01;1;2;2;17;0;0;0
5;52;7070256;M001;9.5391094525708;01;01;1;2;2;11;0;0;0
5;52;3795228;M001;8.5460228376406;01;01;1;1;2;10;0;0;0
5;52;1724801;M001;3.5072649869128;01;01;1;3;2;14;0;0;0
5;52;1365708;M001;2.4297585949299;01;01;1;2;2;17;0;0;0
5;52;2535597;M001;13.7902836397564;01;01;1;3;1;16;0;0;0
5;52;7543128;M001;12.2419560836387;05;01;2;1;1;14;0;0;0
5;52;4093578;M002;8.7451538778831;01;01;1;4;2;17;0;0;0
5;52;3961520;M001;10.9977382187214;01;01;1;3;2;11;0;0;0
5;52;1632671;M001;10.4834163338516;01;01;1;2;2;12;0;0;0
5;52;5893026;M001;3.0867240699478;01;01;1;3;1;14;0;0;0
5;52;2243911;M001;4.8864087115823;01;01;1;3;2;08;0;0;0
5;52;5367117;M001;13.2483201955864;01;01;1;3;2;15;0;0;0
5;52;2591795;M001;14.0274193166012;01;01;1;4;2;17;0;0;0
5;52;4248607;M001;10.2973341567629;01;01;1;4;1;17;0;0;0
5;52;7504307;M002;9.3917866366066;01;01;1;2;1;17;0;0;0
5;52;4908550;M001;10.4236190857587;01;01;1;2;2;14;0;0;0
5;52;2432823;M002;8.0730631672902;01;01;1;3;1;15;0;0;0
5;52;5877414;M001;10.1110234934448;01;01;1;3;1;12;0;0;0
5;52;962945;M001;10.7243987048103;01;01;1;4;2;14;0;0;0
5;52;6485906;M001;10.5041682207408;01;01;1;1;1;10;0;0;0
5;52;5181912;M001;3.8166291786558;01;01;1;1;2;11;0;0;0
5;52;4478570;M001;11.8059054439006;01;01;1;3;1;09;0;0;0
5;52;2612866;M001;10.3830957054472;01;01;1;4;2;14;0;0;0
5;52;5617809;M001;14.3548050912622;01;01;1;3;2;10;0;0;0
5;52;5637305;M001;7.0782930689175;01;01;1;3;2;10;0;0;0
5;52;5044172;M001;9.6764561561314;01;01;1;2;1;12;0;0;0
5;52;4911181;M001;8.9224073980185;08;01;2;4;1;17;0;0;0
5;52;3522950;M001;11.137773875521;01;01;1;3;1;17;0;0;0
5;52;4029952;M001;11.0238718964115;01;01;1;1;2;17;0;0;0
5;52;2866833;M001;14.7861785271356;01;01;1;3;2;10;0;0;0
5;52;7636718;M001;1.6051800066537;01;01;1;4;2;14;0;0;0
5;52;468449;M001;2.7345870375282;01;01;1;2;2;15;0;0;0
5;52;5140222;M001;2.4212764123581;01;01;1;1;2;10;0;0;0
5;52;3995013;M001;4.8046523341039;01;01;1;3;1;11;0;0;0
5;52;72094;M001;4.5200792899451;08;01;2;3;2;09;0;0;0
5;52;3995243;M001;5.5256396686516;08;01;2;3;1;15;0;0;0
5;52;676260;M001;1.8198403052979;01;01;1;1;1;08;0;0;0
5;52;2008777;M001;2.339067987019;01;01;1;3;1;11;0;0;0
5;52;1773064;M001;1.1023712680575;01;01;1;2;2;14;0;0;0
5;52;4782128;M001;2.6022166218621;01;01;1;4;1;17;0;0;0
5;52;1695070;M001;13.6917295551098;01;01;1;1;2;16;0;0;0
5;52;1528817;M001;2.9317324186074;01;01;1;4;2;10;0;0;0
5;52;1232937;M001;9.0427143519428;01;01;1;1;2;13;0;0;0
5;52;5862020;M001;5.2013059790126;01;01;1;2;2;06;0;0;0
5;52;5483000;M001;8.7456943587486;01;01;1;3;2;16;0;0;0
5;52;7077567;M001;6.2935034418143;01;01;1;3;1;12;0;0;0
5;52;4537203;M001;7.2330637733893;01;01;1;2;1;17;0;0;0
5;52;261100;M001;9.8820962604806;01;01;1;3;1;11;0;0;0
5;52;3887212;M001;7.3816791040557;01;01;1;2;1;17;0;0;0
5;52;1530893;M001;4.2617085988905;01;01;1;1;1;11;0;0;0
5;52;3935442;M001;2.9790978388485;01;01;1;1;2;17;0;0;0
5;52;6119884;M001;3.2078049068206;01;01;1;2;1;04;0;0;0
5;52;7567765;M001;2.7605040545475;01;01;1;1;1;17;0;0;0
5;52;6986853;M001;2.6472245580977;01;01;1;3;1;09;0;0;0
5;52;4289926;M001;12.0630209172217;01;01;1;3;1;17;0;0;0
5;52;5772681;M001;8.8286711898498;01;01;1;4;1;16;0;0;0
5;52;6355658;M001;10.8694342203408;01;01;1;3;2;16;0;0;0
5;52;1677119;M001;8.10537737925;01;01;1;2;1;04;0;0;0
5;52;3926876;M001;10.1207170797694;01;01;1;1;1;14;0;0;0
5;52;1114502;M001;3.3490979805089;01;01;1;2;1;16;0;0;0
5;52;2407507;M001;10.0921054797051;01;01;1;3;1;13;0;0;0
5;52;2374826;M001;2.8633256470447;01;01;1;3;1;17;0;0;0
5;52;2758684;M001;3.6344620483174;01;01;1;2;2;13;0;0;0
5;52;451777;M001;8.2128509611126;01;01;1;2;1;16;0;0;0
5;52;3646309;M001;7.4818358850683;01;01;1;1;1;13;0;0;0
5;52;1749294;M001;7.3252671798311;08;01;2;2;1;17;0;0;0
5;52;5651595;M001;16.219996029621;01;01;1;1;1;12;0;0;0
5;52;7314292;M001;24.5633384269161;01;01;1;3;1;04;0;0;0
5;52;1553942;M001;18.8932595377116;01;01;1;2;1;16;0;0;0
5;52;5437439;M001;17.0801903816143;01;01;1;2;2;17;0;0;0
5;52;3368500;M001;13.5499967760958;01;05;1;2;1;15;0;0;0
5;52;4643674;M001;21.1048877607049;01;01;1;2;2;13;0;0;0
5;52;5504707;M001;21.1099558376919;01;01;1;3;1;16;0;0;0
5;52;250626;M001;12.5342806278244;01;01;1;4;1;05;0;0;0
5;52;2257069;M001;5.2921445203284;01;01;1;1;1;09;0;0;0
5;52;5663230;M001;10.4616089806252;01;01;1;3;1;10;0;0;0
5;52;4957138;M001;9.9562285037175;01;01;1;3;2;11;0;0;0
5;52;7051735;M001;10.6252710028332;01;01;1;1;1;04;0;0;0
5;52;4366248;M001;4.3334902449561;01;01;1;4;2;15;0;0;0
5;52;7329595;M001;7.2678876842505;05;01;2;3;1;14;0;0;0
5;52;5548630;M001;1.7931942893083;01;01;1;2;1;13;0;0;0
5;52;737028;M001;3.4374901670073;01;01;1;3;2;10;0;0;0
5;52;2022461;M001;2.9875398602906;01;01;1;4;2;05;0;0;0
5;52;192380;M001;5.8204082976059;01;01;1;1;2;09;0;0;0
5;52;1614888;M001;9.4471887547269;01;01;1;3;2;16;0;0;0
5;52;4330687;M001;10.8800868546128;01;01;1;1;1;15;0;0;0
5;52;6518398;M001;11.4648674745912;08;01;2;4;2;14;0;0;0
5;52;6786227;M001;9.5062309281059;01;01;1;3;1;16;0;0;0
5;52;6365728;M002;13.0201871867293;01;01;1;3;2;17;0;0;0
5;52;3081383;M001;7.4529267579907;01;01;1;2;1;13;0;0;0
5;52;5562705;M001;14.1833095326765;01;01;1;3;1;16;0;0;0
5;52;510541;M001;6.9822338397183;01;01;1;3;2;17;0;0;0
5;52;2718401;M001;9.6558544626884;01;01;1;3;2;07;0;0;0
5;52;7131856;M001;6.1432600546156;01;01;1;2;1;13;0;0;0
5;52;72772;M001;6.6255422656466;01;01;1;2;1;01;0;0;0
5;52;2008384;M001;1.5497548410744;01;01;1;3;2;13;0;0;0
5;52;1301650;M001;10.4681224494483;01;01;1;3;1;08;0;0;0
5;52;728761;M001;11.8712845568608;01;01;1;3;1;09;0;0;0
5;52;1396946;M001;12.6428853559033;01;01;1;2;1;11;0;0;0
5;52;1327970;M001;9.4091185752842;01;01;1;3;2;05;0;0;0
5;52;3235862;M001;8.1861494650901;01;01;1;3;2;13;0;0;0
5;52;5085048;M001;7.9306778877019;01;01;1;4;2;15;0;0;0
5;52;4886032;M001;11.1924119900417;01;01;1;4;1;17;0;0;0
5;52;3390421;M001;2.7428572584437;01;01;1;2;1;15;0;0;0
5;52;1299333;M001;3.6395185938562;01;01;1;1;1;16;0;0;0
5;52;3580875;M001;3.8749541459527;01;01;1;3;1;11;0;0;0
5;52;3184390;M001;8.841896680135;01;01;1;2;1;05;0;0;0
5;52;5825208;M001;22.2837393085071;01;01;1;4;1;16;0;0;0
5;52;2820340;M001;21.8884983968373;01;01;1;2;2;17;0;0;0
5;52;2319058;M001;16.5773651422028;01;01;1;4;1;10;0;0;0
5;52;5492200;M001;33.5036094713581;01;01;1;3;1;17;0;0;0
5;52;1503103;M001;21.2279561271391;01;01;1;3;2;17;0;0;0
5;52;2319131;M002;28.5596899593112;01;01;1;3;2;17;0;0;0
5;52;7115402;M001;15.8634770473655;01;01;1;1;2;13;0;0;0
5;52;393554;M001;19.9663306784158;01;01;1;2;2;13;0;0;0
5;52;6125237;M001;2.2446403606559;01;01;1;3;1;17;0;0;0
5;52;1040571;M001;2.4089860126264;01;01;1;4;2;17;0;0;0
5;52;2847679;M001;3.027422263099;01;01;1;2;1;03;0;0;0
5;52;2229978;M001;2.5895847190066;01;01;1;2;2;15;0;0;0
5;52;1223619;M001;11.7551131934886;01;01;1;1;2;17;0;0;0
5;52;7116649;M001;10.1121254897209;01;01;1;3;1;15;0;0;0
5;52;1111276;M001;6.5315808781019;01;01;1;2;2;16;0;0;0
